ref_name	ref_position	sprinzl_label
Saccharomyces_cerevisiae_tRNA-Ala-AGC-1-1	1	1
Saccharomyces_cerevisiae_tRNA-Ala-AGC-1-1	2	2
Saccharomyces_cerevisiae_tRNA-Ala-AGC-1-1	3	3
Saccharomyces_cerevisiae_tRNA-Ala-AGC-1-1	4	4
Saccharomyces_cerevisiae_tRNA-Ala-AGC-1-1	5	5
Saccharomyces_cerevisiae_tRNA-Ala-AGC-1-1	6	6
Saccharomyces_cerevisiae_tRNA-Ala-AGC-1-1	7	7
Saccharomyces_cerevisiae_tRNA-Ala-AGC-1-1	8	8
Saccharomyces_cerevisiae_tRNA-Ala-AGC-1-1	9	9
Saccharomyces_cerevisiae_tRNA-Ala-AGC-1-1	10	10
Saccharomyces_cerevisiae_tRNA-Ala-AGC-1-1	11	11
Saccharomyces_cerevisiae_tRNA-Ala-AGC-1-1	12	12
Saccharomyces_cerevisiae_tRNA-Ala-AGC-1-1	13	13
Saccharomyces_cerevisiae_tRNA-Ala-AGC-1-1	14	14
Saccharomyces_cerevisiae_tRNA-Ala-AGC-1-1	15	15
Saccharomyces_cerevisiae_tRNA-Ala-AGC-1-1	16	16
Saccharomyces_cerevisiae_tRNA-Ala-AGC-1-1	17	17
Saccharomyces_cerevisiae_tRNA-Ala-AGC-1-1	18	18
Saccharomyces_cerevisiae_tRNA-Ala-AGC-1-1	19	19
Saccharomyces_cerevisiae_tRNA-Ala-AGC-1-1	20	20
Saccharomyces_cerevisiae_tRNA-Ala-AGC-1-1	21	21
Saccharomyces_cerevisiae_tRNA-Ala-AGC-1-1	22	22
Saccharomyces_cerevisiae_tRNA-Ala-AGC-1-1	23	23
Saccharomyces_cerevisiae_tRNA-Ala-AGC-1-1	24	24
Saccharomyces_cerevisiae_tRNA-Ala-AGC-1-1	25	25
Saccharomyces_cerevisiae_tRNA-Ala-AGC-1-1	26	26
Saccharomyces_cerevisiae_tRNA-Ala-AGC-1-1	27	27
Saccharomyces_cerevisiae_tRNA-Ala-AGC-1-1	28	28
Saccharomyces_cerevisiae_tRNA-Ala-AGC-1-1	29	29
Saccharomyces_cerevisiae_tRNA-Ala-AGC-1-1	30	30
Saccharomyces_cerevisiae_tRNA-Ala-AGC-1-1	31	31
Saccharomyces_cerevisiae_tRNA-Ala-AGC-1-1	32	32
Saccharomyces_cerevisiae_tRNA-Ala-AGC-1-1	33	33
Saccharomyces_cerevisiae_tRNA-Ala-AGC-1-1	34	34
Saccharomyces_cerevisiae_tRNA-Ala-AGC-1-1	35	35
Saccharomyces_cerevisiae_tRNA-Ala-AGC-1-1	36	36
Saccharomyces_cerevisiae_tRNA-Ala-AGC-1-1	37	37
Saccharomyces_cerevisiae_tRNA-Ala-AGC-1-1	38	38
Saccharomyces_cerevisiae_tRNA-Ala-AGC-1-1	39	39
Saccharomyces_cerevisiae_tRNA-Ala-AGC-1-1	40	40
Saccharomyces_cerevisiae_tRNA-Ala-AGC-1-1	41	41
Saccharomyces_cerevisiae_tRNA-Ala-AGC-1-1	42	42
Saccharomyces_cerevisiae_tRNA-Ala-AGC-1-1	43	43
Saccharomyces_cerevisiae_tRNA-Ala-AGC-1-1	44	44
Saccharomyces_cerevisiae_tRNA-Ala-AGC-1-1	45	45
Saccharomyces_cerevisiae_tRNA-Ala-AGC-1-1	46	46
Saccharomyces_cerevisiae_tRNA-Ala-AGC-1-1	47	47
Saccharomyces_cerevisiae_tRNA-Ala-AGC-1-1	48	48
Saccharomyces_cerevisiae_tRNA-Ala-AGC-1-1	49	49
Saccharomyces_cerevisiae_tRNA-Ala-AGC-1-1	50	50
Saccharomyces_cerevisiae_tRNA-Ala-AGC-1-1	51	51
Saccharomyces_cerevisiae_tRNA-Ala-AGC-1-1	52	52
Saccharomyces_cerevisiae_tRNA-Ala-AGC-1-1	53	53
Saccharomyces_cerevisiae_tRNA-Ala-AGC-1-1	54	54
Saccharomyces_cerevisiae_tRNA-Ala-AGC-1-1	55	55
Saccharomyces_cerevisiae_tRNA-Ala-AGC-1-1	56	56
Saccharomyces_cerevisiae_tRNA-Ala-AGC-1-1	57	57
Saccharomyces_cerevisiae_tRNA-Ala-AGC-1-1	58	58
Saccharomyces_cerevisiae_tRNA-Ala-AGC-1-1	59	59
Saccharomyces_cerevisiae_tRNA-Ala-AGC-1-1	60	60
Saccharomyces_cerevisiae_tRNA-Ala-AGC-1-1	61	61
Saccharomyces_cerevisiae_tRNA-Ala-AGC-1-1	62	62
Saccharomyces_cerevisiae_tRNA-Ala-AGC-1-1	63	63
Saccharomyces_cerevisiae_tRNA-Ala-AGC-1-1	64	64
Saccharomyces_cerevisiae_tRNA-Ala-AGC-1-1	65	65
Saccharomyces_cerevisiae_tRNA-Ala-AGC-1-1	66	66
Saccharomyces_cerevisiae_tRNA-Ala-AGC-1-1	67	67
Saccharomyces_cerevisiae_tRNA-Ala-AGC-1-1	68	68
Saccharomyces_cerevisiae_tRNA-Ala-AGC-1-1	69	69
Saccharomyces_cerevisiae_tRNA-Ala-AGC-1-1	70	70
Saccharomyces_cerevisiae_tRNA-Ala-AGC-1-1	71	71
Saccharomyces_cerevisiae_tRNA-Ala-AGC-1-1	72	72
Saccharomyces_cerevisiae_tRNA-Ala-AGC-1-1	73	73
Saccharomyces_cerevisiae_tRNA-Ala-AGC-1-1	74	74
Saccharomyces_cerevisiae_tRNA-Ala-AGC-1-1	75	75
Saccharomyces_cerevisiae_tRNA-Ala-AGC-1-1	76	76
Saccharomyces_cerevisiae_tRNA-Ala-TGC-1-1	1	1
Saccharomyces_cerevisiae_tRNA-Ala-TGC-1-1	2	2
Saccharomyces_cerevisiae_tRNA-Ala-TGC-1-1	3	3
Saccharomyces_cerevisiae_tRNA-Ala-TGC-1-1	4	4
Saccharomyces_cerevisiae_tRNA-Ala-TGC-1-1	5	5
Saccharomyces_cerevisiae_tRNA-Ala-TGC-1-1	6	6
Saccharomyces_cerevisiae_tRNA-Ala-TGC-1-1	7	7
Saccharomyces_cerevisiae_tRNA-Ala-TGC-1-1	8	8
Saccharomyces_cerevisiae_tRNA-Ala-TGC-1-1	9	9
Saccharomyces_cerevisiae_tRNA-Ala-TGC-1-1	10	10
Saccharomyces_cerevisiae_tRNA-Ala-TGC-1-1	11	11
Saccharomyces_cerevisiae_tRNA-Ala-TGC-1-1	12	12
Saccharomyces_cerevisiae_tRNA-Ala-TGC-1-1	13	13
Saccharomyces_cerevisiae_tRNA-Ala-TGC-1-1	14	14
Saccharomyces_cerevisiae_tRNA-Ala-TGC-1-1	15	15
Saccharomyces_cerevisiae_tRNA-Ala-TGC-1-1	16	16
Saccharomyces_cerevisiae_tRNA-Ala-TGC-1-1	17	17
Saccharomyces_cerevisiae_tRNA-Ala-TGC-1-1	18	18
Saccharomyces_cerevisiae_tRNA-Ala-TGC-1-1	19	19
Saccharomyces_cerevisiae_tRNA-Ala-TGC-1-1	20	20
Saccharomyces_cerevisiae_tRNA-Ala-TGC-1-1	21	21
Saccharomyces_cerevisiae_tRNA-Ala-TGC-1-1	22	22
Saccharomyces_cerevisiae_tRNA-Ala-TGC-1-1	23	23
Saccharomyces_cerevisiae_tRNA-Ala-TGC-1-1	24	24
Saccharomyces_cerevisiae_tRNA-Ala-TGC-1-1	25	25
Saccharomyces_cerevisiae_tRNA-Ala-TGC-1-1	26	26
Saccharomyces_cerevisiae_tRNA-Ala-TGC-1-1	27	27
Saccharomyces_cerevisiae_tRNA-Ala-TGC-1-1	28	28
Saccharomyces_cerevisiae_tRNA-Ala-TGC-1-1	29	29
Saccharomyces_cerevisiae_tRNA-Ala-TGC-1-1	30	30
Saccharomyces_cerevisiae_tRNA-Ala-TGC-1-1	31	31
Saccharomyces_cerevisiae_tRNA-Ala-TGC-1-1	32	32
Saccharomyces_cerevisiae_tRNA-Ala-TGC-1-1	33	33
Saccharomyces_cerevisiae_tRNA-Ala-TGC-1-1	34	34
Saccharomyces_cerevisiae_tRNA-Ala-TGC-1-1	35	35
Saccharomyces_cerevisiae_tRNA-Ala-TGC-1-1	36	36
Saccharomyces_cerevisiae_tRNA-Ala-TGC-1-1	37	37
Saccharomyces_cerevisiae_tRNA-Ala-TGC-1-1	38	38
Saccharomyces_cerevisiae_tRNA-Ala-TGC-1-1	39	39
Saccharomyces_cerevisiae_tRNA-Ala-TGC-1-1	40	40
Saccharomyces_cerevisiae_tRNA-Ala-TGC-1-1	41	41
Saccharomyces_cerevisiae_tRNA-Ala-TGC-1-1	42	42
Saccharomyces_cerevisiae_tRNA-Ala-TGC-1-1	43	43
Saccharomyces_cerevisiae_tRNA-Ala-TGC-1-1	44	44
Saccharomyces_cerevisiae_tRNA-Ala-TGC-1-1	45	45
Saccharomyces_cerevisiae_tRNA-Ala-TGC-1-1	46	46
Saccharomyces_cerevisiae_tRNA-Ala-TGC-1-1	47	47
Saccharomyces_cerevisiae_tRNA-Ala-TGC-1-1	48	48
Saccharomyces_cerevisiae_tRNA-Ala-TGC-1-1	49	49
Saccharomyces_cerevisiae_tRNA-Ala-TGC-1-1	50	50
Saccharomyces_cerevisiae_tRNA-Ala-TGC-1-1	51	51
Saccharomyces_cerevisiae_tRNA-Ala-TGC-1-1	52	52
Saccharomyces_cerevisiae_tRNA-Ala-TGC-1-1	53	53
Saccharomyces_cerevisiae_tRNA-Ala-TGC-1-1	54	54
Saccharomyces_cerevisiae_tRNA-Ala-TGC-1-1	55	55
Saccharomyces_cerevisiae_tRNA-Ala-TGC-1-1	56	56
Saccharomyces_cerevisiae_tRNA-Ala-TGC-1-1	57	57
Saccharomyces_cerevisiae_tRNA-Ala-TGC-1-1	58	58
Saccharomyces_cerevisiae_tRNA-Ala-TGC-1-1	59	59
Saccharomyces_cerevisiae_tRNA-Ala-TGC-1-1	60	60
Saccharomyces_cerevisiae_tRNA-Ala-TGC-1-1	61	61
Saccharomyces_cerevisiae_tRNA-Ala-TGC-1-1	62	62
Saccharomyces_cerevisiae_tRNA-Ala-TGC-1-1	63	63
Saccharomyces_cerevisiae_tRNA-Ala-TGC-1-1	64	64
Saccharomyces_cerevisiae_tRNA-Ala-TGC-1-1	65	65
Saccharomyces_cerevisiae_tRNA-Ala-TGC-1-1	66	66
Saccharomyces_cerevisiae_tRNA-Ala-TGC-1-1	67	67
Saccharomyces_cerevisiae_tRNA-Ala-TGC-1-1	68	68
Saccharomyces_cerevisiae_tRNA-Ala-TGC-1-1	69	69
Saccharomyces_cerevisiae_tRNA-Ala-TGC-1-1	70	70
Saccharomyces_cerevisiae_tRNA-Ala-TGC-1-1	71	71
Saccharomyces_cerevisiae_tRNA-Ala-TGC-1-1	72	72
Saccharomyces_cerevisiae_tRNA-Ala-TGC-1-1	73	73
Saccharomyces_cerevisiae_tRNA-Ala-TGC-1-1	74	74
Saccharomyces_cerevisiae_tRNA-Ala-TGC-1-1	75	75
Saccharomyces_cerevisiae_tRNA-Ala-TGC-1-1	76	76
Saccharomyces_cerevisiae_tRNA-Arg-ACG-1-1	1	1
Saccharomyces_cerevisiae_tRNA-Arg-ACG-1-1	2	2
Saccharomyces_cerevisiae_tRNA-Arg-ACG-1-1	3	3
Saccharomyces_cerevisiae_tRNA-Arg-ACG-1-1	4	4
Saccharomyces_cerevisiae_tRNA-Arg-ACG-1-1	5	5
Saccharomyces_cerevisiae_tRNA-Arg-ACG-1-1	6	6
Saccharomyces_cerevisiae_tRNA-Arg-ACG-1-1	7	7
Saccharomyces_cerevisiae_tRNA-Arg-ACG-1-1	8	8
Saccharomyces_cerevisiae_tRNA-Arg-ACG-1-1	9	9
Saccharomyces_cerevisiae_tRNA-Arg-ACG-1-1	10	10
Saccharomyces_cerevisiae_tRNA-Arg-ACG-1-1	11	11
Saccharomyces_cerevisiae_tRNA-Arg-ACG-1-1	12	12
Saccharomyces_cerevisiae_tRNA-Arg-ACG-1-1	13	13
Saccharomyces_cerevisiae_tRNA-Arg-ACG-1-1	14	14
Saccharomyces_cerevisiae_tRNA-Arg-ACG-1-1	15	15
Saccharomyces_cerevisiae_tRNA-Arg-ACG-1-1	16	16
Saccharomyces_cerevisiae_tRNA-Arg-ACG-1-1	17	18
Saccharomyces_cerevisiae_tRNA-Arg-ACG-1-1	18	19
Saccharomyces_cerevisiae_tRNA-Arg-ACG-1-1	19	20
Saccharomyces_cerevisiae_tRNA-Arg-ACG-1-1	20	20a
Saccharomyces_cerevisiae_tRNA-Arg-ACG-1-1	21	21
Saccharomyces_cerevisiae_tRNA-Arg-ACG-1-1	22	22
Saccharomyces_cerevisiae_tRNA-Arg-ACG-1-1	23	23
Saccharomyces_cerevisiae_tRNA-Arg-ACG-1-1	24	24
Saccharomyces_cerevisiae_tRNA-Arg-ACG-1-1	25	25
Saccharomyces_cerevisiae_tRNA-Arg-ACG-1-1	26	26
Saccharomyces_cerevisiae_tRNA-Arg-ACG-1-1	27	27
Saccharomyces_cerevisiae_tRNA-Arg-ACG-1-1	28	28
Saccharomyces_cerevisiae_tRNA-Arg-ACG-1-1	29	29
Saccharomyces_cerevisiae_tRNA-Arg-ACG-1-1	30	30
Saccharomyces_cerevisiae_tRNA-Arg-ACG-1-1	31	31
Saccharomyces_cerevisiae_tRNA-Arg-ACG-1-1	32	32
Saccharomyces_cerevisiae_tRNA-Arg-ACG-1-1	33	33
Saccharomyces_cerevisiae_tRNA-Arg-ACG-1-1	34	34
Saccharomyces_cerevisiae_tRNA-Arg-ACG-1-1	35	35
Saccharomyces_cerevisiae_tRNA-Arg-ACG-1-1	36	36
Saccharomyces_cerevisiae_tRNA-Arg-ACG-1-1	37	37
Saccharomyces_cerevisiae_tRNA-Arg-ACG-1-1	38	38
Saccharomyces_cerevisiae_tRNA-Arg-ACG-1-1	39	39
Saccharomyces_cerevisiae_tRNA-Arg-ACG-1-1	40	40
Saccharomyces_cerevisiae_tRNA-Arg-ACG-1-1	41	41
Saccharomyces_cerevisiae_tRNA-Arg-ACG-1-1	42	42
Saccharomyces_cerevisiae_tRNA-Arg-ACG-1-1	43	43
Saccharomyces_cerevisiae_tRNA-Arg-ACG-1-1	44	44
Saccharomyces_cerevisiae_tRNA-Arg-ACG-1-1	45	45
Saccharomyces_cerevisiae_tRNA-Arg-ACG-1-1	46	46
Saccharomyces_cerevisiae_tRNA-Arg-ACG-1-1	47	47
Saccharomyces_cerevisiae_tRNA-Arg-ACG-1-1	48	48
Saccharomyces_cerevisiae_tRNA-Arg-ACG-1-1	49	49
Saccharomyces_cerevisiae_tRNA-Arg-ACG-1-1	50	50
Saccharomyces_cerevisiae_tRNA-Arg-ACG-1-1	51	51
Saccharomyces_cerevisiae_tRNA-Arg-ACG-1-1	52	52
Saccharomyces_cerevisiae_tRNA-Arg-ACG-1-1	53	53
Saccharomyces_cerevisiae_tRNA-Arg-ACG-1-1	54	54
Saccharomyces_cerevisiae_tRNA-Arg-ACG-1-1	55	55
Saccharomyces_cerevisiae_tRNA-Arg-ACG-1-1	56	56
Saccharomyces_cerevisiae_tRNA-Arg-ACG-1-1	57	57
Saccharomyces_cerevisiae_tRNA-Arg-ACG-1-1	58	58
Saccharomyces_cerevisiae_tRNA-Arg-ACG-1-1	59	59
Saccharomyces_cerevisiae_tRNA-Arg-ACG-1-1	60	60
Saccharomyces_cerevisiae_tRNA-Arg-ACG-1-1	61	61
Saccharomyces_cerevisiae_tRNA-Arg-ACG-1-1	62	62
Saccharomyces_cerevisiae_tRNA-Arg-ACG-1-1	63	63
Saccharomyces_cerevisiae_tRNA-Arg-ACG-1-1	64	64
Saccharomyces_cerevisiae_tRNA-Arg-ACG-1-1	65	65
Saccharomyces_cerevisiae_tRNA-Arg-ACG-1-1	66	66
Saccharomyces_cerevisiae_tRNA-Arg-ACG-1-1	67	67
Saccharomyces_cerevisiae_tRNA-Arg-ACG-1-1	68	68
Saccharomyces_cerevisiae_tRNA-Arg-ACG-1-1	69	69
Saccharomyces_cerevisiae_tRNA-Arg-ACG-1-1	70	70
Saccharomyces_cerevisiae_tRNA-Arg-ACG-1-1	71	71
Saccharomyces_cerevisiae_tRNA-Arg-ACG-1-1	72	72
Saccharomyces_cerevisiae_tRNA-Arg-ACG-1-1	73	73
Saccharomyces_cerevisiae_tRNA-Arg-ACG-1-1	74	74
Saccharomyces_cerevisiae_tRNA-Arg-ACG-1-1	75	75
Saccharomyces_cerevisiae_tRNA-Arg-ACG-1-1	76	76
Saccharomyces_cerevisiae_tRNA-Arg-ACG-2-1	1	1
Saccharomyces_cerevisiae_tRNA-Arg-ACG-2-1	2	2
Saccharomyces_cerevisiae_tRNA-Arg-ACG-2-1	3	3
Saccharomyces_cerevisiae_tRNA-Arg-ACG-2-1	4	4
Saccharomyces_cerevisiae_tRNA-Arg-ACG-2-1	5	5
Saccharomyces_cerevisiae_tRNA-Arg-ACG-2-1	6	6
Saccharomyces_cerevisiae_tRNA-Arg-ACG-2-1	7	7
Saccharomyces_cerevisiae_tRNA-Arg-ACG-2-1	8	8
Saccharomyces_cerevisiae_tRNA-Arg-ACG-2-1	9	9
Saccharomyces_cerevisiae_tRNA-Arg-ACG-2-1	10	10
Saccharomyces_cerevisiae_tRNA-Arg-ACG-2-1	11	11
Saccharomyces_cerevisiae_tRNA-Arg-ACG-2-1	12	12
Saccharomyces_cerevisiae_tRNA-Arg-ACG-2-1	13	13
Saccharomyces_cerevisiae_tRNA-Arg-ACG-2-1	14	14
Saccharomyces_cerevisiae_tRNA-Arg-ACG-2-1	15	15
Saccharomyces_cerevisiae_tRNA-Arg-ACG-2-1	16	16
Saccharomyces_cerevisiae_tRNA-Arg-ACG-2-1	17	18
Saccharomyces_cerevisiae_tRNA-Arg-ACG-2-1	18	19
Saccharomyces_cerevisiae_tRNA-Arg-ACG-2-1	19	20
Saccharomyces_cerevisiae_tRNA-Arg-ACG-2-1	20	20a
Saccharomyces_cerevisiae_tRNA-Arg-ACG-2-1	21	21
Saccharomyces_cerevisiae_tRNA-Arg-ACG-2-1	22	22
Saccharomyces_cerevisiae_tRNA-Arg-ACG-2-1	23	23
Saccharomyces_cerevisiae_tRNA-Arg-ACG-2-1	24	24
Saccharomyces_cerevisiae_tRNA-Arg-ACG-2-1	25	25
Saccharomyces_cerevisiae_tRNA-Arg-ACG-2-1	26	26
Saccharomyces_cerevisiae_tRNA-Arg-ACG-2-1	27	27
Saccharomyces_cerevisiae_tRNA-Arg-ACG-2-1	28	28
Saccharomyces_cerevisiae_tRNA-Arg-ACG-2-1	29	29
Saccharomyces_cerevisiae_tRNA-Arg-ACG-2-1	30	30
Saccharomyces_cerevisiae_tRNA-Arg-ACG-2-1	31	31
Saccharomyces_cerevisiae_tRNA-Arg-ACG-2-1	32	32
Saccharomyces_cerevisiae_tRNA-Arg-ACG-2-1	33	33
Saccharomyces_cerevisiae_tRNA-Arg-ACG-2-1	34	34
Saccharomyces_cerevisiae_tRNA-Arg-ACG-2-1	35	35
Saccharomyces_cerevisiae_tRNA-Arg-ACG-2-1	36	36
Saccharomyces_cerevisiae_tRNA-Arg-ACG-2-1	37	37
Saccharomyces_cerevisiae_tRNA-Arg-ACG-2-1	38	38
Saccharomyces_cerevisiae_tRNA-Arg-ACG-2-1	39	39
Saccharomyces_cerevisiae_tRNA-Arg-ACG-2-1	40	40
Saccharomyces_cerevisiae_tRNA-Arg-ACG-2-1	41	41
Saccharomyces_cerevisiae_tRNA-Arg-ACG-2-1	42	42
Saccharomyces_cerevisiae_tRNA-Arg-ACG-2-1	43	43
Saccharomyces_cerevisiae_tRNA-Arg-ACG-2-1	44	44
Saccharomyces_cerevisiae_tRNA-Arg-ACG-2-1	45	45
Saccharomyces_cerevisiae_tRNA-Arg-ACG-2-1	46	46
Saccharomyces_cerevisiae_tRNA-Arg-ACG-2-1	47	47
Saccharomyces_cerevisiae_tRNA-Arg-ACG-2-1	48	48
Saccharomyces_cerevisiae_tRNA-Arg-ACG-2-1	49	49
Saccharomyces_cerevisiae_tRNA-Arg-ACG-2-1	50	50
Saccharomyces_cerevisiae_tRNA-Arg-ACG-2-1	51	51
Saccharomyces_cerevisiae_tRNA-Arg-ACG-2-1	52	52
Saccharomyces_cerevisiae_tRNA-Arg-ACG-2-1	53	53
Saccharomyces_cerevisiae_tRNA-Arg-ACG-2-1	54	54
Saccharomyces_cerevisiae_tRNA-Arg-ACG-2-1	55	55
Saccharomyces_cerevisiae_tRNA-Arg-ACG-2-1	56	56
Saccharomyces_cerevisiae_tRNA-Arg-ACG-2-1	57	57
Saccharomyces_cerevisiae_tRNA-Arg-ACG-2-1	58	58
Saccharomyces_cerevisiae_tRNA-Arg-ACG-2-1	59	59
Saccharomyces_cerevisiae_tRNA-Arg-ACG-2-1	60	60
Saccharomyces_cerevisiae_tRNA-Arg-ACG-2-1	61	61
Saccharomyces_cerevisiae_tRNA-Arg-ACG-2-1	62	62
Saccharomyces_cerevisiae_tRNA-Arg-ACG-2-1	63	63
Saccharomyces_cerevisiae_tRNA-Arg-ACG-2-1	64	64
Saccharomyces_cerevisiae_tRNA-Arg-ACG-2-1	65	65
Saccharomyces_cerevisiae_tRNA-Arg-ACG-2-1	66	66
Saccharomyces_cerevisiae_tRNA-Arg-ACG-2-1	67	67
Saccharomyces_cerevisiae_tRNA-Arg-ACG-2-1	68	68
Saccharomyces_cerevisiae_tRNA-Arg-ACG-2-1	69	69
Saccharomyces_cerevisiae_tRNA-Arg-ACG-2-1	70	70
Saccharomyces_cerevisiae_tRNA-Arg-ACG-2-1	71	71
Saccharomyces_cerevisiae_tRNA-Arg-ACG-2-1	72	72
Saccharomyces_cerevisiae_tRNA-Arg-ACG-2-1	73	73
Saccharomyces_cerevisiae_tRNA-Arg-ACG-2-1	74	74
Saccharomyces_cerevisiae_tRNA-Arg-ACG-2-1	75	75
Saccharomyces_cerevisiae_tRNA-Arg-ACG-2-1	76	76
Saccharomyces_cerevisiae_tRNA-Arg-CCG-1-1	1	1
Saccharomyces_cerevisiae_tRNA-Arg-CCG-1-1	2	2
Saccharomyces_cerevisiae_tRNA-Arg-CCG-1-1	3	3
Saccharomyces_cerevisiae_tRNA-Arg-CCG-1-1	4	4
Saccharomyces_cerevisiae_tRNA-Arg-CCG-1-1	5	5
Saccharomyces_cerevisiae_tRNA-Arg-CCG-1-1	6	6
Saccharomyces_cerevisiae_tRNA-Arg-CCG-1-1	7	7
Saccharomyces_cerevisiae_tRNA-Arg-CCG-1-1	8	8
Saccharomyces_cerevisiae_tRNA-Arg-CCG-1-1	9	9
Saccharomyces_cerevisiae_tRNA-Arg-CCG-1-1	10	10
Saccharomyces_cerevisiae_tRNA-Arg-CCG-1-1	11	11
Saccharomyces_cerevisiae_tRNA-Arg-CCG-1-1	12	12
Saccharomyces_cerevisiae_tRNA-Arg-CCG-1-1	13	13
Saccharomyces_cerevisiae_tRNA-Arg-CCG-1-1	14	14
Saccharomyces_cerevisiae_tRNA-Arg-CCG-1-1	15	15
Saccharomyces_cerevisiae_tRNA-Arg-CCG-1-1	16	16
Saccharomyces_cerevisiae_tRNA-Arg-CCG-1-1	17	18
Saccharomyces_cerevisiae_tRNA-Arg-CCG-1-1	18	19
Saccharomyces_cerevisiae_tRNA-Arg-CCG-1-1	19	20
Saccharomyces_cerevisiae_tRNA-Arg-CCG-1-1	20	20a
Saccharomyces_cerevisiae_tRNA-Arg-CCG-1-1	21	21
Saccharomyces_cerevisiae_tRNA-Arg-CCG-1-1	22	22
Saccharomyces_cerevisiae_tRNA-Arg-CCG-1-1	23	23
Saccharomyces_cerevisiae_tRNA-Arg-CCG-1-1	24	24
Saccharomyces_cerevisiae_tRNA-Arg-CCG-1-1	25	25
Saccharomyces_cerevisiae_tRNA-Arg-CCG-1-1	26	26
Saccharomyces_cerevisiae_tRNA-Arg-CCG-1-1	27	27
Saccharomyces_cerevisiae_tRNA-Arg-CCG-1-1	28	28
Saccharomyces_cerevisiae_tRNA-Arg-CCG-1-1	29	29
Saccharomyces_cerevisiae_tRNA-Arg-CCG-1-1	30	30
Saccharomyces_cerevisiae_tRNA-Arg-CCG-1-1	31	31
Saccharomyces_cerevisiae_tRNA-Arg-CCG-1-1	32	32
Saccharomyces_cerevisiae_tRNA-Arg-CCG-1-1	33	33
Saccharomyces_cerevisiae_tRNA-Arg-CCG-1-1	34	34
Saccharomyces_cerevisiae_tRNA-Arg-CCG-1-1	35	35
Saccharomyces_cerevisiae_tRNA-Arg-CCG-1-1	36	36
Saccharomyces_cerevisiae_tRNA-Arg-CCG-1-1	37	37
Saccharomyces_cerevisiae_tRNA-Arg-CCG-1-1	38	38
Saccharomyces_cerevisiae_tRNA-Arg-CCG-1-1	39	39
Saccharomyces_cerevisiae_tRNA-Arg-CCG-1-1	40	40
Saccharomyces_cerevisiae_tRNA-Arg-CCG-1-1	41	41
Saccharomyces_cerevisiae_tRNA-Arg-CCG-1-1	42	42
Saccharomyces_cerevisiae_tRNA-Arg-CCG-1-1	43	43
Saccharomyces_cerevisiae_tRNA-Arg-CCG-1-1	44	44
Saccharomyces_cerevisiae_tRNA-Arg-CCG-1-1	45	45
Saccharomyces_cerevisiae_tRNA-Arg-CCG-1-1	46	46
Saccharomyces_cerevisiae_tRNA-Arg-CCG-1-1	47	48
Saccharomyces_cerevisiae_tRNA-Arg-CCG-1-1	48	49
Saccharomyces_cerevisiae_tRNA-Arg-CCG-1-1	49	50
Saccharomyces_cerevisiae_tRNA-Arg-CCG-1-1	50	51
Saccharomyces_cerevisiae_tRNA-Arg-CCG-1-1	51	52
Saccharomyces_cerevisiae_tRNA-Arg-CCG-1-1	52	53
Saccharomyces_cerevisiae_tRNA-Arg-CCG-1-1	53	54
Saccharomyces_cerevisiae_tRNA-Arg-CCG-1-1	54	55
Saccharomyces_cerevisiae_tRNA-Arg-CCG-1-1	55	56
Saccharomyces_cerevisiae_tRNA-Arg-CCG-1-1	56	57
Saccharomyces_cerevisiae_tRNA-Arg-CCG-1-1	57	58
Saccharomyces_cerevisiae_tRNA-Arg-CCG-1-1	58	59
Saccharomyces_cerevisiae_tRNA-Arg-CCG-1-1	59	60
Saccharomyces_cerevisiae_tRNA-Arg-CCG-1-1	60	61
Saccharomyces_cerevisiae_tRNA-Arg-CCG-1-1	61	62
Saccharomyces_cerevisiae_tRNA-Arg-CCG-1-1	62	63
Saccharomyces_cerevisiae_tRNA-Arg-CCG-1-1	63	64
Saccharomyces_cerevisiae_tRNA-Arg-CCG-1-1	64	65
Saccharomyces_cerevisiae_tRNA-Arg-CCG-1-1	65	66
Saccharomyces_cerevisiae_tRNA-Arg-CCG-1-1	66	67
Saccharomyces_cerevisiae_tRNA-Arg-CCG-1-1	67	68
Saccharomyces_cerevisiae_tRNA-Arg-CCG-1-1	68	69
Saccharomyces_cerevisiae_tRNA-Arg-CCG-1-1	69	70
Saccharomyces_cerevisiae_tRNA-Arg-CCG-1-1	70	71
Saccharomyces_cerevisiae_tRNA-Arg-CCG-1-1	71	72
Saccharomyces_cerevisiae_tRNA-Arg-CCG-1-1	72	73
Saccharomyces_cerevisiae_tRNA-Arg-CCG-1-1	73	74
Saccharomyces_cerevisiae_tRNA-Arg-CCG-1-1	74	75
Saccharomyces_cerevisiae_tRNA-Arg-CCG-1-1	75	76
Saccharomyces_cerevisiae_tRNA-Arg-CCT-1-1	1	1
Saccharomyces_cerevisiae_tRNA-Arg-CCT-1-1	2	2
Saccharomyces_cerevisiae_tRNA-Arg-CCT-1-1	3	3
Saccharomyces_cerevisiae_tRNA-Arg-CCT-1-1	4	4
Saccharomyces_cerevisiae_tRNA-Arg-CCT-1-1	5	5
Saccharomyces_cerevisiae_tRNA-Arg-CCT-1-1	6	6
Saccharomyces_cerevisiae_tRNA-Arg-CCT-1-1	7	7
Saccharomyces_cerevisiae_tRNA-Arg-CCT-1-1	8	8
Saccharomyces_cerevisiae_tRNA-Arg-CCT-1-1	9	9
Saccharomyces_cerevisiae_tRNA-Arg-CCT-1-1	10	10
Saccharomyces_cerevisiae_tRNA-Arg-CCT-1-1	11	11
Saccharomyces_cerevisiae_tRNA-Arg-CCT-1-1	12	12
Saccharomyces_cerevisiae_tRNA-Arg-CCT-1-1	13	13
Saccharomyces_cerevisiae_tRNA-Arg-CCT-1-1	14	14
Saccharomyces_cerevisiae_tRNA-Arg-CCT-1-1	15	15
Saccharomyces_cerevisiae_tRNA-Arg-CCT-1-1	16	16
Saccharomyces_cerevisiae_tRNA-Arg-CCT-1-1	17	18
Saccharomyces_cerevisiae_tRNA-Arg-CCT-1-1	18	19
Saccharomyces_cerevisiae_tRNA-Arg-CCT-1-1	19	20
Saccharomyces_cerevisiae_tRNA-Arg-CCT-1-1	20	21
Saccharomyces_cerevisiae_tRNA-Arg-CCT-1-1	21	22
Saccharomyces_cerevisiae_tRNA-Arg-CCT-1-1	22	23
Saccharomyces_cerevisiae_tRNA-Arg-CCT-1-1	23	24
Saccharomyces_cerevisiae_tRNA-Arg-CCT-1-1	24	25
Saccharomyces_cerevisiae_tRNA-Arg-CCT-1-1	25	26
Saccharomyces_cerevisiae_tRNA-Arg-CCT-1-1	26	27
Saccharomyces_cerevisiae_tRNA-Arg-CCT-1-1	27	28
Saccharomyces_cerevisiae_tRNA-Arg-CCT-1-1	28	29
Saccharomyces_cerevisiae_tRNA-Arg-CCT-1-1	29	30
Saccharomyces_cerevisiae_tRNA-Arg-CCT-1-1	30	31
Saccharomyces_cerevisiae_tRNA-Arg-CCT-1-1	31	32
Saccharomyces_cerevisiae_tRNA-Arg-CCT-1-1	32	33
Saccharomyces_cerevisiae_tRNA-Arg-CCT-1-1	33	34
Saccharomyces_cerevisiae_tRNA-Arg-CCT-1-1	34	35
Saccharomyces_cerevisiae_tRNA-Arg-CCT-1-1	35	36
Saccharomyces_cerevisiae_tRNA-Arg-CCT-1-1	36	37
Saccharomyces_cerevisiae_tRNA-Arg-CCT-1-1	37	38
Saccharomyces_cerevisiae_tRNA-Arg-CCT-1-1	38	39
Saccharomyces_cerevisiae_tRNA-Arg-CCT-1-1	39	40
Saccharomyces_cerevisiae_tRNA-Arg-CCT-1-1	40	41
Saccharomyces_cerevisiae_tRNA-Arg-CCT-1-1	41	42
Saccharomyces_cerevisiae_tRNA-Arg-CCT-1-1	42	43
Saccharomyces_cerevisiae_tRNA-Arg-CCT-1-1	43	44
Saccharomyces_cerevisiae_tRNA-Arg-CCT-1-1	44	45
Saccharomyces_cerevisiae_tRNA-Arg-CCT-1-1	45	46
Saccharomyces_cerevisiae_tRNA-Arg-CCT-1-1	46	47
Saccharomyces_cerevisiae_tRNA-Arg-CCT-1-1	47	48
Saccharomyces_cerevisiae_tRNA-Arg-CCT-1-1	48	49
Saccharomyces_cerevisiae_tRNA-Arg-CCT-1-1	49	50
Saccharomyces_cerevisiae_tRNA-Arg-CCT-1-1	50	51
Saccharomyces_cerevisiae_tRNA-Arg-CCT-1-1	51	52
Saccharomyces_cerevisiae_tRNA-Arg-CCT-1-1	52	53
Saccharomyces_cerevisiae_tRNA-Arg-CCT-1-1	53	54
Saccharomyces_cerevisiae_tRNA-Arg-CCT-1-1	54	55
Saccharomyces_cerevisiae_tRNA-Arg-CCT-1-1	55	56
Saccharomyces_cerevisiae_tRNA-Arg-CCT-1-1	56	57
Saccharomyces_cerevisiae_tRNA-Arg-CCT-1-1	57	58
Saccharomyces_cerevisiae_tRNA-Arg-CCT-1-1	58	59
Saccharomyces_cerevisiae_tRNA-Arg-CCT-1-1	59	60
Saccharomyces_cerevisiae_tRNA-Arg-CCT-1-1	60	61
Saccharomyces_cerevisiae_tRNA-Arg-CCT-1-1	61	62
Saccharomyces_cerevisiae_tRNA-Arg-CCT-1-1	62	63
Saccharomyces_cerevisiae_tRNA-Arg-CCT-1-1	63	64
Saccharomyces_cerevisiae_tRNA-Arg-CCT-1-1	64	65
Saccharomyces_cerevisiae_tRNA-Arg-CCT-1-1	65	66
Saccharomyces_cerevisiae_tRNA-Arg-CCT-1-1	66	67
Saccharomyces_cerevisiae_tRNA-Arg-CCT-1-1	67	68
Saccharomyces_cerevisiae_tRNA-Arg-CCT-1-1	68	69
Saccharomyces_cerevisiae_tRNA-Arg-CCT-1-1	69	70
Saccharomyces_cerevisiae_tRNA-Arg-CCT-1-1	70	71
Saccharomyces_cerevisiae_tRNA-Arg-CCT-1-1	71	72
Saccharomyces_cerevisiae_tRNA-Arg-CCT-1-1	72	73
Saccharomyces_cerevisiae_tRNA-Arg-CCT-1-1	73	74
Saccharomyces_cerevisiae_tRNA-Arg-CCT-1-1	74	75
Saccharomyces_cerevisiae_tRNA-Arg-CCT-1-1	75	76
Saccharomyces_cerevisiae_tRNA-Arg-TCT-1-1	1	1
Saccharomyces_cerevisiae_tRNA-Arg-TCT-1-1	2	2
Saccharomyces_cerevisiae_tRNA-Arg-TCT-1-1	3	3
Saccharomyces_cerevisiae_tRNA-Arg-TCT-1-1	4	4
Saccharomyces_cerevisiae_tRNA-Arg-TCT-1-1	5	5
Saccharomyces_cerevisiae_tRNA-Arg-TCT-1-1	6	6
Saccharomyces_cerevisiae_tRNA-Arg-TCT-1-1	7	7
Saccharomyces_cerevisiae_tRNA-Arg-TCT-1-1	8	8
Saccharomyces_cerevisiae_tRNA-Arg-TCT-1-1	9	9
Saccharomyces_cerevisiae_tRNA-Arg-TCT-1-1	10	10
Saccharomyces_cerevisiae_tRNA-Arg-TCT-1-1	11	11
Saccharomyces_cerevisiae_tRNA-Arg-TCT-1-1	12	12
Saccharomyces_cerevisiae_tRNA-Arg-TCT-1-1	13	13
Saccharomyces_cerevisiae_tRNA-Arg-TCT-1-1	14	14
Saccharomyces_cerevisiae_tRNA-Arg-TCT-1-1	15	15
Saccharomyces_cerevisiae_tRNA-Arg-TCT-1-1	16	16
Saccharomyces_cerevisiae_tRNA-Arg-TCT-1-1	17	18
Saccharomyces_cerevisiae_tRNA-Arg-TCT-1-1	18	19
Saccharomyces_cerevisiae_tRNA-Arg-TCT-1-1	19	20
Saccharomyces_cerevisiae_tRNA-Arg-TCT-1-1	20	21
Saccharomyces_cerevisiae_tRNA-Arg-TCT-1-1	21	22
Saccharomyces_cerevisiae_tRNA-Arg-TCT-1-1	22	23
Saccharomyces_cerevisiae_tRNA-Arg-TCT-1-1	23	24
Saccharomyces_cerevisiae_tRNA-Arg-TCT-1-1	24	25
Saccharomyces_cerevisiae_tRNA-Arg-TCT-1-1	25	26
Saccharomyces_cerevisiae_tRNA-Arg-TCT-1-1	26	27
Saccharomyces_cerevisiae_tRNA-Arg-TCT-1-1	27	28
Saccharomyces_cerevisiae_tRNA-Arg-TCT-1-1	28	29
Saccharomyces_cerevisiae_tRNA-Arg-TCT-1-1	29	30
Saccharomyces_cerevisiae_tRNA-Arg-TCT-1-1	30	31
Saccharomyces_cerevisiae_tRNA-Arg-TCT-1-1	31	32
Saccharomyces_cerevisiae_tRNA-Arg-TCT-1-1	32	33
Saccharomyces_cerevisiae_tRNA-Arg-TCT-1-1	33	34
Saccharomyces_cerevisiae_tRNA-Arg-TCT-1-1	34	35
Saccharomyces_cerevisiae_tRNA-Arg-TCT-1-1	35	36
Saccharomyces_cerevisiae_tRNA-Arg-TCT-1-1	36	37
Saccharomyces_cerevisiae_tRNA-Arg-TCT-1-1	37	38
Saccharomyces_cerevisiae_tRNA-Arg-TCT-1-1	38	39
Saccharomyces_cerevisiae_tRNA-Arg-TCT-1-1	39	40
Saccharomyces_cerevisiae_tRNA-Arg-TCT-1-1	40	41
Saccharomyces_cerevisiae_tRNA-Arg-TCT-1-1	41	42
Saccharomyces_cerevisiae_tRNA-Arg-TCT-1-1	42	43
Saccharomyces_cerevisiae_tRNA-Arg-TCT-1-1	43	44
Saccharomyces_cerevisiae_tRNA-Arg-TCT-1-1	44	45
Saccharomyces_cerevisiae_tRNA-Arg-TCT-1-1	45	46
Saccharomyces_cerevisiae_tRNA-Arg-TCT-1-1	46	47
Saccharomyces_cerevisiae_tRNA-Arg-TCT-1-1	47	48
Saccharomyces_cerevisiae_tRNA-Arg-TCT-1-1	48	49
Saccharomyces_cerevisiae_tRNA-Arg-TCT-1-1	49	50
Saccharomyces_cerevisiae_tRNA-Arg-TCT-1-1	50	51
Saccharomyces_cerevisiae_tRNA-Arg-TCT-1-1	51	52
Saccharomyces_cerevisiae_tRNA-Arg-TCT-1-1	52	53
Saccharomyces_cerevisiae_tRNA-Arg-TCT-1-1	53	54
Saccharomyces_cerevisiae_tRNA-Arg-TCT-1-1	54	55
Saccharomyces_cerevisiae_tRNA-Arg-TCT-1-1	55	56
Saccharomyces_cerevisiae_tRNA-Arg-TCT-1-1	56	57
Saccharomyces_cerevisiae_tRNA-Arg-TCT-1-1	57	58
Saccharomyces_cerevisiae_tRNA-Arg-TCT-1-1	58	59
Saccharomyces_cerevisiae_tRNA-Arg-TCT-1-1	59	60
Saccharomyces_cerevisiae_tRNA-Arg-TCT-1-1	60	61
Saccharomyces_cerevisiae_tRNA-Arg-TCT-1-1	61	62
Saccharomyces_cerevisiae_tRNA-Arg-TCT-1-1	62	63
Saccharomyces_cerevisiae_tRNA-Arg-TCT-1-1	63	64
Saccharomyces_cerevisiae_tRNA-Arg-TCT-1-1	64	65
Saccharomyces_cerevisiae_tRNA-Arg-TCT-1-1	65	66
Saccharomyces_cerevisiae_tRNA-Arg-TCT-1-1	66	67
Saccharomyces_cerevisiae_tRNA-Arg-TCT-1-1	67	68
Saccharomyces_cerevisiae_tRNA-Arg-TCT-1-1	68	69
Saccharomyces_cerevisiae_tRNA-Arg-TCT-1-1	69	70
Saccharomyces_cerevisiae_tRNA-Arg-TCT-1-1	70	71
Saccharomyces_cerevisiae_tRNA-Arg-TCT-1-1	71	72
Saccharomyces_cerevisiae_tRNA-Arg-TCT-1-1	72	73
Saccharomyces_cerevisiae_tRNA-Arg-TCT-1-1	73	74
Saccharomyces_cerevisiae_tRNA-Arg-TCT-1-1	74	75
Saccharomyces_cerevisiae_tRNA-Arg-TCT-1-1	75	76
Saccharomyces_cerevisiae_tRNA-Asn-GTT-1-1	1	1
Saccharomyces_cerevisiae_tRNA-Asn-GTT-1-1	2	2
Saccharomyces_cerevisiae_tRNA-Asn-GTT-1-1	3	3
Saccharomyces_cerevisiae_tRNA-Asn-GTT-1-1	4	4
Saccharomyces_cerevisiae_tRNA-Asn-GTT-1-1	5	5
Saccharomyces_cerevisiae_tRNA-Asn-GTT-1-1	6	6
Saccharomyces_cerevisiae_tRNA-Asn-GTT-1-1	7	7
Saccharomyces_cerevisiae_tRNA-Asn-GTT-1-1	8	8
Saccharomyces_cerevisiae_tRNA-Asn-GTT-1-1	9	9
Saccharomyces_cerevisiae_tRNA-Asn-GTT-1-1	10	10
Saccharomyces_cerevisiae_tRNA-Asn-GTT-1-1	11	11
Saccharomyces_cerevisiae_tRNA-Asn-GTT-1-1	12	12
Saccharomyces_cerevisiae_tRNA-Asn-GTT-1-1	13	13
Saccharomyces_cerevisiae_tRNA-Asn-GTT-1-1	14	14
Saccharomyces_cerevisiae_tRNA-Asn-GTT-1-1	15	15
Saccharomyces_cerevisiae_tRNA-Asn-GTT-1-1	16	16
Saccharomyces_cerevisiae_tRNA-Asn-GTT-1-1	17	17
Saccharomyces_cerevisiae_tRNA-Asn-GTT-1-1	18	18
Saccharomyces_cerevisiae_tRNA-Asn-GTT-1-1	19	19
Saccharomyces_cerevisiae_tRNA-Asn-GTT-1-1	20	20
Saccharomyces_cerevisiae_tRNA-Asn-GTT-1-1	21	20a
Saccharomyces_cerevisiae_tRNA-Asn-GTT-1-1	22	21
Saccharomyces_cerevisiae_tRNA-Asn-GTT-1-1	23	22
Saccharomyces_cerevisiae_tRNA-Asn-GTT-1-1	24	23
Saccharomyces_cerevisiae_tRNA-Asn-GTT-1-1	25	24
Saccharomyces_cerevisiae_tRNA-Asn-GTT-1-1	26	25
Saccharomyces_cerevisiae_tRNA-Asn-GTT-1-1	27	26
Saccharomyces_cerevisiae_tRNA-Asn-GTT-1-1	28	27
Saccharomyces_cerevisiae_tRNA-Asn-GTT-1-1	29	28
Saccharomyces_cerevisiae_tRNA-Asn-GTT-1-1	30	29
Saccharomyces_cerevisiae_tRNA-Asn-GTT-1-1	31	30
Saccharomyces_cerevisiae_tRNA-Asn-GTT-1-1	32	31
Saccharomyces_cerevisiae_tRNA-Asn-GTT-1-1	33	32
Saccharomyces_cerevisiae_tRNA-Asn-GTT-1-1	34	33
Saccharomyces_cerevisiae_tRNA-Asn-GTT-1-1	35	34
Saccharomyces_cerevisiae_tRNA-Asn-GTT-1-1	36	35
Saccharomyces_cerevisiae_tRNA-Asn-GTT-1-1	37	36
Saccharomyces_cerevisiae_tRNA-Asn-GTT-1-1	38	37
Saccharomyces_cerevisiae_tRNA-Asn-GTT-1-1	39	38
Saccharomyces_cerevisiae_tRNA-Asn-GTT-1-1	40	39
Saccharomyces_cerevisiae_tRNA-Asn-GTT-1-1	41	40
Saccharomyces_cerevisiae_tRNA-Asn-GTT-1-1	42	41
Saccharomyces_cerevisiae_tRNA-Asn-GTT-1-1	43	42
Saccharomyces_cerevisiae_tRNA-Asn-GTT-1-1	44	43
Saccharomyces_cerevisiae_tRNA-Asn-GTT-1-1	45	44
Saccharomyces_cerevisiae_tRNA-Asn-GTT-1-1	46	45
Saccharomyces_cerevisiae_tRNA-Asn-GTT-1-1	47	46
Saccharomyces_cerevisiae_tRNA-Asn-GTT-1-1	48	47
Saccharomyces_cerevisiae_tRNA-Asn-GTT-1-1	49	48
Saccharomyces_cerevisiae_tRNA-Asn-GTT-1-1	50	49
Saccharomyces_cerevisiae_tRNA-Asn-GTT-1-1	51	50
Saccharomyces_cerevisiae_tRNA-Asn-GTT-1-1	52	51
Saccharomyces_cerevisiae_tRNA-Asn-GTT-1-1	53	52
Saccharomyces_cerevisiae_tRNA-Asn-GTT-1-1	54	53
Saccharomyces_cerevisiae_tRNA-Asn-GTT-1-1	55	54
Saccharomyces_cerevisiae_tRNA-Asn-GTT-1-1	56	55
Saccharomyces_cerevisiae_tRNA-Asn-GTT-1-1	57	56
Saccharomyces_cerevisiae_tRNA-Asn-GTT-1-1	58	57
Saccharomyces_cerevisiae_tRNA-Asn-GTT-1-1	59	58
Saccharomyces_cerevisiae_tRNA-Asn-GTT-1-1	60	59
Saccharomyces_cerevisiae_tRNA-Asn-GTT-1-1	61	60
Saccharomyces_cerevisiae_tRNA-Asn-GTT-1-1	62	61
Saccharomyces_cerevisiae_tRNA-Asn-GTT-1-1	63	62
Saccharomyces_cerevisiae_tRNA-Asn-GTT-1-1	64	63
Saccharomyces_cerevisiae_tRNA-Asn-GTT-1-1	65	64
Saccharomyces_cerevisiae_tRNA-Asn-GTT-1-1	66	65
Saccharomyces_cerevisiae_tRNA-Asn-GTT-1-1	67	66
Saccharomyces_cerevisiae_tRNA-Asn-GTT-1-1	68	67
Saccharomyces_cerevisiae_tRNA-Asn-GTT-1-1	69	68
Saccharomyces_cerevisiae_tRNA-Asn-GTT-1-1	70	69
Saccharomyces_cerevisiae_tRNA-Asn-GTT-1-1	71	70
Saccharomyces_cerevisiae_tRNA-Asn-GTT-1-1	72	71
Saccharomyces_cerevisiae_tRNA-Asn-GTT-1-1	73	72
Saccharomyces_cerevisiae_tRNA-Asn-GTT-1-1	74	73
Saccharomyces_cerevisiae_tRNA-Asn-GTT-1-1	75	74
Saccharomyces_cerevisiae_tRNA-Asn-GTT-1-1	76	75
Saccharomyces_cerevisiae_tRNA-Asn-GTT-1-1	77	76
Saccharomyces_cerevisiae_tRNA-Asp-GTC-1-1	1	1
Saccharomyces_cerevisiae_tRNA-Asp-GTC-1-1	2	2
Saccharomyces_cerevisiae_tRNA-Asp-GTC-1-1	3	3
Saccharomyces_cerevisiae_tRNA-Asp-GTC-1-1	4	4
Saccharomyces_cerevisiae_tRNA-Asp-GTC-1-1	5	5
Saccharomyces_cerevisiae_tRNA-Asp-GTC-1-1	6	6
Saccharomyces_cerevisiae_tRNA-Asp-GTC-1-1	7	7
Saccharomyces_cerevisiae_tRNA-Asp-GTC-1-1	8	8
Saccharomyces_cerevisiae_tRNA-Asp-GTC-1-1	9	9
Saccharomyces_cerevisiae_tRNA-Asp-GTC-1-1	10	10
Saccharomyces_cerevisiae_tRNA-Asp-GTC-1-1	11	11
Saccharomyces_cerevisiae_tRNA-Asp-GTC-1-1	12	12
Saccharomyces_cerevisiae_tRNA-Asp-GTC-1-1	13	13
Saccharomyces_cerevisiae_tRNA-Asp-GTC-1-1	14	14
Saccharomyces_cerevisiae_tRNA-Asp-GTC-1-1	15	15
Saccharomyces_cerevisiae_tRNA-Asp-GTC-1-1	16	16
Saccharomyces_cerevisiae_tRNA-Asp-GTC-1-1	17	18
Saccharomyces_cerevisiae_tRNA-Asp-GTC-1-1	18	19
Saccharomyces_cerevisiae_tRNA-Asp-GTC-1-1	19	20
Saccharomyces_cerevisiae_tRNA-Asp-GTC-1-1	20	20a
Saccharomyces_cerevisiae_tRNA-Asp-GTC-1-1	21	21
Saccharomyces_cerevisiae_tRNA-Asp-GTC-1-1	22	22
Saccharomyces_cerevisiae_tRNA-Asp-GTC-1-1	23	23
Saccharomyces_cerevisiae_tRNA-Asp-GTC-1-1	24	24
Saccharomyces_cerevisiae_tRNA-Asp-GTC-1-1	25	25
Saccharomyces_cerevisiae_tRNA-Asp-GTC-1-1	26	26
Saccharomyces_cerevisiae_tRNA-Asp-GTC-1-1	27	27
Saccharomyces_cerevisiae_tRNA-Asp-GTC-1-1	28	28
Saccharomyces_cerevisiae_tRNA-Asp-GTC-1-1	29	29
Saccharomyces_cerevisiae_tRNA-Asp-GTC-1-1	30	30
Saccharomyces_cerevisiae_tRNA-Asp-GTC-1-1	31	31
Saccharomyces_cerevisiae_tRNA-Asp-GTC-1-1	32	32
Saccharomyces_cerevisiae_tRNA-Asp-GTC-1-1	33	33
Saccharomyces_cerevisiae_tRNA-Asp-GTC-1-1	34	34
Saccharomyces_cerevisiae_tRNA-Asp-GTC-1-1	35	35
Saccharomyces_cerevisiae_tRNA-Asp-GTC-1-1	36	36
Saccharomyces_cerevisiae_tRNA-Asp-GTC-1-1	37	37
Saccharomyces_cerevisiae_tRNA-Asp-GTC-1-1	38	38
Saccharomyces_cerevisiae_tRNA-Asp-GTC-1-1	39	39
Saccharomyces_cerevisiae_tRNA-Asp-GTC-1-1	40	40
Saccharomyces_cerevisiae_tRNA-Asp-GTC-1-1	41	41
Saccharomyces_cerevisiae_tRNA-Asp-GTC-1-1	42	42
Saccharomyces_cerevisiae_tRNA-Asp-GTC-1-1	43	43
Saccharomyces_cerevisiae_tRNA-Asp-GTC-1-1	44	44
Saccharomyces_cerevisiae_tRNA-Asp-GTC-1-1	45	45
Saccharomyces_cerevisiae_tRNA-Asp-GTC-1-1	46	46
Saccharomyces_cerevisiae_tRNA-Asp-GTC-1-1	47	48
Saccharomyces_cerevisiae_tRNA-Asp-GTC-1-1	48	49
Saccharomyces_cerevisiae_tRNA-Asp-GTC-1-1	49	50
Saccharomyces_cerevisiae_tRNA-Asp-GTC-1-1	50	51
Saccharomyces_cerevisiae_tRNA-Asp-GTC-1-1	51	52
Saccharomyces_cerevisiae_tRNA-Asp-GTC-1-1	52	53
Saccharomyces_cerevisiae_tRNA-Asp-GTC-1-1	53	54
Saccharomyces_cerevisiae_tRNA-Asp-GTC-1-1	54	55
Saccharomyces_cerevisiae_tRNA-Asp-GTC-1-1	55	56
Saccharomyces_cerevisiae_tRNA-Asp-GTC-1-1	56	57
Saccharomyces_cerevisiae_tRNA-Asp-GTC-1-1	57	58
Saccharomyces_cerevisiae_tRNA-Asp-GTC-1-1	58	59
Saccharomyces_cerevisiae_tRNA-Asp-GTC-1-1	59	60
Saccharomyces_cerevisiae_tRNA-Asp-GTC-1-1	60	61
Saccharomyces_cerevisiae_tRNA-Asp-GTC-1-1	61	62
Saccharomyces_cerevisiae_tRNA-Asp-GTC-1-1	62	63
Saccharomyces_cerevisiae_tRNA-Asp-GTC-1-1	63	64
Saccharomyces_cerevisiae_tRNA-Asp-GTC-1-1	64	65
Saccharomyces_cerevisiae_tRNA-Asp-GTC-1-1	65	66
Saccharomyces_cerevisiae_tRNA-Asp-GTC-1-1	66	67
Saccharomyces_cerevisiae_tRNA-Asp-GTC-1-1	67	68
Saccharomyces_cerevisiae_tRNA-Asp-GTC-1-1	68	69
Saccharomyces_cerevisiae_tRNA-Asp-GTC-1-1	69	70
Saccharomyces_cerevisiae_tRNA-Asp-GTC-1-1	70	71
Saccharomyces_cerevisiae_tRNA-Asp-GTC-1-1	71	72
Saccharomyces_cerevisiae_tRNA-Asp-GTC-1-1	72	73
Saccharomyces_cerevisiae_tRNA-Asp-GTC-1-1	73	74
Saccharomyces_cerevisiae_tRNA-Asp-GTC-1-1	74	75
Saccharomyces_cerevisiae_tRNA-Asp-GTC-1-1	75	76
Saccharomyces_cerevisiae_tRNA-Asp-GTC-2-1	1	1
Saccharomyces_cerevisiae_tRNA-Asp-GTC-2-1	2	2
Saccharomyces_cerevisiae_tRNA-Asp-GTC-2-1	3	3
Saccharomyces_cerevisiae_tRNA-Asp-GTC-2-1	4	6i1
Saccharomyces_cerevisiae_tRNA-Asp-GTC-2-1	5	7
Saccharomyces_cerevisiae_tRNA-Asp-GTC-2-1	6	8
Saccharomyces_cerevisiae_tRNA-Asp-GTC-2-1	7	8i1
Saccharomyces_cerevisiae_tRNA-Asp-GTC-2-1	8	9
Saccharomyces_cerevisiae_tRNA-Asp-GTC-2-1	9	10
Saccharomyces_cerevisiae_tRNA-Asp-GTC-2-1	10	11
Saccharomyces_cerevisiae_tRNA-Asp-GTC-2-1	11	12
Saccharomyces_cerevisiae_tRNA-Asp-GTC-2-1	12	13
Saccharomyces_cerevisiae_tRNA-Asp-GTC-2-1	13	14
Saccharomyces_cerevisiae_tRNA-Asp-GTC-2-1	14	15
Saccharomyces_cerevisiae_tRNA-Asp-GTC-2-1	15	16
Saccharomyces_cerevisiae_tRNA-Asp-GTC-2-1	16	18
Saccharomyces_cerevisiae_tRNA-Asp-GTC-2-1	17	19
Saccharomyces_cerevisiae_tRNA-Asp-GTC-2-1	18	20
Saccharomyces_cerevisiae_tRNA-Asp-GTC-2-1	19	20a
Saccharomyces_cerevisiae_tRNA-Asp-GTC-2-1	20	21
Saccharomyces_cerevisiae_tRNA-Asp-GTC-2-1	21	22
Saccharomyces_cerevisiae_tRNA-Asp-GTC-2-1	22	23
Saccharomyces_cerevisiae_tRNA-Asp-GTC-2-1	23	24
Saccharomyces_cerevisiae_tRNA-Asp-GTC-2-1	24	25
Saccharomyces_cerevisiae_tRNA-Asp-GTC-2-1	25	26
Saccharomyces_cerevisiae_tRNA-Asp-GTC-2-1	26	27
Saccharomyces_cerevisiae_tRNA-Asp-GTC-2-1	27	28
Saccharomyces_cerevisiae_tRNA-Asp-GTC-2-1	28	29
Saccharomyces_cerevisiae_tRNA-Asp-GTC-2-1	29	30
Saccharomyces_cerevisiae_tRNA-Asp-GTC-2-1	30	31
Saccharomyces_cerevisiae_tRNA-Asp-GTC-2-1	31	32
Saccharomyces_cerevisiae_tRNA-Asp-GTC-2-1	32	33
Saccharomyces_cerevisiae_tRNA-Asp-GTC-2-1	33	34
Saccharomyces_cerevisiae_tRNA-Asp-GTC-2-1	34	35
Saccharomyces_cerevisiae_tRNA-Asp-GTC-2-1	35	36
Saccharomyces_cerevisiae_tRNA-Asp-GTC-2-1	36	37
Saccharomyces_cerevisiae_tRNA-Asp-GTC-2-1	37	38
Saccharomyces_cerevisiae_tRNA-Asp-GTC-2-1	38	39
Saccharomyces_cerevisiae_tRNA-Asp-GTC-2-1	39	40
Saccharomyces_cerevisiae_tRNA-Asp-GTC-2-1	40	41
Saccharomyces_cerevisiae_tRNA-Asp-GTC-2-1	41	42
Saccharomyces_cerevisiae_tRNA-Asp-GTC-2-1	42	43
Saccharomyces_cerevisiae_tRNA-Asp-GTC-2-1	43	44
Saccharomyces_cerevisiae_tRNA-Asp-GTC-2-1	44	45
Saccharomyces_cerevisiae_tRNA-Asp-GTC-2-1	45	46
Saccharomyces_cerevisiae_tRNA-Asp-GTC-2-1	46	48
Saccharomyces_cerevisiae_tRNA-Asp-GTC-2-1	47	49
Saccharomyces_cerevisiae_tRNA-Asp-GTC-2-1	48	50
Saccharomyces_cerevisiae_tRNA-Asp-GTC-2-1	49	51
Saccharomyces_cerevisiae_tRNA-Asp-GTC-2-1	50	52
Saccharomyces_cerevisiae_tRNA-Asp-GTC-2-1	51	53
Saccharomyces_cerevisiae_tRNA-Asp-GTC-2-1	52	54
Saccharomyces_cerevisiae_tRNA-Asp-GTC-2-1	53	55
Saccharomyces_cerevisiae_tRNA-Asp-GTC-2-1	54	56
Saccharomyces_cerevisiae_tRNA-Asp-GTC-2-1	55	57
Saccharomyces_cerevisiae_tRNA-Asp-GTC-2-1	56	58
Saccharomyces_cerevisiae_tRNA-Asp-GTC-2-1	57	59
Saccharomyces_cerevisiae_tRNA-Asp-GTC-2-1	58	60
Saccharomyces_cerevisiae_tRNA-Asp-GTC-2-1	59	61
Saccharomyces_cerevisiae_tRNA-Asp-GTC-2-1	60	62
Saccharomyces_cerevisiae_tRNA-Asp-GTC-2-1	61	63
Saccharomyces_cerevisiae_tRNA-Asp-GTC-2-1	62	64
Saccharomyces_cerevisiae_tRNA-Asp-GTC-2-1	63	65
Saccharomyces_cerevisiae_tRNA-Asp-GTC-2-1	64	66
Saccharomyces_cerevisiae_tRNA-Asp-GTC-2-1	65	67
Saccharomyces_cerevisiae_tRNA-Asp-GTC-2-1	66	68
Saccharomyces_cerevisiae_tRNA-Asp-GTC-2-1	67	69
Saccharomyces_cerevisiae_tRNA-Asp-GTC-2-1	68	70
Saccharomyces_cerevisiae_tRNA-Asp-GTC-2-1	69	71
Saccharomyces_cerevisiae_tRNA-Asp-GTC-2-1	70	72
Saccharomyces_cerevisiae_tRNA-Asp-GTC-2-1	71	73
Saccharomyces_cerevisiae_tRNA-Asp-GTC-2-1	72	74
Saccharomyces_cerevisiae_tRNA-Asp-GTC-2-1	73	75
Saccharomyces_cerevisiae_tRNA-Asp-GTC-2-1	74	76
Saccharomyces_cerevisiae_tRNA-Cys-GCA-1-1	1	1
Saccharomyces_cerevisiae_tRNA-Cys-GCA-1-1	2	2
Saccharomyces_cerevisiae_tRNA-Cys-GCA-1-1	3	3
Saccharomyces_cerevisiae_tRNA-Cys-GCA-1-1	4	4
Saccharomyces_cerevisiae_tRNA-Cys-GCA-1-1	5	5
Saccharomyces_cerevisiae_tRNA-Cys-GCA-1-1	6	6
Saccharomyces_cerevisiae_tRNA-Cys-GCA-1-1	7	7
Saccharomyces_cerevisiae_tRNA-Cys-GCA-1-1	8	8
Saccharomyces_cerevisiae_tRNA-Cys-GCA-1-1	9	9
Saccharomyces_cerevisiae_tRNA-Cys-GCA-1-1	10	10
Saccharomyces_cerevisiae_tRNA-Cys-GCA-1-1	11	11
Saccharomyces_cerevisiae_tRNA-Cys-GCA-1-1	12	12
Saccharomyces_cerevisiae_tRNA-Cys-GCA-1-1	13	13
Saccharomyces_cerevisiae_tRNA-Cys-GCA-1-1	14	14
Saccharomyces_cerevisiae_tRNA-Cys-GCA-1-1	15	15
Saccharomyces_cerevisiae_tRNA-Cys-GCA-1-1	16	16
Saccharomyces_cerevisiae_tRNA-Cys-GCA-1-1	17	18
Saccharomyces_cerevisiae_tRNA-Cys-GCA-1-1	18	19
Saccharomyces_cerevisiae_tRNA-Cys-GCA-1-1	19	20
Saccharomyces_cerevisiae_tRNA-Cys-GCA-1-1	20	21
Saccharomyces_cerevisiae_tRNA-Cys-GCA-1-1	21	22
Saccharomyces_cerevisiae_tRNA-Cys-GCA-1-1	22	23
Saccharomyces_cerevisiae_tRNA-Cys-GCA-1-1	23	24
Saccharomyces_cerevisiae_tRNA-Cys-GCA-1-1	24	25
Saccharomyces_cerevisiae_tRNA-Cys-GCA-1-1	25	26
Saccharomyces_cerevisiae_tRNA-Cys-GCA-1-1	26	27
Saccharomyces_cerevisiae_tRNA-Cys-GCA-1-1	27	28
Saccharomyces_cerevisiae_tRNA-Cys-GCA-1-1	28	29
Saccharomyces_cerevisiae_tRNA-Cys-GCA-1-1	29	30
Saccharomyces_cerevisiae_tRNA-Cys-GCA-1-1	30	31
Saccharomyces_cerevisiae_tRNA-Cys-GCA-1-1	31	32
Saccharomyces_cerevisiae_tRNA-Cys-GCA-1-1	32	33
Saccharomyces_cerevisiae_tRNA-Cys-GCA-1-1	33	34
Saccharomyces_cerevisiae_tRNA-Cys-GCA-1-1	34	35
Saccharomyces_cerevisiae_tRNA-Cys-GCA-1-1	35	36
Saccharomyces_cerevisiae_tRNA-Cys-GCA-1-1	36	37
Saccharomyces_cerevisiae_tRNA-Cys-GCA-1-1	37	38
Saccharomyces_cerevisiae_tRNA-Cys-GCA-1-1	38	39
Saccharomyces_cerevisiae_tRNA-Cys-GCA-1-1	39	40
Saccharomyces_cerevisiae_tRNA-Cys-GCA-1-1	40	41
Saccharomyces_cerevisiae_tRNA-Cys-GCA-1-1	41	42
Saccharomyces_cerevisiae_tRNA-Cys-GCA-1-1	42	43
Saccharomyces_cerevisiae_tRNA-Cys-GCA-1-1	43	44
Saccharomyces_cerevisiae_tRNA-Cys-GCA-1-1	44	45
Saccharomyces_cerevisiae_tRNA-Cys-GCA-1-1	45	46
Saccharomyces_cerevisiae_tRNA-Cys-GCA-1-1	46	47
Saccharomyces_cerevisiae_tRNA-Cys-GCA-1-1	47	48
Saccharomyces_cerevisiae_tRNA-Cys-GCA-1-1	48	49
Saccharomyces_cerevisiae_tRNA-Cys-GCA-1-1	49	50
Saccharomyces_cerevisiae_tRNA-Cys-GCA-1-1	50	51
Saccharomyces_cerevisiae_tRNA-Cys-GCA-1-1	51	52
Saccharomyces_cerevisiae_tRNA-Cys-GCA-1-1	52	53
Saccharomyces_cerevisiae_tRNA-Cys-GCA-1-1	53	54
Saccharomyces_cerevisiae_tRNA-Cys-GCA-1-1	54	55
Saccharomyces_cerevisiae_tRNA-Cys-GCA-1-1	55	56
Saccharomyces_cerevisiae_tRNA-Cys-GCA-1-1	56	57
Saccharomyces_cerevisiae_tRNA-Cys-GCA-1-1	57	58
Saccharomyces_cerevisiae_tRNA-Cys-GCA-1-1	58	59
Saccharomyces_cerevisiae_tRNA-Cys-GCA-1-1	59	60
Saccharomyces_cerevisiae_tRNA-Cys-GCA-1-1	60	61
Saccharomyces_cerevisiae_tRNA-Cys-GCA-1-1	61	62
Saccharomyces_cerevisiae_tRNA-Cys-GCA-1-1	62	63
Saccharomyces_cerevisiae_tRNA-Cys-GCA-1-1	63	64
Saccharomyces_cerevisiae_tRNA-Cys-GCA-1-1	64	65
Saccharomyces_cerevisiae_tRNA-Cys-GCA-1-1	65	66
Saccharomyces_cerevisiae_tRNA-Cys-GCA-1-1	66	67
Saccharomyces_cerevisiae_tRNA-Cys-GCA-1-1	67	68
Saccharomyces_cerevisiae_tRNA-Cys-GCA-1-1	68	69
Saccharomyces_cerevisiae_tRNA-Cys-GCA-1-1	69	70
Saccharomyces_cerevisiae_tRNA-Cys-GCA-1-1	70	71
Saccharomyces_cerevisiae_tRNA-Cys-GCA-1-1	71	72
Saccharomyces_cerevisiae_tRNA-Cys-GCA-1-1	72	73
Saccharomyces_cerevisiae_tRNA-Cys-GCA-1-1	73	74
Saccharomyces_cerevisiae_tRNA-Cys-GCA-1-1	74	75
Saccharomyces_cerevisiae_tRNA-Cys-GCA-1-1	75	76
Saccharomyces_cerevisiae_tRNA-Gln-CTG-1-1	1	1
Saccharomyces_cerevisiae_tRNA-Gln-CTG-1-1	2	2
Saccharomyces_cerevisiae_tRNA-Gln-CTG-1-1	3	3
Saccharomyces_cerevisiae_tRNA-Gln-CTG-1-1	4	4
Saccharomyces_cerevisiae_tRNA-Gln-CTG-1-1	5	5
Saccharomyces_cerevisiae_tRNA-Gln-CTG-1-1	6	6
Saccharomyces_cerevisiae_tRNA-Gln-CTG-1-1	7	7
Saccharomyces_cerevisiae_tRNA-Gln-CTG-1-1	8	8
Saccharomyces_cerevisiae_tRNA-Gln-CTG-1-1	9	9
Saccharomyces_cerevisiae_tRNA-Gln-CTG-1-1	10	10
Saccharomyces_cerevisiae_tRNA-Gln-CTG-1-1	11	11
Saccharomyces_cerevisiae_tRNA-Gln-CTG-1-1	12	12
Saccharomyces_cerevisiae_tRNA-Gln-CTG-1-1	13	13
Saccharomyces_cerevisiae_tRNA-Gln-CTG-1-1	14	14
Saccharomyces_cerevisiae_tRNA-Gln-CTG-1-1	15	15
Saccharomyces_cerevisiae_tRNA-Gln-CTG-1-1	16	16
Saccharomyces_cerevisiae_tRNA-Gln-CTG-1-1	17	18
Saccharomyces_cerevisiae_tRNA-Gln-CTG-1-1	18	19
Saccharomyces_cerevisiae_tRNA-Gln-CTG-1-1	19	20
Saccharomyces_cerevisiae_tRNA-Gln-CTG-1-1	20	20a
Saccharomyces_cerevisiae_tRNA-Gln-CTG-1-1	21	21
Saccharomyces_cerevisiae_tRNA-Gln-CTG-1-1	22	22
Saccharomyces_cerevisiae_tRNA-Gln-CTG-1-1	23	23
Saccharomyces_cerevisiae_tRNA-Gln-CTG-1-1	24	24
Saccharomyces_cerevisiae_tRNA-Gln-CTG-1-1	25	25
Saccharomyces_cerevisiae_tRNA-Gln-CTG-1-1	26	26
Saccharomyces_cerevisiae_tRNA-Gln-CTG-1-1	27	27
Saccharomyces_cerevisiae_tRNA-Gln-CTG-1-1	28	28
Saccharomyces_cerevisiae_tRNA-Gln-CTG-1-1	29	29
Saccharomyces_cerevisiae_tRNA-Gln-CTG-1-1	30	30
Saccharomyces_cerevisiae_tRNA-Gln-CTG-1-1	31	31
Saccharomyces_cerevisiae_tRNA-Gln-CTG-1-1	32	32
Saccharomyces_cerevisiae_tRNA-Gln-CTG-1-1	33	33
Saccharomyces_cerevisiae_tRNA-Gln-CTG-1-1	34	34
Saccharomyces_cerevisiae_tRNA-Gln-CTG-1-1	35	35
Saccharomyces_cerevisiae_tRNA-Gln-CTG-1-1	36	36
Saccharomyces_cerevisiae_tRNA-Gln-CTG-1-1	37	37
Saccharomyces_cerevisiae_tRNA-Gln-CTG-1-1	38	38
Saccharomyces_cerevisiae_tRNA-Gln-CTG-1-1	39	39
Saccharomyces_cerevisiae_tRNA-Gln-CTG-1-1	40	40
Saccharomyces_cerevisiae_tRNA-Gln-CTG-1-1	41	41
Saccharomyces_cerevisiae_tRNA-Gln-CTG-1-1	42	42
Saccharomyces_cerevisiae_tRNA-Gln-CTG-1-1	43	43
Saccharomyces_cerevisiae_tRNA-Gln-CTG-1-1	44	44
Saccharomyces_cerevisiae_tRNA-Gln-CTG-1-1	45	45
Saccharomyces_cerevisiae_tRNA-Gln-CTG-1-1	46	46
Saccharomyces_cerevisiae_tRNA-Gln-CTG-1-1	47	48
Saccharomyces_cerevisiae_tRNA-Gln-CTG-1-1	48	49
Saccharomyces_cerevisiae_tRNA-Gln-CTG-1-1	49	50
Saccharomyces_cerevisiae_tRNA-Gln-CTG-1-1	50	51
Saccharomyces_cerevisiae_tRNA-Gln-CTG-1-1	51	52
Saccharomyces_cerevisiae_tRNA-Gln-CTG-1-1	52	53
Saccharomyces_cerevisiae_tRNA-Gln-CTG-1-1	53	54
Saccharomyces_cerevisiae_tRNA-Gln-CTG-1-1	54	55
Saccharomyces_cerevisiae_tRNA-Gln-CTG-1-1	55	56
Saccharomyces_cerevisiae_tRNA-Gln-CTG-1-1	56	57
Saccharomyces_cerevisiae_tRNA-Gln-CTG-1-1	57	58
Saccharomyces_cerevisiae_tRNA-Gln-CTG-1-1	58	59
Saccharomyces_cerevisiae_tRNA-Gln-CTG-1-1	59	60
Saccharomyces_cerevisiae_tRNA-Gln-CTG-1-1	60	61
Saccharomyces_cerevisiae_tRNA-Gln-CTG-1-1	61	62
Saccharomyces_cerevisiae_tRNA-Gln-CTG-1-1	62	63
Saccharomyces_cerevisiae_tRNA-Gln-CTG-1-1	63	64
Saccharomyces_cerevisiae_tRNA-Gln-CTG-1-1	64	65
Saccharomyces_cerevisiae_tRNA-Gln-CTG-1-1	65	66
Saccharomyces_cerevisiae_tRNA-Gln-CTG-1-1	66	67
Saccharomyces_cerevisiae_tRNA-Gln-CTG-1-1	67	68
Saccharomyces_cerevisiae_tRNA-Gln-CTG-1-1	68	69
Saccharomyces_cerevisiae_tRNA-Gln-CTG-1-1	69	70
Saccharomyces_cerevisiae_tRNA-Gln-CTG-1-1	70	71
Saccharomyces_cerevisiae_tRNA-Gln-CTG-1-1	71	72
Saccharomyces_cerevisiae_tRNA-Gln-CTG-1-1	72	73
Saccharomyces_cerevisiae_tRNA-Gln-CTG-1-1	73	74
Saccharomyces_cerevisiae_tRNA-Gln-CTG-1-1	74	75
Saccharomyces_cerevisiae_tRNA-Gln-CTG-1-1	75	76
Saccharomyces_cerevisiae_tRNA-Gln-TTG-1-1	1	1
Saccharomyces_cerevisiae_tRNA-Gln-TTG-1-1	2	2
Saccharomyces_cerevisiae_tRNA-Gln-TTG-1-1	3	3
Saccharomyces_cerevisiae_tRNA-Gln-TTG-1-1	4	4
Saccharomyces_cerevisiae_tRNA-Gln-TTG-1-1	5	5
Saccharomyces_cerevisiae_tRNA-Gln-TTG-1-1	6	6
Saccharomyces_cerevisiae_tRNA-Gln-TTG-1-1	7	7
Saccharomyces_cerevisiae_tRNA-Gln-TTG-1-1	8	8
Saccharomyces_cerevisiae_tRNA-Gln-TTG-1-1	9	9
Saccharomyces_cerevisiae_tRNA-Gln-TTG-1-1	10	10
Saccharomyces_cerevisiae_tRNA-Gln-TTG-1-1	11	11
Saccharomyces_cerevisiae_tRNA-Gln-TTG-1-1	12	12
Saccharomyces_cerevisiae_tRNA-Gln-TTG-1-1	13	13
Saccharomyces_cerevisiae_tRNA-Gln-TTG-1-1	14	14
Saccharomyces_cerevisiae_tRNA-Gln-TTG-1-1	15	15
Saccharomyces_cerevisiae_tRNA-Gln-TTG-1-1	16	16
Saccharomyces_cerevisiae_tRNA-Gln-TTG-1-1	17	18
Saccharomyces_cerevisiae_tRNA-Gln-TTG-1-1	18	19
Saccharomyces_cerevisiae_tRNA-Gln-TTG-1-1	19	20
Saccharomyces_cerevisiae_tRNA-Gln-TTG-1-1	20	20a
Saccharomyces_cerevisiae_tRNA-Gln-TTG-1-1	21	21
Saccharomyces_cerevisiae_tRNA-Gln-TTG-1-1	22	22
Saccharomyces_cerevisiae_tRNA-Gln-TTG-1-1	23	23
Saccharomyces_cerevisiae_tRNA-Gln-TTG-1-1	24	24
Saccharomyces_cerevisiae_tRNA-Gln-TTG-1-1	25	25
Saccharomyces_cerevisiae_tRNA-Gln-TTG-1-1	26	26
Saccharomyces_cerevisiae_tRNA-Gln-TTG-1-1	27	27
Saccharomyces_cerevisiae_tRNA-Gln-TTG-1-1	28	28
Saccharomyces_cerevisiae_tRNA-Gln-TTG-1-1	29	29
Saccharomyces_cerevisiae_tRNA-Gln-TTG-1-1	30	30
Saccharomyces_cerevisiae_tRNA-Gln-TTG-1-1	31	31
Saccharomyces_cerevisiae_tRNA-Gln-TTG-1-1	32	32
Saccharomyces_cerevisiae_tRNA-Gln-TTG-1-1	33	33
Saccharomyces_cerevisiae_tRNA-Gln-TTG-1-1	34	34
Saccharomyces_cerevisiae_tRNA-Gln-TTG-1-1	35	35
Saccharomyces_cerevisiae_tRNA-Gln-TTG-1-1	36	36
Saccharomyces_cerevisiae_tRNA-Gln-TTG-1-1	37	37
Saccharomyces_cerevisiae_tRNA-Gln-TTG-1-1	38	38
Saccharomyces_cerevisiae_tRNA-Gln-TTG-1-1	39	39
Saccharomyces_cerevisiae_tRNA-Gln-TTG-1-1	40	40
Saccharomyces_cerevisiae_tRNA-Gln-TTG-1-1	41	41
Saccharomyces_cerevisiae_tRNA-Gln-TTG-1-1	42	42
Saccharomyces_cerevisiae_tRNA-Gln-TTG-1-1	43	43
Saccharomyces_cerevisiae_tRNA-Gln-TTG-1-1	44	44
Saccharomyces_cerevisiae_tRNA-Gln-TTG-1-1	45	45
Saccharomyces_cerevisiae_tRNA-Gln-TTG-1-1	46	46
Saccharomyces_cerevisiae_tRNA-Gln-TTG-1-1	47	48
Saccharomyces_cerevisiae_tRNA-Gln-TTG-1-1	48	49
Saccharomyces_cerevisiae_tRNA-Gln-TTG-1-1	49	50
Saccharomyces_cerevisiae_tRNA-Gln-TTG-1-1	50	51
Saccharomyces_cerevisiae_tRNA-Gln-TTG-1-1	51	52
Saccharomyces_cerevisiae_tRNA-Gln-TTG-1-1	52	53
Saccharomyces_cerevisiae_tRNA-Gln-TTG-1-1	53	54
Saccharomyces_cerevisiae_tRNA-Gln-TTG-1-1	54	55
Saccharomyces_cerevisiae_tRNA-Gln-TTG-1-1	55	56
Saccharomyces_cerevisiae_tRNA-Gln-TTG-1-1	56	57
Saccharomyces_cerevisiae_tRNA-Gln-TTG-1-1	57	58
Saccharomyces_cerevisiae_tRNA-Gln-TTG-1-1	58	59
Saccharomyces_cerevisiae_tRNA-Gln-TTG-1-1	59	60
Saccharomyces_cerevisiae_tRNA-Gln-TTG-1-1	60	61
Saccharomyces_cerevisiae_tRNA-Gln-TTG-1-1	61	62
Saccharomyces_cerevisiae_tRNA-Gln-TTG-1-1	62	63
Saccharomyces_cerevisiae_tRNA-Gln-TTG-1-1	63	64
Saccharomyces_cerevisiae_tRNA-Gln-TTG-1-1	64	65
Saccharomyces_cerevisiae_tRNA-Gln-TTG-1-1	65	66
Saccharomyces_cerevisiae_tRNA-Gln-TTG-1-1	66	67
Saccharomyces_cerevisiae_tRNA-Gln-TTG-1-1	67	68
Saccharomyces_cerevisiae_tRNA-Gln-TTG-1-1	68	69
Saccharomyces_cerevisiae_tRNA-Gln-TTG-1-1	69	70
Saccharomyces_cerevisiae_tRNA-Gln-TTG-1-1	70	71
Saccharomyces_cerevisiae_tRNA-Gln-TTG-1-1	71	72
Saccharomyces_cerevisiae_tRNA-Gln-TTG-1-1	72	73
Saccharomyces_cerevisiae_tRNA-Gln-TTG-1-1	73	74
Saccharomyces_cerevisiae_tRNA-Gln-TTG-1-1	74	75
Saccharomyces_cerevisiae_tRNA-Gln-TTG-1-1	75	76
Saccharomyces_cerevisiae_tRNA-Gln-TTG-2-1	1	1
Saccharomyces_cerevisiae_tRNA-Gln-TTG-2-1	2	2
Saccharomyces_cerevisiae_tRNA-Gln-TTG-2-1	3	3
Saccharomyces_cerevisiae_tRNA-Gln-TTG-2-1	4	4
Saccharomyces_cerevisiae_tRNA-Gln-TTG-2-1	5	5
Saccharomyces_cerevisiae_tRNA-Gln-TTG-2-1	6	6
Saccharomyces_cerevisiae_tRNA-Gln-TTG-2-1	7	7
Saccharomyces_cerevisiae_tRNA-Gln-TTG-2-1	8	8
Saccharomyces_cerevisiae_tRNA-Gln-TTG-2-1	9	9
Saccharomyces_cerevisiae_tRNA-Gln-TTG-2-1	10	10
Saccharomyces_cerevisiae_tRNA-Gln-TTG-2-1	11	11
Saccharomyces_cerevisiae_tRNA-Gln-TTG-2-1	12	12
Saccharomyces_cerevisiae_tRNA-Gln-TTG-2-1	13	13
Saccharomyces_cerevisiae_tRNA-Gln-TTG-2-1	14	14
Saccharomyces_cerevisiae_tRNA-Gln-TTG-2-1	15	15
Saccharomyces_cerevisiae_tRNA-Gln-TTG-2-1	16	16
Saccharomyces_cerevisiae_tRNA-Gln-TTG-2-1	17	18
Saccharomyces_cerevisiae_tRNA-Gln-TTG-2-1	18	19
Saccharomyces_cerevisiae_tRNA-Gln-TTG-2-1	19	20
Saccharomyces_cerevisiae_tRNA-Gln-TTG-2-1	20	20a
Saccharomyces_cerevisiae_tRNA-Gln-TTG-2-1	21	21
Saccharomyces_cerevisiae_tRNA-Gln-TTG-2-1	22	22
Saccharomyces_cerevisiae_tRNA-Gln-TTG-2-1	23	23
Saccharomyces_cerevisiae_tRNA-Gln-TTG-2-1	24	24
Saccharomyces_cerevisiae_tRNA-Gln-TTG-2-1	25	25
Saccharomyces_cerevisiae_tRNA-Gln-TTG-2-1	26	26
Saccharomyces_cerevisiae_tRNA-Gln-TTG-2-1	27	27
Saccharomyces_cerevisiae_tRNA-Gln-TTG-2-1	28	28
Saccharomyces_cerevisiae_tRNA-Gln-TTG-2-1	29	29
Saccharomyces_cerevisiae_tRNA-Gln-TTG-2-1	30	30
Saccharomyces_cerevisiae_tRNA-Gln-TTG-2-1	31	31
Saccharomyces_cerevisiae_tRNA-Gln-TTG-2-1	32	32
Saccharomyces_cerevisiae_tRNA-Gln-TTG-2-1	33	33
Saccharomyces_cerevisiae_tRNA-Gln-TTG-2-1	34	34
Saccharomyces_cerevisiae_tRNA-Gln-TTG-2-1	35	35
Saccharomyces_cerevisiae_tRNA-Gln-TTG-2-1	36	36
Saccharomyces_cerevisiae_tRNA-Gln-TTG-2-1	37	37
Saccharomyces_cerevisiae_tRNA-Gln-TTG-2-1	38	38
Saccharomyces_cerevisiae_tRNA-Gln-TTG-2-1	39	39
Saccharomyces_cerevisiae_tRNA-Gln-TTG-2-1	40	40
Saccharomyces_cerevisiae_tRNA-Gln-TTG-2-1	41	41
Saccharomyces_cerevisiae_tRNA-Gln-TTG-2-1	42	42
Saccharomyces_cerevisiae_tRNA-Gln-TTG-2-1	43	43
Saccharomyces_cerevisiae_tRNA-Gln-TTG-2-1	44	44
Saccharomyces_cerevisiae_tRNA-Gln-TTG-2-1	45	45
Saccharomyces_cerevisiae_tRNA-Gln-TTG-2-1	46	46
Saccharomyces_cerevisiae_tRNA-Gln-TTG-2-1	47	48
Saccharomyces_cerevisiae_tRNA-Gln-TTG-2-1	48	49
Saccharomyces_cerevisiae_tRNA-Gln-TTG-2-1	49	50
Saccharomyces_cerevisiae_tRNA-Gln-TTG-2-1	50	51
Saccharomyces_cerevisiae_tRNA-Gln-TTG-2-1	51	52
Saccharomyces_cerevisiae_tRNA-Gln-TTG-2-1	52	53
Saccharomyces_cerevisiae_tRNA-Gln-TTG-2-1	53	54
Saccharomyces_cerevisiae_tRNA-Gln-TTG-2-1	54	55
Saccharomyces_cerevisiae_tRNA-Gln-TTG-2-1	55	56
Saccharomyces_cerevisiae_tRNA-Gln-TTG-2-1	56	57
Saccharomyces_cerevisiae_tRNA-Gln-TTG-2-1	57	58
Saccharomyces_cerevisiae_tRNA-Gln-TTG-2-1	58	59
Saccharomyces_cerevisiae_tRNA-Gln-TTG-2-1	59	60
Saccharomyces_cerevisiae_tRNA-Gln-TTG-2-1	60	61
Saccharomyces_cerevisiae_tRNA-Gln-TTG-2-1	61	62
Saccharomyces_cerevisiae_tRNA-Gln-TTG-2-1	62	63
Saccharomyces_cerevisiae_tRNA-Gln-TTG-2-1	63	64
Saccharomyces_cerevisiae_tRNA-Gln-TTG-2-1	64	65
Saccharomyces_cerevisiae_tRNA-Gln-TTG-2-1	65	66
Saccharomyces_cerevisiae_tRNA-Gln-TTG-2-1	66	67
Saccharomyces_cerevisiae_tRNA-Gln-TTG-2-1	67	68
Saccharomyces_cerevisiae_tRNA-Gln-TTG-2-1	68	69
Saccharomyces_cerevisiae_tRNA-Gln-TTG-2-1	69	70
Saccharomyces_cerevisiae_tRNA-Gln-TTG-2-1	70	71
Saccharomyces_cerevisiae_tRNA-Gln-TTG-2-1	71	72
Saccharomyces_cerevisiae_tRNA-Gln-TTG-2-1	72	73
Saccharomyces_cerevisiae_tRNA-Gln-TTG-2-1	73	74
Saccharomyces_cerevisiae_tRNA-Gln-TTG-2-1	74	75
Saccharomyces_cerevisiae_tRNA-Gln-TTG-2-1	75	76
Saccharomyces_cerevisiae_tRNA-Gln-TTG-3-1	1	1
Saccharomyces_cerevisiae_tRNA-Gln-TTG-3-1	2	2
Saccharomyces_cerevisiae_tRNA-Gln-TTG-3-1	3	3
Saccharomyces_cerevisiae_tRNA-Gln-TTG-3-1	4	4
Saccharomyces_cerevisiae_tRNA-Gln-TTG-3-1	5	5
Saccharomyces_cerevisiae_tRNA-Gln-TTG-3-1	6	6
Saccharomyces_cerevisiae_tRNA-Gln-TTG-3-1	7	7
Saccharomyces_cerevisiae_tRNA-Gln-TTG-3-1	8	8
Saccharomyces_cerevisiae_tRNA-Gln-TTG-3-1	9	9
Saccharomyces_cerevisiae_tRNA-Gln-TTG-3-1	10	10
Saccharomyces_cerevisiae_tRNA-Gln-TTG-3-1	11	11
Saccharomyces_cerevisiae_tRNA-Gln-TTG-3-1	12	12
Saccharomyces_cerevisiae_tRNA-Gln-TTG-3-1	13	13
Saccharomyces_cerevisiae_tRNA-Gln-TTG-3-1	14	14
Saccharomyces_cerevisiae_tRNA-Gln-TTG-3-1	15	15
Saccharomyces_cerevisiae_tRNA-Gln-TTG-3-1	16	16
Saccharomyces_cerevisiae_tRNA-Gln-TTG-3-1	17	18
Saccharomyces_cerevisiae_tRNA-Gln-TTG-3-1	18	19
Saccharomyces_cerevisiae_tRNA-Gln-TTG-3-1	19	20
Saccharomyces_cerevisiae_tRNA-Gln-TTG-3-1	20	20a
Saccharomyces_cerevisiae_tRNA-Gln-TTG-3-1	21	21
Saccharomyces_cerevisiae_tRNA-Gln-TTG-3-1	22	22
Saccharomyces_cerevisiae_tRNA-Gln-TTG-3-1	23	23
Saccharomyces_cerevisiae_tRNA-Gln-TTG-3-1	24	24
Saccharomyces_cerevisiae_tRNA-Gln-TTG-3-1	25	25
Saccharomyces_cerevisiae_tRNA-Gln-TTG-3-1	26	26
Saccharomyces_cerevisiae_tRNA-Gln-TTG-3-1	27	27
Saccharomyces_cerevisiae_tRNA-Gln-TTG-3-1	28	28
Saccharomyces_cerevisiae_tRNA-Gln-TTG-3-1	29	29
Saccharomyces_cerevisiae_tRNA-Gln-TTG-3-1	30	30
Saccharomyces_cerevisiae_tRNA-Gln-TTG-3-1	31	31
Saccharomyces_cerevisiae_tRNA-Gln-TTG-3-1	32	32
Saccharomyces_cerevisiae_tRNA-Gln-TTG-3-1	33	33
Saccharomyces_cerevisiae_tRNA-Gln-TTG-3-1	34	34
Saccharomyces_cerevisiae_tRNA-Gln-TTG-3-1	35	35
Saccharomyces_cerevisiae_tRNA-Gln-TTG-3-1	36	36
Saccharomyces_cerevisiae_tRNA-Gln-TTG-3-1	37	37
Saccharomyces_cerevisiae_tRNA-Gln-TTG-3-1	38	38
Saccharomyces_cerevisiae_tRNA-Gln-TTG-3-1	39	39
Saccharomyces_cerevisiae_tRNA-Gln-TTG-3-1	40	40
Saccharomyces_cerevisiae_tRNA-Gln-TTG-3-1	41	41
Saccharomyces_cerevisiae_tRNA-Gln-TTG-3-1	42	42
Saccharomyces_cerevisiae_tRNA-Gln-TTG-3-1	43	43
Saccharomyces_cerevisiae_tRNA-Gln-TTG-3-1	44	44
Saccharomyces_cerevisiae_tRNA-Gln-TTG-3-1	45	45
Saccharomyces_cerevisiae_tRNA-Gln-TTG-3-1	46	46
Saccharomyces_cerevisiae_tRNA-Gln-TTG-3-1	47	48
Saccharomyces_cerevisiae_tRNA-Gln-TTG-3-1	48	49
Saccharomyces_cerevisiae_tRNA-Gln-TTG-3-1	49	50
Saccharomyces_cerevisiae_tRNA-Gln-TTG-3-1	50	51
Saccharomyces_cerevisiae_tRNA-Gln-TTG-3-1	51	52
Saccharomyces_cerevisiae_tRNA-Gln-TTG-3-1	52	53
Saccharomyces_cerevisiae_tRNA-Gln-TTG-3-1	53	54
Saccharomyces_cerevisiae_tRNA-Gln-TTG-3-1	54	55
Saccharomyces_cerevisiae_tRNA-Gln-TTG-3-1	55	56
Saccharomyces_cerevisiae_tRNA-Gln-TTG-3-1	56	57
Saccharomyces_cerevisiae_tRNA-Gln-TTG-3-1	57	58
Saccharomyces_cerevisiae_tRNA-Gln-TTG-3-1	58	59
Saccharomyces_cerevisiae_tRNA-Gln-TTG-3-1	59	60
Saccharomyces_cerevisiae_tRNA-Gln-TTG-3-1	60	61
Saccharomyces_cerevisiae_tRNA-Gln-TTG-3-1	61	62
Saccharomyces_cerevisiae_tRNA-Gln-TTG-3-1	62	63
Saccharomyces_cerevisiae_tRNA-Gln-TTG-3-1	63	64
Saccharomyces_cerevisiae_tRNA-Gln-TTG-3-1	64	65
Saccharomyces_cerevisiae_tRNA-Gln-TTG-3-1	65	66
Saccharomyces_cerevisiae_tRNA-Gln-TTG-3-1	66	67
Saccharomyces_cerevisiae_tRNA-Gln-TTG-3-1	67	68
Saccharomyces_cerevisiae_tRNA-Gln-TTG-3-1	68	69
Saccharomyces_cerevisiae_tRNA-Gln-TTG-3-1	69	70
Saccharomyces_cerevisiae_tRNA-Gln-TTG-3-1	70	71
Saccharomyces_cerevisiae_tRNA-Gln-TTG-3-1	71	72
Saccharomyces_cerevisiae_tRNA-Gln-TTG-3-1	72	73
Saccharomyces_cerevisiae_tRNA-Gln-TTG-3-1	73	74
Saccharomyces_cerevisiae_tRNA-Gln-TTG-3-1	74	75
Saccharomyces_cerevisiae_tRNA-Gln-TTG-3-1	75	76
Saccharomyces_cerevisiae_tRNA-Glu-CTC-1-1	1	1
Saccharomyces_cerevisiae_tRNA-Glu-CTC-1-1	2	2
Saccharomyces_cerevisiae_tRNA-Glu-CTC-1-1	3	3
Saccharomyces_cerevisiae_tRNA-Glu-CTC-1-1	4	4
Saccharomyces_cerevisiae_tRNA-Glu-CTC-1-1	5	5
Saccharomyces_cerevisiae_tRNA-Glu-CTC-1-1	6	6
Saccharomyces_cerevisiae_tRNA-Glu-CTC-1-1	7	7
Saccharomyces_cerevisiae_tRNA-Glu-CTC-1-1	8	8
Saccharomyces_cerevisiae_tRNA-Glu-CTC-1-1	9	9
Saccharomyces_cerevisiae_tRNA-Glu-CTC-1-1	10	10
Saccharomyces_cerevisiae_tRNA-Glu-CTC-1-1	11	11
Saccharomyces_cerevisiae_tRNA-Glu-CTC-1-1	12	12
Saccharomyces_cerevisiae_tRNA-Glu-CTC-1-1	13	13
Saccharomyces_cerevisiae_tRNA-Glu-CTC-1-1	14	14
Saccharomyces_cerevisiae_tRNA-Glu-CTC-1-1	15	15
Saccharomyces_cerevisiae_tRNA-Glu-CTC-1-1	16	16
Saccharomyces_cerevisiae_tRNA-Glu-CTC-1-1	17	18
Saccharomyces_cerevisiae_tRNA-Glu-CTC-1-1	18	19
Saccharomyces_cerevisiae_tRNA-Glu-CTC-1-1	19	20
Saccharomyces_cerevisiae_tRNA-Glu-CTC-1-1	20	20a
Saccharomyces_cerevisiae_tRNA-Glu-CTC-1-1	21	21
Saccharomyces_cerevisiae_tRNA-Glu-CTC-1-1	22	22
Saccharomyces_cerevisiae_tRNA-Glu-CTC-1-1	23	23
Saccharomyces_cerevisiae_tRNA-Glu-CTC-1-1	24	24
Saccharomyces_cerevisiae_tRNA-Glu-CTC-1-1	25	25
Saccharomyces_cerevisiae_tRNA-Glu-CTC-1-1	26	26
Saccharomyces_cerevisiae_tRNA-Glu-CTC-1-1	27	27
Saccharomyces_cerevisiae_tRNA-Glu-CTC-1-1	28	28
Saccharomyces_cerevisiae_tRNA-Glu-CTC-1-1	29	29
Saccharomyces_cerevisiae_tRNA-Glu-CTC-1-1	30	30
Saccharomyces_cerevisiae_tRNA-Glu-CTC-1-1	31	31
Saccharomyces_cerevisiae_tRNA-Glu-CTC-1-1	32	32
Saccharomyces_cerevisiae_tRNA-Glu-CTC-1-1	33	33
Saccharomyces_cerevisiae_tRNA-Glu-CTC-1-1	34	34
Saccharomyces_cerevisiae_tRNA-Glu-CTC-1-1	35	35
Saccharomyces_cerevisiae_tRNA-Glu-CTC-1-1	36	36
Saccharomyces_cerevisiae_tRNA-Glu-CTC-1-1	37	37
Saccharomyces_cerevisiae_tRNA-Glu-CTC-1-1	38	38
Saccharomyces_cerevisiae_tRNA-Glu-CTC-1-1	39	39
Saccharomyces_cerevisiae_tRNA-Glu-CTC-1-1	40	40
Saccharomyces_cerevisiae_tRNA-Glu-CTC-1-1	41	41
Saccharomyces_cerevisiae_tRNA-Glu-CTC-1-1	42	42
Saccharomyces_cerevisiae_tRNA-Glu-CTC-1-1	43	43
Saccharomyces_cerevisiae_tRNA-Glu-CTC-1-1	44	44
Saccharomyces_cerevisiae_tRNA-Glu-CTC-1-1	45	45
Saccharomyces_cerevisiae_tRNA-Glu-CTC-1-1	46	46
Saccharomyces_cerevisiae_tRNA-Glu-CTC-1-1	47	48
Saccharomyces_cerevisiae_tRNA-Glu-CTC-1-1	48	49
Saccharomyces_cerevisiae_tRNA-Glu-CTC-1-1	49	50
Saccharomyces_cerevisiae_tRNA-Glu-CTC-1-1	50	51
Saccharomyces_cerevisiae_tRNA-Glu-CTC-1-1	51	52
Saccharomyces_cerevisiae_tRNA-Glu-CTC-1-1	52	53
Saccharomyces_cerevisiae_tRNA-Glu-CTC-1-1	53	54
Saccharomyces_cerevisiae_tRNA-Glu-CTC-1-1	54	55
Saccharomyces_cerevisiae_tRNA-Glu-CTC-1-1	55	56
Saccharomyces_cerevisiae_tRNA-Glu-CTC-1-1	56	57
Saccharomyces_cerevisiae_tRNA-Glu-CTC-1-1	57	58
Saccharomyces_cerevisiae_tRNA-Glu-CTC-1-1	58	59
Saccharomyces_cerevisiae_tRNA-Glu-CTC-1-1	59	60
Saccharomyces_cerevisiae_tRNA-Glu-CTC-1-1	60	61
Saccharomyces_cerevisiae_tRNA-Glu-CTC-1-1	61	62
Saccharomyces_cerevisiae_tRNA-Glu-CTC-1-1	62	63
Saccharomyces_cerevisiae_tRNA-Glu-CTC-1-1	63	64
Saccharomyces_cerevisiae_tRNA-Glu-CTC-1-1	64	65
Saccharomyces_cerevisiae_tRNA-Glu-CTC-1-1	65	66
Saccharomyces_cerevisiae_tRNA-Glu-CTC-1-1	66	67
Saccharomyces_cerevisiae_tRNA-Glu-CTC-1-1	67	68
Saccharomyces_cerevisiae_tRNA-Glu-CTC-1-1	68	69
Saccharomyces_cerevisiae_tRNA-Glu-CTC-1-1	69	70
Saccharomyces_cerevisiae_tRNA-Glu-CTC-1-1	70	71
Saccharomyces_cerevisiae_tRNA-Glu-CTC-1-1	71	72
Saccharomyces_cerevisiae_tRNA-Glu-CTC-1-1	72	73
Saccharomyces_cerevisiae_tRNA-Glu-CTC-1-1	73	74
Saccharomyces_cerevisiae_tRNA-Glu-CTC-1-1	74	75
Saccharomyces_cerevisiae_tRNA-Glu-CTC-1-1	75	76
Saccharomyces_cerevisiae_tRNA-Glu-TTC-1-1	1	1
Saccharomyces_cerevisiae_tRNA-Glu-TTC-1-1	2	2
Saccharomyces_cerevisiae_tRNA-Glu-TTC-1-1	3	3
Saccharomyces_cerevisiae_tRNA-Glu-TTC-1-1	4	4
Saccharomyces_cerevisiae_tRNA-Glu-TTC-1-1	5	5
Saccharomyces_cerevisiae_tRNA-Glu-TTC-1-1	6	6
Saccharomyces_cerevisiae_tRNA-Glu-TTC-1-1	7	7
Saccharomyces_cerevisiae_tRNA-Glu-TTC-1-1	8	8
Saccharomyces_cerevisiae_tRNA-Glu-TTC-1-1	9	9
Saccharomyces_cerevisiae_tRNA-Glu-TTC-1-1	10	10
Saccharomyces_cerevisiae_tRNA-Glu-TTC-1-1	11	11
Saccharomyces_cerevisiae_tRNA-Glu-TTC-1-1	12	12
Saccharomyces_cerevisiae_tRNA-Glu-TTC-1-1	13	13
Saccharomyces_cerevisiae_tRNA-Glu-TTC-1-1	14	14
Saccharomyces_cerevisiae_tRNA-Glu-TTC-1-1	15	15
Saccharomyces_cerevisiae_tRNA-Glu-TTC-1-1	16	16
Saccharomyces_cerevisiae_tRNA-Glu-TTC-1-1	17	18
Saccharomyces_cerevisiae_tRNA-Glu-TTC-1-1	18	19
Saccharomyces_cerevisiae_tRNA-Glu-TTC-1-1	19	20
Saccharomyces_cerevisiae_tRNA-Glu-TTC-1-1	20	20a
Saccharomyces_cerevisiae_tRNA-Glu-TTC-1-1	21	21
Saccharomyces_cerevisiae_tRNA-Glu-TTC-1-1	22	22
Saccharomyces_cerevisiae_tRNA-Glu-TTC-1-1	23	23
Saccharomyces_cerevisiae_tRNA-Glu-TTC-1-1	24	24
Saccharomyces_cerevisiae_tRNA-Glu-TTC-1-1	25	25
Saccharomyces_cerevisiae_tRNA-Glu-TTC-1-1	26	26
Saccharomyces_cerevisiae_tRNA-Glu-TTC-1-1	27	27
Saccharomyces_cerevisiae_tRNA-Glu-TTC-1-1	28	28
Saccharomyces_cerevisiae_tRNA-Glu-TTC-1-1	29	29
Saccharomyces_cerevisiae_tRNA-Glu-TTC-1-1	30	30
Saccharomyces_cerevisiae_tRNA-Glu-TTC-1-1	31	31
Saccharomyces_cerevisiae_tRNA-Glu-TTC-1-1	32	32
Saccharomyces_cerevisiae_tRNA-Glu-TTC-1-1	33	33
Saccharomyces_cerevisiae_tRNA-Glu-TTC-1-1	34	34
Saccharomyces_cerevisiae_tRNA-Glu-TTC-1-1	35	35
Saccharomyces_cerevisiae_tRNA-Glu-TTC-1-1	36	36
Saccharomyces_cerevisiae_tRNA-Glu-TTC-1-1	37	37
Saccharomyces_cerevisiae_tRNA-Glu-TTC-1-1	38	38
Saccharomyces_cerevisiae_tRNA-Glu-TTC-1-1	39	39
Saccharomyces_cerevisiae_tRNA-Glu-TTC-1-1	40	40
Saccharomyces_cerevisiae_tRNA-Glu-TTC-1-1	41	41
Saccharomyces_cerevisiae_tRNA-Glu-TTC-1-1	42	42
Saccharomyces_cerevisiae_tRNA-Glu-TTC-1-1	43	43
Saccharomyces_cerevisiae_tRNA-Glu-TTC-1-1	44	44
Saccharomyces_cerevisiae_tRNA-Glu-TTC-1-1	45	45
Saccharomyces_cerevisiae_tRNA-Glu-TTC-1-1	46	46
Saccharomyces_cerevisiae_tRNA-Glu-TTC-1-1	47	48
Saccharomyces_cerevisiae_tRNA-Glu-TTC-1-1	48	49
Saccharomyces_cerevisiae_tRNA-Glu-TTC-1-1	49	50
Saccharomyces_cerevisiae_tRNA-Glu-TTC-1-1	50	51
Saccharomyces_cerevisiae_tRNA-Glu-TTC-1-1	51	52
Saccharomyces_cerevisiae_tRNA-Glu-TTC-1-1	52	53
Saccharomyces_cerevisiae_tRNA-Glu-TTC-1-1	53	54
Saccharomyces_cerevisiae_tRNA-Glu-TTC-1-1	54	55
Saccharomyces_cerevisiae_tRNA-Glu-TTC-1-1	55	56
Saccharomyces_cerevisiae_tRNA-Glu-TTC-1-1	56	57
Saccharomyces_cerevisiae_tRNA-Glu-TTC-1-1	57	58
Saccharomyces_cerevisiae_tRNA-Glu-TTC-1-1	58	59
Saccharomyces_cerevisiae_tRNA-Glu-TTC-1-1	59	60
Saccharomyces_cerevisiae_tRNA-Glu-TTC-1-1	60	61
Saccharomyces_cerevisiae_tRNA-Glu-TTC-1-1	61	62
Saccharomyces_cerevisiae_tRNA-Glu-TTC-1-1	62	63
Saccharomyces_cerevisiae_tRNA-Glu-TTC-1-1	63	64
Saccharomyces_cerevisiae_tRNA-Glu-TTC-1-1	64	65
Saccharomyces_cerevisiae_tRNA-Glu-TTC-1-1	65	66
Saccharomyces_cerevisiae_tRNA-Glu-TTC-1-1	66	67
Saccharomyces_cerevisiae_tRNA-Glu-TTC-1-1	67	68
Saccharomyces_cerevisiae_tRNA-Glu-TTC-1-1	68	69
Saccharomyces_cerevisiae_tRNA-Glu-TTC-1-1	69	70
Saccharomyces_cerevisiae_tRNA-Glu-TTC-1-1	70	71
Saccharomyces_cerevisiae_tRNA-Glu-TTC-1-1	71	72
Saccharomyces_cerevisiae_tRNA-Glu-TTC-1-1	72	73
Saccharomyces_cerevisiae_tRNA-Glu-TTC-1-1	73	74
Saccharomyces_cerevisiae_tRNA-Glu-TTC-1-1	74	75
Saccharomyces_cerevisiae_tRNA-Glu-TTC-1-1	75	76
Saccharomyces_cerevisiae_tRNA-Glu-TTC-2-1	1	1
Saccharomyces_cerevisiae_tRNA-Glu-TTC-2-1	2	2
Saccharomyces_cerevisiae_tRNA-Glu-TTC-2-1	3	3
Saccharomyces_cerevisiae_tRNA-Glu-TTC-2-1	4	4
Saccharomyces_cerevisiae_tRNA-Glu-TTC-2-1	5	5
Saccharomyces_cerevisiae_tRNA-Glu-TTC-2-1	6	6
Saccharomyces_cerevisiae_tRNA-Glu-TTC-2-1	7	7
Saccharomyces_cerevisiae_tRNA-Glu-TTC-2-1	8	8
Saccharomyces_cerevisiae_tRNA-Glu-TTC-2-1	9	9
Saccharomyces_cerevisiae_tRNA-Glu-TTC-2-1	10	10
Saccharomyces_cerevisiae_tRNA-Glu-TTC-2-1	11	11
Saccharomyces_cerevisiae_tRNA-Glu-TTC-2-1	12	12
Saccharomyces_cerevisiae_tRNA-Glu-TTC-2-1	13	13
Saccharomyces_cerevisiae_tRNA-Glu-TTC-2-1	14	14
Saccharomyces_cerevisiae_tRNA-Glu-TTC-2-1	15	15
Saccharomyces_cerevisiae_tRNA-Glu-TTC-2-1	16	16
Saccharomyces_cerevisiae_tRNA-Glu-TTC-2-1	17	18
Saccharomyces_cerevisiae_tRNA-Glu-TTC-2-1	18	19
Saccharomyces_cerevisiae_tRNA-Glu-TTC-2-1	19	20
Saccharomyces_cerevisiae_tRNA-Glu-TTC-2-1	20	20a
Saccharomyces_cerevisiae_tRNA-Glu-TTC-2-1	21	21
Saccharomyces_cerevisiae_tRNA-Glu-TTC-2-1	22	22
Saccharomyces_cerevisiae_tRNA-Glu-TTC-2-1	23	23
Saccharomyces_cerevisiae_tRNA-Glu-TTC-2-1	24	24
Saccharomyces_cerevisiae_tRNA-Glu-TTC-2-1	25	25
Saccharomyces_cerevisiae_tRNA-Glu-TTC-2-1	26	26
Saccharomyces_cerevisiae_tRNA-Glu-TTC-2-1	27	27
Saccharomyces_cerevisiae_tRNA-Glu-TTC-2-1	28	28
Saccharomyces_cerevisiae_tRNA-Glu-TTC-2-1	29	29
Saccharomyces_cerevisiae_tRNA-Glu-TTC-2-1	30	30
Saccharomyces_cerevisiae_tRNA-Glu-TTC-2-1	31	31
Saccharomyces_cerevisiae_tRNA-Glu-TTC-2-1	32	32
Saccharomyces_cerevisiae_tRNA-Glu-TTC-2-1	33	33
Saccharomyces_cerevisiae_tRNA-Glu-TTC-2-1	34	34
Saccharomyces_cerevisiae_tRNA-Glu-TTC-2-1	35	35
Saccharomyces_cerevisiae_tRNA-Glu-TTC-2-1	36	36
Saccharomyces_cerevisiae_tRNA-Glu-TTC-2-1	37	37
Saccharomyces_cerevisiae_tRNA-Glu-TTC-2-1	38	38
Saccharomyces_cerevisiae_tRNA-Glu-TTC-2-1	39	39
Saccharomyces_cerevisiae_tRNA-Glu-TTC-2-1	40	40
Saccharomyces_cerevisiae_tRNA-Glu-TTC-2-1	41	41
Saccharomyces_cerevisiae_tRNA-Glu-TTC-2-1	42	42
Saccharomyces_cerevisiae_tRNA-Glu-TTC-2-1	43	43
Saccharomyces_cerevisiae_tRNA-Glu-TTC-2-1	44	44
Saccharomyces_cerevisiae_tRNA-Glu-TTC-2-1	45	45
Saccharomyces_cerevisiae_tRNA-Glu-TTC-2-1	46	46
Saccharomyces_cerevisiae_tRNA-Glu-TTC-2-1	47	48
Saccharomyces_cerevisiae_tRNA-Glu-TTC-2-1	48	49
Saccharomyces_cerevisiae_tRNA-Glu-TTC-2-1	49	50
Saccharomyces_cerevisiae_tRNA-Glu-TTC-2-1	50	51
Saccharomyces_cerevisiae_tRNA-Glu-TTC-2-1	51	52
Saccharomyces_cerevisiae_tRNA-Glu-TTC-2-1	52	53
Saccharomyces_cerevisiae_tRNA-Glu-TTC-2-1	53	54
Saccharomyces_cerevisiae_tRNA-Glu-TTC-2-1	54	55
Saccharomyces_cerevisiae_tRNA-Glu-TTC-2-1	55	56
Saccharomyces_cerevisiae_tRNA-Glu-TTC-2-1	56	57
Saccharomyces_cerevisiae_tRNA-Glu-TTC-2-1	57	58
Saccharomyces_cerevisiae_tRNA-Glu-TTC-2-1	58	59
Saccharomyces_cerevisiae_tRNA-Glu-TTC-2-1	59	60
Saccharomyces_cerevisiae_tRNA-Glu-TTC-2-1	60	61
Saccharomyces_cerevisiae_tRNA-Glu-TTC-2-1	61	62
Saccharomyces_cerevisiae_tRNA-Glu-TTC-2-1	62	63
Saccharomyces_cerevisiae_tRNA-Glu-TTC-2-1	63	64
Saccharomyces_cerevisiae_tRNA-Glu-TTC-2-1	64	65
Saccharomyces_cerevisiae_tRNA-Glu-TTC-2-1	65	66
Saccharomyces_cerevisiae_tRNA-Glu-TTC-2-1	66	67
Saccharomyces_cerevisiae_tRNA-Glu-TTC-2-1	67	68
Saccharomyces_cerevisiae_tRNA-Glu-TTC-2-1	68	69
Saccharomyces_cerevisiae_tRNA-Glu-TTC-2-1	69	70
Saccharomyces_cerevisiae_tRNA-Glu-TTC-2-1	70	71
Saccharomyces_cerevisiae_tRNA-Glu-TTC-2-1	71	72
Saccharomyces_cerevisiae_tRNA-Glu-TTC-2-1	72	73
Saccharomyces_cerevisiae_tRNA-Glu-TTC-2-1	73	74
Saccharomyces_cerevisiae_tRNA-Glu-TTC-2-1	74	75
Saccharomyces_cerevisiae_tRNA-Glu-TTC-2-1	75	76
Saccharomyces_cerevisiae_tRNA-Gly-CCC-1-1	1	1
Saccharomyces_cerevisiae_tRNA-Gly-CCC-1-1	2	2
Saccharomyces_cerevisiae_tRNA-Gly-CCC-1-1	3	3
Saccharomyces_cerevisiae_tRNA-Gly-CCC-1-1	4	4
Saccharomyces_cerevisiae_tRNA-Gly-CCC-1-1	5	5
Saccharomyces_cerevisiae_tRNA-Gly-CCC-1-1	6	6
Saccharomyces_cerevisiae_tRNA-Gly-CCC-1-1	7	7
Saccharomyces_cerevisiae_tRNA-Gly-CCC-1-1	8	8
Saccharomyces_cerevisiae_tRNA-Gly-CCC-1-1	9	9
Saccharomyces_cerevisiae_tRNA-Gly-CCC-1-1	10	10
Saccharomyces_cerevisiae_tRNA-Gly-CCC-1-1	11	11
Saccharomyces_cerevisiae_tRNA-Gly-CCC-1-1	12	12
Saccharomyces_cerevisiae_tRNA-Gly-CCC-1-1	13	13
Saccharomyces_cerevisiae_tRNA-Gly-CCC-1-1	14	14
Saccharomyces_cerevisiae_tRNA-Gly-CCC-1-1	15	15
Saccharomyces_cerevisiae_tRNA-Gly-CCC-1-1	16	16
Saccharomyces_cerevisiae_tRNA-Gly-CCC-1-1	17	18
Saccharomyces_cerevisiae_tRNA-Gly-CCC-1-1	18	19
Saccharomyces_cerevisiae_tRNA-Gly-CCC-1-1	19	20
Saccharomyces_cerevisiae_tRNA-Gly-CCC-1-1	20	20a
Saccharomyces_cerevisiae_tRNA-Gly-CCC-1-1	21	21
Saccharomyces_cerevisiae_tRNA-Gly-CCC-1-1	22	22
Saccharomyces_cerevisiae_tRNA-Gly-CCC-1-1	23	23
Saccharomyces_cerevisiae_tRNA-Gly-CCC-1-1	24	24
Saccharomyces_cerevisiae_tRNA-Gly-CCC-1-1	25	25
Saccharomyces_cerevisiae_tRNA-Gly-CCC-1-1	26	26
Saccharomyces_cerevisiae_tRNA-Gly-CCC-1-1	27	27
Saccharomyces_cerevisiae_tRNA-Gly-CCC-1-1	28	28
Saccharomyces_cerevisiae_tRNA-Gly-CCC-1-1	29	29
Saccharomyces_cerevisiae_tRNA-Gly-CCC-1-1	30	30
Saccharomyces_cerevisiae_tRNA-Gly-CCC-1-1	31	31
Saccharomyces_cerevisiae_tRNA-Gly-CCC-1-1	32	32
Saccharomyces_cerevisiae_tRNA-Gly-CCC-1-1	33	33
Saccharomyces_cerevisiae_tRNA-Gly-CCC-1-1	34	34
Saccharomyces_cerevisiae_tRNA-Gly-CCC-1-1	35	35
Saccharomyces_cerevisiae_tRNA-Gly-CCC-1-1	36	36
Saccharomyces_cerevisiae_tRNA-Gly-CCC-1-1	37	37
Saccharomyces_cerevisiae_tRNA-Gly-CCC-1-1	38	38
Saccharomyces_cerevisiae_tRNA-Gly-CCC-1-1	39	39
Saccharomyces_cerevisiae_tRNA-Gly-CCC-1-1	40	40
Saccharomyces_cerevisiae_tRNA-Gly-CCC-1-1	41	41
Saccharomyces_cerevisiae_tRNA-Gly-CCC-1-1	42	42
Saccharomyces_cerevisiae_tRNA-Gly-CCC-1-1	43	43
Saccharomyces_cerevisiae_tRNA-Gly-CCC-1-1	44	44
Saccharomyces_cerevisiae_tRNA-Gly-CCC-1-1	45	45
Saccharomyces_cerevisiae_tRNA-Gly-CCC-1-1	46	46
Saccharomyces_cerevisiae_tRNA-Gly-CCC-1-1	47	48
Saccharomyces_cerevisiae_tRNA-Gly-CCC-1-1	48	49
Saccharomyces_cerevisiae_tRNA-Gly-CCC-1-1	49	50
Saccharomyces_cerevisiae_tRNA-Gly-CCC-1-1	50	51
Saccharomyces_cerevisiae_tRNA-Gly-CCC-1-1	51	52
Saccharomyces_cerevisiae_tRNA-Gly-CCC-1-1	52	53
Saccharomyces_cerevisiae_tRNA-Gly-CCC-1-1	53	54
Saccharomyces_cerevisiae_tRNA-Gly-CCC-1-1	54	55
Saccharomyces_cerevisiae_tRNA-Gly-CCC-1-1	55	56
Saccharomyces_cerevisiae_tRNA-Gly-CCC-1-1	56	57
Saccharomyces_cerevisiae_tRNA-Gly-CCC-1-1	57	58
Saccharomyces_cerevisiae_tRNA-Gly-CCC-1-1	58	59
Saccharomyces_cerevisiae_tRNA-Gly-CCC-1-1	59	60
Saccharomyces_cerevisiae_tRNA-Gly-CCC-1-1	60	61
Saccharomyces_cerevisiae_tRNA-Gly-CCC-1-1	61	62
Saccharomyces_cerevisiae_tRNA-Gly-CCC-1-1	62	63
Saccharomyces_cerevisiae_tRNA-Gly-CCC-1-1	63	64
Saccharomyces_cerevisiae_tRNA-Gly-CCC-1-1	64	65
Saccharomyces_cerevisiae_tRNA-Gly-CCC-1-1	65	66
Saccharomyces_cerevisiae_tRNA-Gly-CCC-1-1	66	67
Saccharomyces_cerevisiae_tRNA-Gly-CCC-1-1	67	68
Saccharomyces_cerevisiae_tRNA-Gly-CCC-1-1	68	69
Saccharomyces_cerevisiae_tRNA-Gly-CCC-1-1	69	70
Saccharomyces_cerevisiae_tRNA-Gly-CCC-1-1	70	71
Saccharomyces_cerevisiae_tRNA-Gly-CCC-1-1	71	72
Saccharomyces_cerevisiae_tRNA-Gly-CCC-1-1	72	73
Saccharomyces_cerevisiae_tRNA-Gly-CCC-1-1	73	74
Saccharomyces_cerevisiae_tRNA-Gly-CCC-1-1	74	75
Saccharomyces_cerevisiae_tRNA-Gly-CCC-1-1	75	76
Saccharomyces_cerevisiae_tRNA-Gly-CCC-2-1	1	1
Saccharomyces_cerevisiae_tRNA-Gly-CCC-2-1	2	2
Saccharomyces_cerevisiae_tRNA-Gly-CCC-2-1	3	3
Saccharomyces_cerevisiae_tRNA-Gly-CCC-2-1	4	4
Saccharomyces_cerevisiae_tRNA-Gly-CCC-2-1	5	5
Saccharomyces_cerevisiae_tRNA-Gly-CCC-2-1	6	6
Saccharomyces_cerevisiae_tRNA-Gly-CCC-2-1	7	7
Saccharomyces_cerevisiae_tRNA-Gly-CCC-2-1	8	8
Saccharomyces_cerevisiae_tRNA-Gly-CCC-2-1	9	9
Saccharomyces_cerevisiae_tRNA-Gly-CCC-2-1	10	10
Saccharomyces_cerevisiae_tRNA-Gly-CCC-2-1	11	11
Saccharomyces_cerevisiae_tRNA-Gly-CCC-2-1	12	12
Saccharomyces_cerevisiae_tRNA-Gly-CCC-2-1	13	13
Saccharomyces_cerevisiae_tRNA-Gly-CCC-2-1	14	14
Saccharomyces_cerevisiae_tRNA-Gly-CCC-2-1	15	15
Saccharomyces_cerevisiae_tRNA-Gly-CCC-2-1	16	16
Saccharomyces_cerevisiae_tRNA-Gly-CCC-2-1	17	18
Saccharomyces_cerevisiae_tRNA-Gly-CCC-2-1	18	19
Saccharomyces_cerevisiae_tRNA-Gly-CCC-2-1	19	20
Saccharomyces_cerevisiae_tRNA-Gly-CCC-2-1	20	20a
Saccharomyces_cerevisiae_tRNA-Gly-CCC-2-1	21	21
Saccharomyces_cerevisiae_tRNA-Gly-CCC-2-1	22	22
Saccharomyces_cerevisiae_tRNA-Gly-CCC-2-1	23	23
Saccharomyces_cerevisiae_tRNA-Gly-CCC-2-1	24	24
Saccharomyces_cerevisiae_tRNA-Gly-CCC-2-1	25	25
Saccharomyces_cerevisiae_tRNA-Gly-CCC-2-1	26	26
Saccharomyces_cerevisiae_tRNA-Gly-CCC-2-1	27	27
Saccharomyces_cerevisiae_tRNA-Gly-CCC-2-1	28	28
Saccharomyces_cerevisiae_tRNA-Gly-CCC-2-1	29	29
Saccharomyces_cerevisiae_tRNA-Gly-CCC-2-1	30	30
Saccharomyces_cerevisiae_tRNA-Gly-CCC-2-1	31	31
Saccharomyces_cerevisiae_tRNA-Gly-CCC-2-1	32	32
Saccharomyces_cerevisiae_tRNA-Gly-CCC-2-1	33	33
Saccharomyces_cerevisiae_tRNA-Gly-CCC-2-1	34	34
Saccharomyces_cerevisiae_tRNA-Gly-CCC-2-1	35	35
Saccharomyces_cerevisiae_tRNA-Gly-CCC-2-1	36	36
Saccharomyces_cerevisiae_tRNA-Gly-CCC-2-1	37	37
Saccharomyces_cerevisiae_tRNA-Gly-CCC-2-1	38	38
Saccharomyces_cerevisiae_tRNA-Gly-CCC-2-1	39	39
Saccharomyces_cerevisiae_tRNA-Gly-CCC-2-1	40	40
Saccharomyces_cerevisiae_tRNA-Gly-CCC-2-1	41	41
Saccharomyces_cerevisiae_tRNA-Gly-CCC-2-1	42	42
Saccharomyces_cerevisiae_tRNA-Gly-CCC-2-1	43	43
Saccharomyces_cerevisiae_tRNA-Gly-CCC-2-1	44	44
Saccharomyces_cerevisiae_tRNA-Gly-CCC-2-1	45	45
Saccharomyces_cerevisiae_tRNA-Gly-CCC-2-1	46	46
Saccharomyces_cerevisiae_tRNA-Gly-CCC-2-1	47	48
Saccharomyces_cerevisiae_tRNA-Gly-CCC-2-1	48	49
Saccharomyces_cerevisiae_tRNA-Gly-CCC-2-1	49	50
Saccharomyces_cerevisiae_tRNA-Gly-CCC-2-1	50	51
Saccharomyces_cerevisiae_tRNA-Gly-CCC-2-1	51	52
Saccharomyces_cerevisiae_tRNA-Gly-CCC-2-1	52	53
Saccharomyces_cerevisiae_tRNA-Gly-CCC-2-1	53	54
Saccharomyces_cerevisiae_tRNA-Gly-CCC-2-1	54	55
Saccharomyces_cerevisiae_tRNA-Gly-CCC-2-1	55	56
Saccharomyces_cerevisiae_tRNA-Gly-CCC-2-1	56	57
Saccharomyces_cerevisiae_tRNA-Gly-CCC-2-1	57	58
Saccharomyces_cerevisiae_tRNA-Gly-CCC-2-1	58	59
Saccharomyces_cerevisiae_tRNA-Gly-CCC-2-1	59	60
Saccharomyces_cerevisiae_tRNA-Gly-CCC-2-1	60	61
Saccharomyces_cerevisiae_tRNA-Gly-CCC-2-1	61	62
Saccharomyces_cerevisiae_tRNA-Gly-CCC-2-1	62	63
Saccharomyces_cerevisiae_tRNA-Gly-CCC-2-1	63	64
Saccharomyces_cerevisiae_tRNA-Gly-CCC-2-1	64	65
Saccharomyces_cerevisiae_tRNA-Gly-CCC-2-1	65	66
Saccharomyces_cerevisiae_tRNA-Gly-CCC-2-1	66	67
Saccharomyces_cerevisiae_tRNA-Gly-CCC-2-1	67	68
Saccharomyces_cerevisiae_tRNA-Gly-CCC-2-1	68	69
Saccharomyces_cerevisiae_tRNA-Gly-CCC-2-1	69	70
Saccharomyces_cerevisiae_tRNA-Gly-CCC-2-1	70	71
Saccharomyces_cerevisiae_tRNA-Gly-CCC-2-1	71	72
Saccharomyces_cerevisiae_tRNA-Gly-CCC-2-1	72	73
Saccharomyces_cerevisiae_tRNA-Gly-CCC-2-1	73	74
Saccharomyces_cerevisiae_tRNA-Gly-CCC-2-1	74	75
Saccharomyces_cerevisiae_tRNA-Gly-CCC-2-1	75	76
Saccharomyces_cerevisiae_tRNA-Gly-GCC-1-1	1	1
Saccharomyces_cerevisiae_tRNA-Gly-GCC-1-1	2	2
Saccharomyces_cerevisiae_tRNA-Gly-GCC-1-1	3	3
Saccharomyces_cerevisiae_tRNA-Gly-GCC-1-1	4	4
Saccharomyces_cerevisiae_tRNA-Gly-GCC-1-1	5	5
Saccharomyces_cerevisiae_tRNA-Gly-GCC-1-1	6	6
Saccharomyces_cerevisiae_tRNA-Gly-GCC-1-1	7	7
Saccharomyces_cerevisiae_tRNA-Gly-GCC-1-1	8	8
Saccharomyces_cerevisiae_tRNA-Gly-GCC-1-1	9	9
Saccharomyces_cerevisiae_tRNA-Gly-GCC-1-1	10	10
Saccharomyces_cerevisiae_tRNA-Gly-GCC-1-1	11	11
Saccharomyces_cerevisiae_tRNA-Gly-GCC-1-1	12	12
Saccharomyces_cerevisiae_tRNA-Gly-GCC-1-1	13	13
Saccharomyces_cerevisiae_tRNA-Gly-GCC-1-1	14	14
Saccharomyces_cerevisiae_tRNA-Gly-GCC-1-1	15	15
Saccharomyces_cerevisiae_tRNA-Gly-GCC-1-1	16	16
Saccharomyces_cerevisiae_tRNA-Gly-GCC-1-1	17	18
Saccharomyces_cerevisiae_tRNA-Gly-GCC-1-1	18	19
Saccharomyces_cerevisiae_tRNA-Gly-GCC-1-1	19	20
Saccharomyces_cerevisiae_tRNA-Gly-GCC-1-1	20	21
Saccharomyces_cerevisiae_tRNA-Gly-GCC-1-1	21	22
Saccharomyces_cerevisiae_tRNA-Gly-GCC-1-1	22	23
Saccharomyces_cerevisiae_tRNA-Gly-GCC-1-1	23	24
Saccharomyces_cerevisiae_tRNA-Gly-GCC-1-1	24	25
Saccharomyces_cerevisiae_tRNA-Gly-GCC-1-1	25	26
Saccharomyces_cerevisiae_tRNA-Gly-GCC-1-1	26	27
Saccharomyces_cerevisiae_tRNA-Gly-GCC-1-1	27	28
Saccharomyces_cerevisiae_tRNA-Gly-GCC-1-1	28	29
Saccharomyces_cerevisiae_tRNA-Gly-GCC-1-1	29	30
Saccharomyces_cerevisiae_tRNA-Gly-GCC-1-1	30	31
Saccharomyces_cerevisiae_tRNA-Gly-GCC-1-1	31	32
Saccharomyces_cerevisiae_tRNA-Gly-GCC-1-1	32	33
Saccharomyces_cerevisiae_tRNA-Gly-GCC-1-1	33	34
Saccharomyces_cerevisiae_tRNA-Gly-GCC-1-1	34	35
Saccharomyces_cerevisiae_tRNA-Gly-GCC-1-1	35	36
Saccharomyces_cerevisiae_tRNA-Gly-GCC-1-1	36	37
Saccharomyces_cerevisiae_tRNA-Gly-GCC-1-1	37	38
Saccharomyces_cerevisiae_tRNA-Gly-GCC-1-1	38	39
Saccharomyces_cerevisiae_tRNA-Gly-GCC-1-1	39	40
Saccharomyces_cerevisiae_tRNA-Gly-GCC-1-1	40	41
Saccharomyces_cerevisiae_tRNA-Gly-GCC-1-1	41	42
Saccharomyces_cerevisiae_tRNA-Gly-GCC-1-1	42	43
Saccharomyces_cerevisiae_tRNA-Gly-GCC-1-1	43	44
Saccharomyces_cerevisiae_tRNA-Gly-GCC-1-1	44	46
Saccharomyces_cerevisiae_tRNA-Gly-GCC-1-1	45	47
Saccharomyces_cerevisiae_tRNA-Gly-GCC-1-1	46	48
Saccharomyces_cerevisiae_tRNA-Gly-GCC-1-1	47	49
Saccharomyces_cerevisiae_tRNA-Gly-GCC-1-1	48	50
Saccharomyces_cerevisiae_tRNA-Gly-GCC-1-1	49	51
Saccharomyces_cerevisiae_tRNA-Gly-GCC-1-1	50	52
Saccharomyces_cerevisiae_tRNA-Gly-GCC-1-1	51	53
Saccharomyces_cerevisiae_tRNA-Gly-GCC-1-1	52	54
Saccharomyces_cerevisiae_tRNA-Gly-GCC-1-1	53	55
Saccharomyces_cerevisiae_tRNA-Gly-GCC-1-1	54	56
Saccharomyces_cerevisiae_tRNA-Gly-GCC-1-1	55	57
Saccharomyces_cerevisiae_tRNA-Gly-GCC-1-1	56	58
Saccharomyces_cerevisiae_tRNA-Gly-GCC-1-1	57	59
Saccharomyces_cerevisiae_tRNA-Gly-GCC-1-1	58	60
Saccharomyces_cerevisiae_tRNA-Gly-GCC-1-1	59	61
Saccharomyces_cerevisiae_tRNA-Gly-GCC-1-1	60	62
Saccharomyces_cerevisiae_tRNA-Gly-GCC-1-1	61	63
Saccharomyces_cerevisiae_tRNA-Gly-GCC-1-1	62	64
Saccharomyces_cerevisiae_tRNA-Gly-GCC-1-1	63	65
Saccharomyces_cerevisiae_tRNA-Gly-GCC-1-1	64	66
Saccharomyces_cerevisiae_tRNA-Gly-GCC-1-1	65	67
Saccharomyces_cerevisiae_tRNA-Gly-GCC-1-1	66	68
Saccharomyces_cerevisiae_tRNA-Gly-GCC-1-1	67	69
Saccharomyces_cerevisiae_tRNA-Gly-GCC-1-1	68	70
Saccharomyces_cerevisiae_tRNA-Gly-GCC-1-1	69	71
Saccharomyces_cerevisiae_tRNA-Gly-GCC-1-1	70	72
Saccharomyces_cerevisiae_tRNA-Gly-GCC-1-1	71	73
Saccharomyces_cerevisiae_tRNA-Gly-GCC-1-1	72	74
Saccharomyces_cerevisiae_tRNA-Gly-GCC-1-1	73	75
Saccharomyces_cerevisiae_tRNA-Gly-GCC-1-1	74	76
Saccharomyces_cerevisiae_tRNA-Gly-TCC-1-1	1	1
Saccharomyces_cerevisiae_tRNA-Gly-TCC-1-1	2	2
Saccharomyces_cerevisiae_tRNA-Gly-TCC-1-1	3	3
Saccharomyces_cerevisiae_tRNA-Gly-TCC-1-1	4	4
Saccharomyces_cerevisiae_tRNA-Gly-TCC-1-1	5	5
Saccharomyces_cerevisiae_tRNA-Gly-TCC-1-1	6	6
Saccharomyces_cerevisiae_tRNA-Gly-TCC-1-1	7	7
Saccharomyces_cerevisiae_tRNA-Gly-TCC-1-1	8	8
Saccharomyces_cerevisiae_tRNA-Gly-TCC-1-1	9	9
Saccharomyces_cerevisiae_tRNA-Gly-TCC-1-1	10	10
Saccharomyces_cerevisiae_tRNA-Gly-TCC-1-1	11	11
Saccharomyces_cerevisiae_tRNA-Gly-TCC-1-1	12	12
Saccharomyces_cerevisiae_tRNA-Gly-TCC-1-1	13	13
Saccharomyces_cerevisiae_tRNA-Gly-TCC-1-1	14	14
Saccharomyces_cerevisiae_tRNA-Gly-TCC-1-1	15	15
Saccharomyces_cerevisiae_tRNA-Gly-TCC-1-1	16	16
Saccharomyces_cerevisiae_tRNA-Gly-TCC-1-1	17	18
Saccharomyces_cerevisiae_tRNA-Gly-TCC-1-1	18	19
Saccharomyces_cerevisiae_tRNA-Gly-TCC-1-1	19	20
Saccharomyces_cerevisiae_tRNA-Gly-TCC-1-1	20	20a
Saccharomyces_cerevisiae_tRNA-Gly-TCC-1-1	21	21
Saccharomyces_cerevisiae_tRNA-Gly-TCC-1-1	22	22
Saccharomyces_cerevisiae_tRNA-Gly-TCC-1-1	23	23
Saccharomyces_cerevisiae_tRNA-Gly-TCC-1-1	24	24
Saccharomyces_cerevisiae_tRNA-Gly-TCC-1-1	25	25
Saccharomyces_cerevisiae_tRNA-Gly-TCC-1-1	26	26
Saccharomyces_cerevisiae_tRNA-Gly-TCC-1-1	27	27
Saccharomyces_cerevisiae_tRNA-Gly-TCC-1-1	28	28
Saccharomyces_cerevisiae_tRNA-Gly-TCC-1-1	29	29
Saccharomyces_cerevisiae_tRNA-Gly-TCC-1-1	30	30
Saccharomyces_cerevisiae_tRNA-Gly-TCC-1-1	31	31
Saccharomyces_cerevisiae_tRNA-Gly-TCC-1-1	32	32
Saccharomyces_cerevisiae_tRNA-Gly-TCC-1-1	33	33
Saccharomyces_cerevisiae_tRNA-Gly-TCC-1-1	34	34
Saccharomyces_cerevisiae_tRNA-Gly-TCC-1-1	35	35
Saccharomyces_cerevisiae_tRNA-Gly-TCC-1-1	36	36
Saccharomyces_cerevisiae_tRNA-Gly-TCC-1-1	37	37
Saccharomyces_cerevisiae_tRNA-Gly-TCC-1-1	38	38
Saccharomyces_cerevisiae_tRNA-Gly-TCC-1-1	39	39
Saccharomyces_cerevisiae_tRNA-Gly-TCC-1-1	40	40
Saccharomyces_cerevisiae_tRNA-Gly-TCC-1-1	41	41
Saccharomyces_cerevisiae_tRNA-Gly-TCC-1-1	42	42
Saccharomyces_cerevisiae_tRNA-Gly-TCC-1-1	43	43
Saccharomyces_cerevisiae_tRNA-Gly-TCC-1-1	44	44
Saccharomyces_cerevisiae_tRNA-Gly-TCC-1-1	45	45
Saccharomyces_cerevisiae_tRNA-Gly-TCC-1-1	46	46
Saccharomyces_cerevisiae_tRNA-Gly-TCC-1-1	47	48
Saccharomyces_cerevisiae_tRNA-Gly-TCC-1-1	48	49
Saccharomyces_cerevisiae_tRNA-Gly-TCC-1-1	49	50
Saccharomyces_cerevisiae_tRNA-Gly-TCC-1-1	50	51
Saccharomyces_cerevisiae_tRNA-Gly-TCC-1-1	51	52
Saccharomyces_cerevisiae_tRNA-Gly-TCC-1-1	52	53
Saccharomyces_cerevisiae_tRNA-Gly-TCC-1-1	53	54
Saccharomyces_cerevisiae_tRNA-Gly-TCC-1-1	54	55
Saccharomyces_cerevisiae_tRNA-Gly-TCC-1-1	55	56
Saccharomyces_cerevisiae_tRNA-Gly-TCC-1-1	56	57
Saccharomyces_cerevisiae_tRNA-Gly-TCC-1-1	57	58
Saccharomyces_cerevisiae_tRNA-Gly-TCC-1-1	58	59
Saccharomyces_cerevisiae_tRNA-Gly-TCC-1-1	59	60
Saccharomyces_cerevisiae_tRNA-Gly-TCC-1-1	60	61
Saccharomyces_cerevisiae_tRNA-Gly-TCC-1-1	61	62
Saccharomyces_cerevisiae_tRNA-Gly-TCC-1-1	62	63
Saccharomyces_cerevisiae_tRNA-Gly-TCC-1-1	63	64
Saccharomyces_cerevisiae_tRNA-Gly-TCC-1-1	64	65
Saccharomyces_cerevisiae_tRNA-Gly-TCC-1-1	65	66
Saccharomyces_cerevisiae_tRNA-Gly-TCC-1-1	66	67
Saccharomyces_cerevisiae_tRNA-Gly-TCC-1-1	67	68
Saccharomyces_cerevisiae_tRNA-Gly-TCC-1-1	68	69
Saccharomyces_cerevisiae_tRNA-Gly-TCC-1-1	69	70
Saccharomyces_cerevisiae_tRNA-Gly-TCC-1-1	70	71
Saccharomyces_cerevisiae_tRNA-Gly-TCC-1-1	71	72
Saccharomyces_cerevisiae_tRNA-Gly-TCC-1-1	72	73
Saccharomyces_cerevisiae_tRNA-Gly-TCC-1-1	73	74
Saccharomyces_cerevisiae_tRNA-Gly-TCC-1-1	74	75
Saccharomyces_cerevisiae_tRNA-Gly-TCC-1-1	75	76
Saccharomyces_cerevisiae_tRNA-His-GTG-1-1	1	-1i1
Saccharomyces_cerevisiae_tRNA-His-GTG-1-1	2	1
Saccharomyces_cerevisiae_tRNA-His-GTG-1-1	3	2
Saccharomyces_cerevisiae_tRNA-His-GTG-1-1	4	3
Saccharomyces_cerevisiae_tRNA-His-GTG-1-1	5	4
Saccharomyces_cerevisiae_tRNA-His-GTG-1-1	6	5
Saccharomyces_cerevisiae_tRNA-His-GTG-1-1	7	6
Saccharomyces_cerevisiae_tRNA-His-GTG-1-1	8	7
Saccharomyces_cerevisiae_tRNA-His-GTG-1-1	9	8
Saccharomyces_cerevisiae_tRNA-His-GTG-1-1	10	9
Saccharomyces_cerevisiae_tRNA-His-GTG-1-1	11	10
Saccharomyces_cerevisiae_tRNA-His-GTG-1-1	12	11
Saccharomyces_cerevisiae_tRNA-His-GTG-1-1	13	12
Saccharomyces_cerevisiae_tRNA-His-GTG-1-1	14	13
Saccharomyces_cerevisiae_tRNA-His-GTG-1-1	15	14
Saccharomyces_cerevisiae_tRNA-His-GTG-1-1	16	15
Saccharomyces_cerevisiae_tRNA-His-GTG-1-1	17	16
Saccharomyces_cerevisiae_tRNA-His-GTG-1-1	18	18
Saccharomyces_cerevisiae_tRNA-His-GTG-1-1	19	19
Saccharomyces_cerevisiae_tRNA-His-GTG-1-1	20	20
Saccharomyces_cerevisiae_tRNA-His-GTG-1-1	21	20a
Saccharomyces_cerevisiae_tRNA-His-GTG-1-1	22	21
Saccharomyces_cerevisiae_tRNA-His-GTG-1-1	23	22
Saccharomyces_cerevisiae_tRNA-His-GTG-1-1	24	23
Saccharomyces_cerevisiae_tRNA-His-GTG-1-1	25	24
Saccharomyces_cerevisiae_tRNA-His-GTG-1-1	26	25
Saccharomyces_cerevisiae_tRNA-His-GTG-1-1	27	26
Saccharomyces_cerevisiae_tRNA-His-GTG-1-1	28	27
Saccharomyces_cerevisiae_tRNA-His-GTG-1-1	29	28
Saccharomyces_cerevisiae_tRNA-His-GTG-1-1	30	29
Saccharomyces_cerevisiae_tRNA-His-GTG-1-1	31	30
Saccharomyces_cerevisiae_tRNA-His-GTG-1-1	32	31
Saccharomyces_cerevisiae_tRNA-His-GTG-1-1	33	32
Saccharomyces_cerevisiae_tRNA-His-GTG-1-1	34	33
Saccharomyces_cerevisiae_tRNA-His-GTG-1-1	35	34
Saccharomyces_cerevisiae_tRNA-His-GTG-1-1	36	35
Saccharomyces_cerevisiae_tRNA-His-GTG-1-1	37	36
Saccharomyces_cerevisiae_tRNA-His-GTG-1-1	38	37
Saccharomyces_cerevisiae_tRNA-His-GTG-1-1	39	38
Saccharomyces_cerevisiae_tRNA-His-GTG-1-1	40	39
Saccharomyces_cerevisiae_tRNA-His-GTG-1-1	41	40
Saccharomyces_cerevisiae_tRNA-His-GTG-1-1	42	41
Saccharomyces_cerevisiae_tRNA-His-GTG-1-1	43	42
Saccharomyces_cerevisiae_tRNA-His-GTG-1-1	44	43
Saccharomyces_cerevisiae_tRNA-His-GTG-1-1	45	44
Saccharomyces_cerevisiae_tRNA-His-GTG-1-1	46	45
Saccharomyces_cerevisiae_tRNA-His-GTG-1-1	47	46
Saccharomyces_cerevisiae_tRNA-His-GTG-1-1	48	48
Saccharomyces_cerevisiae_tRNA-His-GTG-1-1	49	49
Saccharomyces_cerevisiae_tRNA-His-GTG-1-1	50	50
Saccharomyces_cerevisiae_tRNA-His-GTG-1-1	51	51
Saccharomyces_cerevisiae_tRNA-His-GTG-1-1	52	52
Saccharomyces_cerevisiae_tRNA-His-GTG-1-1	53	53
Saccharomyces_cerevisiae_tRNA-His-GTG-1-1	54	54
Saccharomyces_cerevisiae_tRNA-His-GTG-1-1	55	55
Saccharomyces_cerevisiae_tRNA-His-GTG-1-1	56	56
Saccharomyces_cerevisiae_tRNA-His-GTG-1-1	57	57
Saccharomyces_cerevisiae_tRNA-His-GTG-1-1	58	58
Saccharomyces_cerevisiae_tRNA-His-GTG-1-1	59	59
Saccharomyces_cerevisiae_tRNA-His-GTG-1-1	60	60
Saccharomyces_cerevisiae_tRNA-His-GTG-1-1	61	61
Saccharomyces_cerevisiae_tRNA-His-GTG-1-1	62	62
Saccharomyces_cerevisiae_tRNA-His-GTG-1-1	63	63
Saccharomyces_cerevisiae_tRNA-His-GTG-1-1	64	64
Saccharomyces_cerevisiae_tRNA-His-GTG-1-1	65	65
Saccharomyces_cerevisiae_tRNA-His-GTG-1-1	66	66
Saccharomyces_cerevisiae_tRNA-His-GTG-1-1	67	67
Saccharomyces_cerevisiae_tRNA-His-GTG-1-1	68	68
Saccharomyces_cerevisiae_tRNA-His-GTG-1-1	69	69
Saccharomyces_cerevisiae_tRNA-His-GTG-1-1	70	70
Saccharomyces_cerevisiae_tRNA-His-GTG-1-1	71	71
Saccharomyces_cerevisiae_tRNA-His-GTG-1-1	72	72
Saccharomyces_cerevisiae_tRNA-His-GTG-1-1	73	73
Saccharomyces_cerevisiae_tRNA-His-GTG-1-1	74	74
Saccharomyces_cerevisiae_tRNA-His-GTG-1-1	75	75
Saccharomyces_cerevisiae_tRNA-His-GTG-1-1	76	76
Saccharomyces_cerevisiae_tRNA-Ile-AAT-1-1	1	1
Saccharomyces_cerevisiae_tRNA-Ile-AAT-1-1	2	2
Saccharomyces_cerevisiae_tRNA-Ile-AAT-1-1	3	3
Saccharomyces_cerevisiae_tRNA-Ile-AAT-1-1	4	4
Saccharomyces_cerevisiae_tRNA-Ile-AAT-1-1	5	5
Saccharomyces_cerevisiae_tRNA-Ile-AAT-1-1	6	6
Saccharomyces_cerevisiae_tRNA-Ile-AAT-1-1	7	7
Saccharomyces_cerevisiae_tRNA-Ile-AAT-1-1	8	8
Saccharomyces_cerevisiae_tRNA-Ile-AAT-1-1	9	9
Saccharomyces_cerevisiae_tRNA-Ile-AAT-1-1	10	10
Saccharomyces_cerevisiae_tRNA-Ile-AAT-1-1	11	11
Saccharomyces_cerevisiae_tRNA-Ile-AAT-1-1	12	12
Saccharomyces_cerevisiae_tRNA-Ile-AAT-1-1	13	13
Saccharomyces_cerevisiae_tRNA-Ile-AAT-1-1	14	14
Saccharomyces_cerevisiae_tRNA-Ile-AAT-1-1	15	15
Saccharomyces_cerevisiae_tRNA-Ile-AAT-1-1	16	16
Saccharomyces_cerevisiae_tRNA-Ile-AAT-1-1	17	17
Saccharomyces_cerevisiae_tRNA-Ile-AAT-1-1	18	18
Saccharomyces_cerevisiae_tRNA-Ile-AAT-1-1	19	19
Saccharomyces_cerevisiae_tRNA-Ile-AAT-1-1	20	20
Saccharomyces_cerevisiae_tRNA-Ile-AAT-1-1	21	20a
Saccharomyces_cerevisiae_tRNA-Ile-AAT-1-1	22	21
Saccharomyces_cerevisiae_tRNA-Ile-AAT-1-1	23	22
Saccharomyces_cerevisiae_tRNA-Ile-AAT-1-1	24	23
Saccharomyces_cerevisiae_tRNA-Ile-AAT-1-1	25	24
Saccharomyces_cerevisiae_tRNA-Ile-AAT-1-1	26	25
Saccharomyces_cerevisiae_tRNA-Ile-AAT-1-1	27	26
Saccharomyces_cerevisiae_tRNA-Ile-AAT-1-1	28	27
Saccharomyces_cerevisiae_tRNA-Ile-AAT-1-1	29	28
Saccharomyces_cerevisiae_tRNA-Ile-AAT-1-1	30	29
Saccharomyces_cerevisiae_tRNA-Ile-AAT-1-1	31	30
Saccharomyces_cerevisiae_tRNA-Ile-AAT-1-1	32	31
Saccharomyces_cerevisiae_tRNA-Ile-AAT-1-1	33	32
Saccharomyces_cerevisiae_tRNA-Ile-AAT-1-1	34	33
Saccharomyces_cerevisiae_tRNA-Ile-AAT-1-1	35	34
Saccharomyces_cerevisiae_tRNA-Ile-AAT-1-1	36	35
Saccharomyces_cerevisiae_tRNA-Ile-AAT-1-1	37	36
Saccharomyces_cerevisiae_tRNA-Ile-AAT-1-1	38	37
Saccharomyces_cerevisiae_tRNA-Ile-AAT-1-1	39	38
Saccharomyces_cerevisiae_tRNA-Ile-AAT-1-1	40	39
Saccharomyces_cerevisiae_tRNA-Ile-AAT-1-1	41	40
Saccharomyces_cerevisiae_tRNA-Ile-AAT-1-1	42	41
Saccharomyces_cerevisiae_tRNA-Ile-AAT-1-1	43	42
Saccharomyces_cerevisiae_tRNA-Ile-AAT-1-1	44	43
Saccharomyces_cerevisiae_tRNA-Ile-AAT-1-1	45	44
Saccharomyces_cerevisiae_tRNA-Ile-AAT-1-1	46	45
Saccharomyces_cerevisiae_tRNA-Ile-AAT-1-1	47	46
Saccharomyces_cerevisiae_tRNA-Ile-AAT-1-1	48	47
Saccharomyces_cerevisiae_tRNA-Ile-AAT-1-1	49	48
Saccharomyces_cerevisiae_tRNA-Ile-AAT-1-1	50	49
Saccharomyces_cerevisiae_tRNA-Ile-AAT-1-1	51	50
Saccharomyces_cerevisiae_tRNA-Ile-AAT-1-1	52	51
Saccharomyces_cerevisiae_tRNA-Ile-AAT-1-1	53	52
Saccharomyces_cerevisiae_tRNA-Ile-AAT-1-1	54	53
Saccharomyces_cerevisiae_tRNA-Ile-AAT-1-1	55	54
Saccharomyces_cerevisiae_tRNA-Ile-AAT-1-1	56	55
Saccharomyces_cerevisiae_tRNA-Ile-AAT-1-1	57	56
Saccharomyces_cerevisiae_tRNA-Ile-AAT-1-1	58	57
Saccharomyces_cerevisiae_tRNA-Ile-AAT-1-1	59	58
Saccharomyces_cerevisiae_tRNA-Ile-AAT-1-1	60	59
Saccharomyces_cerevisiae_tRNA-Ile-AAT-1-1	61	60
Saccharomyces_cerevisiae_tRNA-Ile-AAT-1-1	62	61
Saccharomyces_cerevisiae_tRNA-Ile-AAT-1-1	63	62
Saccharomyces_cerevisiae_tRNA-Ile-AAT-1-1	64	63
Saccharomyces_cerevisiae_tRNA-Ile-AAT-1-1	65	64
Saccharomyces_cerevisiae_tRNA-Ile-AAT-1-1	66	65
Saccharomyces_cerevisiae_tRNA-Ile-AAT-1-1	67	66
Saccharomyces_cerevisiae_tRNA-Ile-AAT-1-1	68	67
Saccharomyces_cerevisiae_tRNA-Ile-AAT-1-1	69	68
Saccharomyces_cerevisiae_tRNA-Ile-AAT-1-1	70	69
Saccharomyces_cerevisiae_tRNA-Ile-AAT-1-1	71	70
Saccharomyces_cerevisiae_tRNA-Ile-AAT-1-1	72	71
Saccharomyces_cerevisiae_tRNA-Ile-AAT-1-1	73	72
Saccharomyces_cerevisiae_tRNA-Ile-AAT-1-1	74	73
Saccharomyces_cerevisiae_tRNA-Ile-AAT-1-1	75	74
Saccharomyces_cerevisiae_tRNA-Ile-AAT-1-1	76	75
Saccharomyces_cerevisiae_tRNA-Ile-AAT-1-1	77	76
Saccharomyces_cerevisiae_tRNA-Ile-TAT-1-1	1	1
Saccharomyces_cerevisiae_tRNA-Ile-TAT-1-1	2	2
Saccharomyces_cerevisiae_tRNA-Ile-TAT-1-1	3	3
Saccharomyces_cerevisiae_tRNA-Ile-TAT-1-1	4	4
Saccharomyces_cerevisiae_tRNA-Ile-TAT-1-1	5	5
Saccharomyces_cerevisiae_tRNA-Ile-TAT-1-1	6	6
Saccharomyces_cerevisiae_tRNA-Ile-TAT-1-1	7	7
Saccharomyces_cerevisiae_tRNA-Ile-TAT-1-1	8	8
Saccharomyces_cerevisiae_tRNA-Ile-TAT-1-1	9	9
Saccharomyces_cerevisiae_tRNA-Ile-TAT-1-1	10	10
Saccharomyces_cerevisiae_tRNA-Ile-TAT-1-1	11	11
Saccharomyces_cerevisiae_tRNA-Ile-TAT-1-1	12	12
Saccharomyces_cerevisiae_tRNA-Ile-TAT-1-1	13	13
Saccharomyces_cerevisiae_tRNA-Ile-TAT-1-1	14	14
Saccharomyces_cerevisiae_tRNA-Ile-TAT-1-1	15	15
Saccharomyces_cerevisiae_tRNA-Ile-TAT-1-1	16	16
Saccharomyces_cerevisiae_tRNA-Ile-TAT-1-1	17	18
Saccharomyces_cerevisiae_tRNA-Ile-TAT-1-1	18	19
Saccharomyces_cerevisiae_tRNA-Ile-TAT-1-1	19	20
Saccharomyces_cerevisiae_tRNA-Ile-TAT-1-1	20	20a
Saccharomyces_cerevisiae_tRNA-Ile-TAT-1-1	21	21
Saccharomyces_cerevisiae_tRNA-Ile-TAT-1-1	22	22
Saccharomyces_cerevisiae_tRNA-Ile-TAT-1-1	23	23
Saccharomyces_cerevisiae_tRNA-Ile-TAT-1-1	24	24
Saccharomyces_cerevisiae_tRNA-Ile-TAT-1-1	25	25
Saccharomyces_cerevisiae_tRNA-Ile-TAT-1-1	26	26
Saccharomyces_cerevisiae_tRNA-Ile-TAT-1-1	27	27
Saccharomyces_cerevisiae_tRNA-Ile-TAT-1-1	28	28
Saccharomyces_cerevisiae_tRNA-Ile-TAT-1-1	29	29
Saccharomyces_cerevisiae_tRNA-Ile-TAT-1-1	30	30
Saccharomyces_cerevisiae_tRNA-Ile-TAT-1-1	31	31
Saccharomyces_cerevisiae_tRNA-Ile-TAT-1-1	32	32
Saccharomyces_cerevisiae_tRNA-Ile-TAT-1-1	33	33
Saccharomyces_cerevisiae_tRNA-Ile-TAT-1-1	34	34
Saccharomyces_cerevisiae_tRNA-Ile-TAT-1-1	35	35
Saccharomyces_cerevisiae_tRNA-Ile-TAT-1-1	36	36
Saccharomyces_cerevisiae_tRNA-Ile-TAT-1-1	37	37
Saccharomyces_cerevisiae_tRNA-Ile-TAT-1-1	38	38
Saccharomyces_cerevisiae_tRNA-Ile-TAT-1-1	39	39
Saccharomyces_cerevisiae_tRNA-Ile-TAT-1-1	40	40
Saccharomyces_cerevisiae_tRNA-Ile-TAT-1-1	41	41
Saccharomyces_cerevisiae_tRNA-Ile-TAT-1-1	42	42
Saccharomyces_cerevisiae_tRNA-Ile-TAT-1-1	43	43
Saccharomyces_cerevisiae_tRNA-Ile-TAT-1-1	44	44
Saccharomyces_cerevisiae_tRNA-Ile-TAT-1-1	45	45
Saccharomyces_cerevisiae_tRNA-Ile-TAT-1-1	46	46
Saccharomyces_cerevisiae_tRNA-Ile-TAT-1-1	47	47
Saccharomyces_cerevisiae_tRNA-Ile-TAT-1-1	48	48
Saccharomyces_cerevisiae_tRNA-Ile-TAT-1-1	49	49
Saccharomyces_cerevisiae_tRNA-Ile-TAT-1-1	50	50
Saccharomyces_cerevisiae_tRNA-Ile-TAT-1-1	51	51
Saccharomyces_cerevisiae_tRNA-Ile-TAT-1-1	52	52
Saccharomyces_cerevisiae_tRNA-Ile-TAT-1-1	53	53
Saccharomyces_cerevisiae_tRNA-Ile-TAT-1-1	54	54
Saccharomyces_cerevisiae_tRNA-Ile-TAT-1-1	55	55
Saccharomyces_cerevisiae_tRNA-Ile-TAT-1-1	56	56
Saccharomyces_cerevisiae_tRNA-Ile-TAT-1-1	57	57
Saccharomyces_cerevisiae_tRNA-Ile-TAT-1-1	58	58
Saccharomyces_cerevisiae_tRNA-Ile-TAT-1-1	59	59
Saccharomyces_cerevisiae_tRNA-Ile-TAT-1-1	60	60
Saccharomyces_cerevisiae_tRNA-Ile-TAT-1-1	61	61
Saccharomyces_cerevisiae_tRNA-Ile-TAT-1-1	62	62
Saccharomyces_cerevisiae_tRNA-Ile-TAT-1-1	63	63
Saccharomyces_cerevisiae_tRNA-Ile-TAT-1-1	64	64
Saccharomyces_cerevisiae_tRNA-Ile-TAT-1-1	65	65
Saccharomyces_cerevisiae_tRNA-Ile-TAT-1-1	66	66
Saccharomyces_cerevisiae_tRNA-Ile-TAT-1-1	67	67
Saccharomyces_cerevisiae_tRNA-Ile-TAT-1-1	68	68
Saccharomyces_cerevisiae_tRNA-Ile-TAT-1-1	69	69
Saccharomyces_cerevisiae_tRNA-Ile-TAT-1-1	70	70
Saccharomyces_cerevisiae_tRNA-Ile-TAT-1-1	71	71
Saccharomyces_cerevisiae_tRNA-Ile-TAT-1-1	72	72
Saccharomyces_cerevisiae_tRNA-Ile-TAT-1-1	73	73
Saccharomyces_cerevisiae_tRNA-Ile-TAT-1-1	74	74
Saccharomyces_cerevisiae_tRNA-Ile-TAT-1-1	75	75
Saccharomyces_cerevisiae_tRNA-Ile-TAT-1-1	76	76
Saccharomyces_cerevisiae_tRNA-Ile-TAT-2-1	1	1
Saccharomyces_cerevisiae_tRNA-Ile-TAT-2-1	2	2
Saccharomyces_cerevisiae_tRNA-Ile-TAT-2-1	3	3
Saccharomyces_cerevisiae_tRNA-Ile-TAT-2-1	4	4
Saccharomyces_cerevisiae_tRNA-Ile-TAT-2-1	5	5
Saccharomyces_cerevisiae_tRNA-Ile-TAT-2-1	6	6
Saccharomyces_cerevisiae_tRNA-Ile-TAT-2-1	7	7
Saccharomyces_cerevisiae_tRNA-Ile-TAT-2-1	8	8
Saccharomyces_cerevisiae_tRNA-Ile-TAT-2-1	9	9
Saccharomyces_cerevisiae_tRNA-Ile-TAT-2-1	10	10
Saccharomyces_cerevisiae_tRNA-Ile-TAT-2-1	11	11
Saccharomyces_cerevisiae_tRNA-Ile-TAT-2-1	12	12
Saccharomyces_cerevisiae_tRNA-Ile-TAT-2-1	13	13
Saccharomyces_cerevisiae_tRNA-Ile-TAT-2-1	14	14
Saccharomyces_cerevisiae_tRNA-Ile-TAT-2-1	15	15
Saccharomyces_cerevisiae_tRNA-Ile-TAT-2-1	16	16
Saccharomyces_cerevisiae_tRNA-Ile-TAT-2-1	17	18
Saccharomyces_cerevisiae_tRNA-Ile-TAT-2-1	18	19
Saccharomyces_cerevisiae_tRNA-Ile-TAT-2-1	19	20
Saccharomyces_cerevisiae_tRNA-Ile-TAT-2-1	20	20a
Saccharomyces_cerevisiae_tRNA-Ile-TAT-2-1	21	21
Saccharomyces_cerevisiae_tRNA-Ile-TAT-2-1	22	22
Saccharomyces_cerevisiae_tRNA-Ile-TAT-2-1	23	23
Saccharomyces_cerevisiae_tRNA-Ile-TAT-2-1	24	24
Saccharomyces_cerevisiae_tRNA-Ile-TAT-2-1	25	25
Saccharomyces_cerevisiae_tRNA-Ile-TAT-2-1	26	26
Saccharomyces_cerevisiae_tRNA-Ile-TAT-2-1	27	27
Saccharomyces_cerevisiae_tRNA-Ile-TAT-2-1	28	28
Saccharomyces_cerevisiae_tRNA-Ile-TAT-2-1	29	29
Saccharomyces_cerevisiae_tRNA-Ile-TAT-2-1	30	30
Saccharomyces_cerevisiae_tRNA-Ile-TAT-2-1	31	31
Saccharomyces_cerevisiae_tRNA-Ile-TAT-2-1	32	32
Saccharomyces_cerevisiae_tRNA-Ile-TAT-2-1	33	33
Saccharomyces_cerevisiae_tRNA-Ile-TAT-2-1	34	34
Saccharomyces_cerevisiae_tRNA-Ile-TAT-2-1	35	35
Saccharomyces_cerevisiae_tRNA-Ile-TAT-2-1	36	36
Saccharomyces_cerevisiae_tRNA-Ile-TAT-2-1	37	37
Saccharomyces_cerevisiae_tRNA-Ile-TAT-2-1	38	38
Saccharomyces_cerevisiae_tRNA-Ile-TAT-2-1	39	39
Saccharomyces_cerevisiae_tRNA-Ile-TAT-2-1	40	40
Saccharomyces_cerevisiae_tRNA-Ile-TAT-2-1	41	41
Saccharomyces_cerevisiae_tRNA-Ile-TAT-2-1	42	42
Saccharomyces_cerevisiae_tRNA-Ile-TAT-2-1	43	43
Saccharomyces_cerevisiae_tRNA-Ile-TAT-2-1	44	44
Saccharomyces_cerevisiae_tRNA-Ile-TAT-2-1	45	45
Saccharomyces_cerevisiae_tRNA-Ile-TAT-2-1	46	46
Saccharomyces_cerevisiae_tRNA-Ile-TAT-2-1	47	47
Saccharomyces_cerevisiae_tRNA-Ile-TAT-2-1	48	48
Saccharomyces_cerevisiae_tRNA-Ile-TAT-2-1	49	49
Saccharomyces_cerevisiae_tRNA-Ile-TAT-2-1	50	50
Saccharomyces_cerevisiae_tRNA-Ile-TAT-2-1	51	51
Saccharomyces_cerevisiae_tRNA-Ile-TAT-2-1	52	52
Saccharomyces_cerevisiae_tRNA-Ile-TAT-2-1	53	53
Saccharomyces_cerevisiae_tRNA-Ile-TAT-2-1	54	54
Saccharomyces_cerevisiae_tRNA-Ile-TAT-2-1	55	55
Saccharomyces_cerevisiae_tRNA-Ile-TAT-2-1	56	56
Saccharomyces_cerevisiae_tRNA-Ile-TAT-2-1	57	57
Saccharomyces_cerevisiae_tRNA-Ile-TAT-2-1	58	58
Saccharomyces_cerevisiae_tRNA-Ile-TAT-2-1	59	59
Saccharomyces_cerevisiae_tRNA-Ile-TAT-2-1	60	60
Saccharomyces_cerevisiae_tRNA-Ile-TAT-2-1	61	61
Saccharomyces_cerevisiae_tRNA-Ile-TAT-2-1	62	62
Saccharomyces_cerevisiae_tRNA-Ile-TAT-2-1	63	63
Saccharomyces_cerevisiae_tRNA-Ile-TAT-2-1	64	64
Saccharomyces_cerevisiae_tRNA-Ile-TAT-2-1	65	65
Saccharomyces_cerevisiae_tRNA-Ile-TAT-2-1	66	66
Saccharomyces_cerevisiae_tRNA-Ile-TAT-2-1	67	67
Saccharomyces_cerevisiae_tRNA-Ile-TAT-2-1	68	68
Saccharomyces_cerevisiae_tRNA-Ile-TAT-2-1	69	69
Saccharomyces_cerevisiae_tRNA-Ile-TAT-2-1	70	70
Saccharomyces_cerevisiae_tRNA-Ile-TAT-2-1	71	71
Saccharomyces_cerevisiae_tRNA-Ile-TAT-2-1	72	72
Saccharomyces_cerevisiae_tRNA-Ile-TAT-2-1	73	73
Saccharomyces_cerevisiae_tRNA-Ile-TAT-2-1	74	74
Saccharomyces_cerevisiae_tRNA-Ile-TAT-2-1	75	75
Saccharomyces_cerevisiae_tRNA-Ile-TAT-2-1	76	76
Saccharomyces_cerevisiae_tRNA-Leu-CAA-1-1	1	1
Saccharomyces_cerevisiae_tRNA-Leu-CAA-1-1	2	2
Saccharomyces_cerevisiae_tRNA-Leu-CAA-1-1	3	3
Saccharomyces_cerevisiae_tRNA-Leu-CAA-1-1	4	4
Saccharomyces_cerevisiae_tRNA-Leu-CAA-1-1	5	5
Saccharomyces_cerevisiae_tRNA-Leu-CAA-1-1	6	6
Saccharomyces_cerevisiae_tRNA-Leu-CAA-1-1	7	7
Saccharomyces_cerevisiae_tRNA-Leu-CAA-1-1	8	8
Saccharomyces_cerevisiae_tRNA-Leu-CAA-1-1	9	9
Saccharomyces_cerevisiae_tRNA-Leu-CAA-1-1	10	10
Saccharomyces_cerevisiae_tRNA-Leu-CAA-1-1	11	11
Saccharomyces_cerevisiae_tRNA-Leu-CAA-1-1	12	12
Saccharomyces_cerevisiae_tRNA-Leu-CAA-1-1	13	13
Saccharomyces_cerevisiae_tRNA-Leu-CAA-1-1	14	14
Saccharomyces_cerevisiae_tRNA-Leu-CAA-1-1	15	15
Saccharomyces_cerevisiae_tRNA-Leu-CAA-1-1	16	16
Saccharomyces_cerevisiae_tRNA-Leu-CAA-1-1	17	18
Saccharomyces_cerevisiae_tRNA-Leu-CAA-1-1	18	19
Saccharomyces_cerevisiae_tRNA-Leu-CAA-1-1	19	20
Saccharomyces_cerevisiae_tRNA-Leu-CAA-1-1	20	20a
Saccharomyces_cerevisiae_tRNA-Leu-CAA-1-1	21	20b
Saccharomyces_cerevisiae_tRNA-Leu-CAA-1-1	22	21
Saccharomyces_cerevisiae_tRNA-Leu-CAA-1-1	23	22
Saccharomyces_cerevisiae_tRNA-Leu-CAA-1-1	24	23
Saccharomyces_cerevisiae_tRNA-Leu-CAA-1-1	25	24
Saccharomyces_cerevisiae_tRNA-Leu-CAA-1-1	26	25
Saccharomyces_cerevisiae_tRNA-Leu-CAA-1-1	27	26
Saccharomyces_cerevisiae_tRNA-Leu-CAA-1-1	28	27
Saccharomyces_cerevisiae_tRNA-Leu-CAA-1-1	29	28
Saccharomyces_cerevisiae_tRNA-Leu-CAA-1-1	30	29
Saccharomyces_cerevisiae_tRNA-Leu-CAA-1-1	31	30
Saccharomyces_cerevisiae_tRNA-Leu-CAA-1-1	32	31
Saccharomyces_cerevisiae_tRNA-Leu-CAA-1-1	33	32
Saccharomyces_cerevisiae_tRNA-Leu-CAA-1-1	34	33
Saccharomyces_cerevisiae_tRNA-Leu-CAA-1-1	35	34
Saccharomyces_cerevisiae_tRNA-Leu-CAA-1-1	36	35
Saccharomyces_cerevisiae_tRNA-Leu-CAA-1-1	37	36
Saccharomyces_cerevisiae_tRNA-Leu-CAA-1-1	38	37
Saccharomyces_cerevisiae_tRNA-Leu-CAA-1-1	39	38
Saccharomyces_cerevisiae_tRNA-Leu-CAA-1-1	40	39
Saccharomyces_cerevisiae_tRNA-Leu-CAA-1-1	41	40
Saccharomyces_cerevisiae_tRNA-Leu-CAA-1-1	42	41
Saccharomyces_cerevisiae_tRNA-Leu-CAA-1-1	43	42
Saccharomyces_cerevisiae_tRNA-Leu-CAA-1-1	44	43
Saccharomyces_cerevisiae_tRNA-Leu-CAA-1-1	45	44
Saccharomyces_cerevisiae_tRNA-Leu-CAA-1-1	46	V11
Saccharomyces_cerevisiae_tRNA-Leu-CAA-1-1	47	V12
Saccharomyces_cerevisiae_tRNA-Leu-CAA-1-1	48	V13
Saccharomyces_cerevisiae_tRNA-Leu-CAA-1-1	49	V1
Saccharomyces_cerevisiae_tRNA-Leu-CAA-1-1	50	V2
Saccharomyces_cerevisiae_tRNA-Leu-CAA-1-1	51	V3
Saccharomyces_cerevisiae_tRNA-Leu-CAA-1-1	52	V4
Saccharomyces_cerevisiae_tRNA-Leu-CAA-1-1	53	V23
Saccharomyces_cerevisiae_tRNA-Leu-CAA-1-1	54	V22
Saccharomyces_cerevisiae_tRNA-Leu-CAA-1-1	55	V21
Saccharomyces_cerevisiae_tRNA-Leu-CAA-1-1	56	46
Saccharomyces_cerevisiae_tRNA-Leu-CAA-1-1	57	48
Saccharomyces_cerevisiae_tRNA-Leu-CAA-1-1	58	49
Saccharomyces_cerevisiae_tRNA-Leu-CAA-1-1	59	50
Saccharomyces_cerevisiae_tRNA-Leu-CAA-1-1	60	51
Saccharomyces_cerevisiae_tRNA-Leu-CAA-1-1	61	52
Saccharomyces_cerevisiae_tRNA-Leu-CAA-1-1	62	53
Saccharomyces_cerevisiae_tRNA-Leu-CAA-1-1	63	54
Saccharomyces_cerevisiae_tRNA-Leu-CAA-1-1	64	55
Saccharomyces_cerevisiae_tRNA-Leu-CAA-1-1	65	56
Saccharomyces_cerevisiae_tRNA-Leu-CAA-1-1	66	57
Saccharomyces_cerevisiae_tRNA-Leu-CAA-1-1	67	58
Saccharomyces_cerevisiae_tRNA-Leu-CAA-1-1	68	59
Saccharomyces_cerevisiae_tRNA-Leu-CAA-1-1	69	60
Saccharomyces_cerevisiae_tRNA-Leu-CAA-1-1	70	61
Saccharomyces_cerevisiae_tRNA-Leu-CAA-1-1	71	62
Saccharomyces_cerevisiae_tRNA-Leu-CAA-1-1	72	63
Saccharomyces_cerevisiae_tRNA-Leu-CAA-1-1	73	64
Saccharomyces_cerevisiae_tRNA-Leu-CAA-1-1	74	65
Saccharomyces_cerevisiae_tRNA-Leu-CAA-1-1	75	66
Saccharomyces_cerevisiae_tRNA-Leu-CAA-1-1	76	67
Saccharomyces_cerevisiae_tRNA-Leu-CAA-1-1	77	68
Saccharomyces_cerevisiae_tRNA-Leu-CAA-1-1	78	69
Saccharomyces_cerevisiae_tRNA-Leu-CAA-1-1	79	70
Saccharomyces_cerevisiae_tRNA-Leu-CAA-1-1	80	71
Saccharomyces_cerevisiae_tRNA-Leu-CAA-1-1	81	72
Saccharomyces_cerevisiae_tRNA-Leu-CAA-1-1	82	73
Saccharomyces_cerevisiae_tRNA-Leu-CAA-1-1	83	74
Saccharomyces_cerevisiae_tRNA-Leu-CAA-1-1	84	75
Saccharomyces_cerevisiae_tRNA-Leu-CAA-1-1	85	76
Saccharomyces_cerevisiae_tRNA-Leu-GAG-1-1	1	1
Saccharomyces_cerevisiae_tRNA-Leu-GAG-1-1	2	2
Saccharomyces_cerevisiae_tRNA-Leu-GAG-1-1	3	3
Saccharomyces_cerevisiae_tRNA-Leu-GAG-1-1	4	4
Saccharomyces_cerevisiae_tRNA-Leu-GAG-1-1	5	5
Saccharomyces_cerevisiae_tRNA-Leu-GAG-1-1	6	6
Saccharomyces_cerevisiae_tRNA-Leu-GAG-1-1	7	7
Saccharomyces_cerevisiae_tRNA-Leu-GAG-1-1	8	8
Saccharomyces_cerevisiae_tRNA-Leu-GAG-1-1	9	9
Saccharomyces_cerevisiae_tRNA-Leu-GAG-1-1	10	10
Saccharomyces_cerevisiae_tRNA-Leu-GAG-1-1	11	11
Saccharomyces_cerevisiae_tRNA-Leu-GAG-1-1	12	12
Saccharomyces_cerevisiae_tRNA-Leu-GAG-1-1	13	13
Saccharomyces_cerevisiae_tRNA-Leu-GAG-1-1	14	14
Saccharomyces_cerevisiae_tRNA-Leu-GAG-1-1	15	15
Saccharomyces_cerevisiae_tRNA-Leu-GAG-1-1	16	16
Saccharomyces_cerevisiae_tRNA-Leu-GAG-1-1	17	18
Saccharomyces_cerevisiae_tRNA-Leu-GAG-1-1	18	19
Saccharomyces_cerevisiae_tRNA-Leu-GAG-1-1	19	20
Saccharomyces_cerevisiae_tRNA-Leu-GAG-1-1	20	20a
Saccharomyces_cerevisiae_tRNA-Leu-GAG-1-1	21	20b
Saccharomyces_cerevisiae_tRNA-Leu-GAG-1-1	22	21
Saccharomyces_cerevisiae_tRNA-Leu-GAG-1-1	23	22
Saccharomyces_cerevisiae_tRNA-Leu-GAG-1-1	24	23
Saccharomyces_cerevisiae_tRNA-Leu-GAG-1-1	25	24
Saccharomyces_cerevisiae_tRNA-Leu-GAG-1-1	26	25
Saccharomyces_cerevisiae_tRNA-Leu-GAG-1-1	27	26
Saccharomyces_cerevisiae_tRNA-Leu-GAG-1-1	28	27
Saccharomyces_cerevisiae_tRNA-Leu-GAG-1-1	29	28
Saccharomyces_cerevisiae_tRNA-Leu-GAG-1-1	30	29
Saccharomyces_cerevisiae_tRNA-Leu-GAG-1-1	31	30
Saccharomyces_cerevisiae_tRNA-Leu-GAG-1-1	32	31
Saccharomyces_cerevisiae_tRNA-Leu-GAG-1-1	33	32
Saccharomyces_cerevisiae_tRNA-Leu-GAG-1-1	34	33
Saccharomyces_cerevisiae_tRNA-Leu-GAG-1-1	35	34
Saccharomyces_cerevisiae_tRNA-Leu-GAG-1-1	36	35
Saccharomyces_cerevisiae_tRNA-Leu-GAG-1-1	37	36
Saccharomyces_cerevisiae_tRNA-Leu-GAG-1-1	38	37
Saccharomyces_cerevisiae_tRNA-Leu-GAG-1-1	39	38
Saccharomyces_cerevisiae_tRNA-Leu-GAG-1-1	40	39
Saccharomyces_cerevisiae_tRNA-Leu-GAG-1-1	41	40
Saccharomyces_cerevisiae_tRNA-Leu-GAG-1-1	42	41
Saccharomyces_cerevisiae_tRNA-Leu-GAG-1-1	43	42
Saccharomyces_cerevisiae_tRNA-Leu-GAG-1-1	44	43
Saccharomyces_cerevisiae_tRNA-Leu-GAG-1-1	45	44
Saccharomyces_cerevisiae_tRNA-Leu-GAG-1-1	46	V11
Saccharomyces_cerevisiae_tRNA-Leu-GAG-1-1	47	V12
Saccharomyces_cerevisiae_tRNA-Leu-GAG-1-1	48	V13
Saccharomyces_cerevisiae_tRNA-Leu-GAG-1-1	49	V1
Saccharomyces_cerevisiae_tRNA-Leu-GAG-1-1	50	V2
Saccharomyces_cerevisiae_tRNA-Leu-GAG-1-1	51	V3
Saccharomyces_cerevisiae_tRNA-Leu-GAG-1-1	52	V4
Saccharomyces_cerevisiae_tRNA-Leu-GAG-1-1	53	V23
Saccharomyces_cerevisiae_tRNA-Leu-GAG-1-1	54	V22
Saccharomyces_cerevisiae_tRNA-Leu-GAG-1-1	55	V21
Saccharomyces_cerevisiae_tRNA-Leu-GAG-1-1	56	46
Saccharomyces_cerevisiae_tRNA-Leu-GAG-1-1	57	48
Saccharomyces_cerevisiae_tRNA-Leu-GAG-1-1	58	49
Saccharomyces_cerevisiae_tRNA-Leu-GAG-1-1	59	50
Saccharomyces_cerevisiae_tRNA-Leu-GAG-1-1	60	51
Saccharomyces_cerevisiae_tRNA-Leu-GAG-1-1	61	52
Saccharomyces_cerevisiae_tRNA-Leu-GAG-1-1	62	53
Saccharomyces_cerevisiae_tRNA-Leu-GAG-1-1	63	54
Saccharomyces_cerevisiae_tRNA-Leu-GAG-1-1	64	55
Saccharomyces_cerevisiae_tRNA-Leu-GAG-1-1	65	56
Saccharomyces_cerevisiae_tRNA-Leu-GAG-1-1	66	57
Saccharomyces_cerevisiae_tRNA-Leu-GAG-1-1	67	58
Saccharomyces_cerevisiae_tRNA-Leu-GAG-1-1	68	59
Saccharomyces_cerevisiae_tRNA-Leu-GAG-1-1	69	60
Saccharomyces_cerevisiae_tRNA-Leu-GAG-1-1	70	61
Saccharomyces_cerevisiae_tRNA-Leu-GAG-1-1	71	62
Saccharomyces_cerevisiae_tRNA-Leu-GAG-1-1	72	63
Saccharomyces_cerevisiae_tRNA-Leu-GAG-1-1	73	64
Saccharomyces_cerevisiae_tRNA-Leu-GAG-1-1	74	65
Saccharomyces_cerevisiae_tRNA-Leu-GAG-1-1	75	66
Saccharomyces_cerevisiae_tRNA-Leu-GAG-1-1	76	67
Saccharomyces_cerevisiae_tRNA-Leu-GAG-1-1	77	68
Saccharomyces_cerevisiae_tRNA-Leu-GAG-1-1	78	69
Saccharomyces_cerevisiae_tRNA-Leu-GAG-1-1	79	70
Saccharomyces_cerevisiae_tRNA-Leu-GAG-1-1	80	71
Saccharomyces_cerevisiae_tRNA-Leu-GAG-1-1	81	72
Saccharomyces_cerevisiae_tRNA-Leu-GAG-1-1	82	73
Saccharomyces_cerevisiae_tRNA-Leu-GAG-1-1	83	74
Saccharomyces_cerevisiae_tRNA-Leu-GAG-1-1	84	75
Saccharomyces_cerevisiae_tRNA-Leu-GAG-1-1	85	76
Saccharomyces_cerevisiae_tRNA-Leu-TAA-1-1	1	1
Saccharomyces_cerevisiae_tRNA-Leu-TAA-1-1	2	2
Saccharomyces_cerevisiae_tRNA-Leu-TAA-1-1	3	3
Saccharomyces_cerevisiae_tRNA-Leu-TAA-1-1	4	4
Saccharomyces_cerevisiae_tRNA-Leu-TAA-1-1	5	5
Saccharomyces_cerevisiae_tRNA-Leu-TAA-1-1	6	6
Saccharomyces_cerevisiae_tRNA-Leu-TAA-1-1	7	7
Saccharomyces_cerevisiae_tRNA-Leu-TAA-1-1	8	8
Saccharomyces_cerevisiae_tRNA-Leu-TAA-1-1	9	9
Saccharomyces_cerevisiae_tRNA-Leu-TAA-1-1	10	10
Saccharomyces_cerevisiae_tRNA-Leu-TAA-1-1	11	11
Saccharomyces_cerevisiae_tRNA-Leu-TAA-1-1	12	12
Saccharomyces_cerevisiae_tRNA-Leu-TAA-1-1	13	13
Saccharomyces_cerevisiae_tRNA-Leu-TAA-1-1	14	14
Saccharomyces_cerevisiae_tRNA-Leu-TAA-1-1	15	15
Saccharomyces_cerevisiae_tRNA-Leu-TAA-1-1	16	16
Saccharomyces_cerevisiae_tRNA-Leu-TAA-1-1	17	18
Saccharomyces_cerevisiae_tRNA-Leu-TAA-1-1	18	19
Saccharomyces_cerevisiae_tRNA-Leu-TAA-1-1	19	20
Saccharomyces_cerevisiae_tRNA-Leu-TAA-1-1	20	20a
Saccharomyces_cerevisiae_tRNA-Leu-TAA-1-1	21	20b
Saccharomyces_cerevisiae_tRNA-Leu-TAA-1-1	22	21
Saccharomyces_cerevisiae_tRNA-Leu-TAA-1-1	23	22
Saccharomyces_cerevisiae_tRNA-Leu-TAA-1-1	24	23
Saccharomyces_cerevisiae_tRNA-Leu-TAA-1-1	25	24
Saccharomyces_cerevisiae_tRNA-Leu-TAA-1-1	26	25
Saccharomyces_cerevisiae_tRNA-Leu-TAA-1-1	27	26
Saccharomyces_cerevisiae_tRNA-Leu-TAA-1-1	28	27
Saccharomyces_cerevisiae_tRNA-Leu-TAA-1-1	29	28
Saccharomyces_cerevisiae_tRNA-Leu-TAA-1-1	30	29
Saccharomyces_cerevisiae_tRNA-Leu-TAA-1-1	31	30
Saccharomyces_cerevisiae_tRNA-Leu-TAA-1-1	32	31
Saccharomyces_cerevisiae_tRNA-Leu-TAA-1-1	33	32
Saccharomyces_cerevisiae_tRNA-Leu-TAA-1-1	34	33
Saccharomyces_cerevisiae_tRNA-Leu-TAA-1-1	35	34
Saccharomyces_cerevisiae_tRNA-Leu-TAA-1-1	36	35
Saccharomyces_cerevisiae_tRNA-Leu-TAA-1-1	37	36
Saccharomyces_cerevisiae_tRNA-Leu-TAA-1-1	38	37
Saccharomyces_cerevisiae_tRNA-Leu-TAA-1-1	39	38
Saccharomyces_cerevisiae_tRNA-Leu-TAA-1-1	40	39
Saccharomyces_cerevisiae_tRNA-Leu-TAA-1-1	41	40
Saccharomyces_cerevisiae_tRNA-Leu-TAA-1-1	42	41
Saccharomyces_cerevisiae_tRNA-Leu-TAA-1-1	43	42
Saccharomyces_cerevisiae_tRNA-Leu-TAA-1-1	44	43
Saccharomyces_cerevisiae_tRNA-Leu-TAA-1-1	45	44
Saccharomyces_cerevisiae_tRNA-Leu-TAA-1-1	46	V11
Saccharomyces_cerevisiae_tRNA-Leu-TAA-1-1	47	V12
Saccharomyces_cerevisiae_tRNA-Leu-TAA-1-1	48	V13
Saccharomyces_cerevisiae_tRNA-Leu-TAA-1-1	49	V14
Saccharomyces_cerevisiae_tRNA-Leu-TAA-1-1	50	V1
Saccharomyces_cerevisiae_tRNA-Leu-TAA-1-1	51	V2
Saccharomyces_cerevisiae_tRNA-Leu-TAA-1-1	52	V3
Saccharomyces_cerevisiae_tRNA-Leu-TAA-1-1	53	V4
Saccharomyces_cerevisiae_tRNA-Leu-TAA-1-1	54	V24
Saccharomyces_cerevisiae_tRNA-Leu-TAA-1-1	55	V23
Saccharomyces_cerevisiae_tRNA-Leu-TAA-1-1	56	V22
Saccharomyces_cerevisiae_tRNA-Leu-TAA-1-1	57	V21
Saccharomyces_cerevisiae_tRNA-Leu-TAA-1-1	58	46
Saccharomyces_cerevisiae_tRNA-Leu-TAA-1-1	59	48
Saccharomyces_cerevisiae_tRNA-Leu-TAA-1-1	60	49
Saccharomyces_cerevisiae_tRNA-Leu-TAA-1-1	61	50
Saccharomyces_cerevisiae_tRNA-Leu-TAA-1-1	62	51
Saccharomyces_cerevisiae_tRNA-Leu-TAA-1-1	63	52
Saccharomyces_cerevisiae_tRNA-Leu-TAA-1-1	64	53
Saccharomyces_cerevisiae_tRNA-Leu-TAA-1-1	65	54
Saccharomyces_cerevisiae_tRNA-Leu-TAA-1-1	66	55
Saccharomyces_cerevisiae_tRNA-Leu-TAA-1-1	67	56
Saccharomyces_cerevisiae_tRNA-Leu-TAA-1-1	68	57
Saccharomyces_cerevisiae_tRNA-Leu-TAA-1-1	69	58
Saccharomyces_cerevisiae_tRNA-Leu-TAA-1-1	70	59
Saccharomyces_cerevisiae_tRNA-Leu-TAA-1-1	71	60
Saccharomyces_cerevisiae_tRNA-Leu-TAA-1-1	72	61
Saccharomyces_cerevisiae_tRNA-Leu-TAA-1-1	73	62
Saccharomyces_cerevisiae_tRNA-Leu-TAA-1-1	74	63
Saccharomyces_cerevisiae_tRNA-Leu-TAA-1-1	75	64
Saccharomyces_cerevisiae_tRNA-Leu-TAA-1-1	76	65
Saccharomyces_cerevisiae_tRNA-Leu-TAA-1-1	77	66
Saccharomyces_cerevisiae_tRNA-Leu-TAA-1-1	78	67
Saccharomyces_cerevisiae_tRNA-Leu-TAA-1-1	79	68
Saccharomyces_cerevisiae_tRNA-Leu-TAA-1-1	80	69
Saccharomyces_cerevisiae_tRNA-Leu-TAA-1-1	81	70
Saccharomyces_cerevisiae_tRNA-Leu-TAA-1-1	82	71
Saccharomyces_cerevisiae_tRNA-Leu-TAA-1-1	83	72
Saccharomyces_cerevisiae_tRNA-Leu-TAA-1-1	84	73
Saccharomyces_cerevisiae_tRNA-Leu-TAA-1-1	85	74
Saccharomyces_cerevisiae_tRNA-Leu-TAA-1-1	86	75
Saccharomyces_cerevisiae_tRNA-Leu-TAA-1-1	87	76
Saccharomyces_cerevisiae_tRNA-Leu-TAG-1-1	1	1
Saccharomyces_cerevisiae_tRNA-Leu-TAG-1-1	2	2
Saccharomyces_cerevisiae_tRNA-Leu-TAG-1-1	3	3
Saccharomyces_cerevisiae_tRNA-Leu-TAG-1-1	4	4
Saccharomyces_cerevisiae_tRNA-Leu-TAG-1-1	5	5
Saccharomyces_cerevisiae_tRNA-Leu-TAG-1-1	6	6
Saccharomyces_cerevisiae_tRNA-Leu-TAG-1-1	7	7
Saccharomyces_cerevisiae_tRNA-Leu-TAG-1-1	8	8
Saccharomyces_cerevisiae_tRNA-Leu-TAG-1-1	9	9
Saccharomyces_cerevisiae_tRNA-Leu-TAG-1-1	10	10
Saccharomyces_cerevisiae_tRNA-Leu-TAG-1-1	11	11
Saccharomyces_cerevisiae_tRNA-Leu-TAG-1-1	12	12
Saccharomyces_cerevisiae_tRNA-Leu-TAG-1-1	13	13
Saccharomyces_cerevisiae_tRNA-Leu-TAG-1-1	14	14
Saccharomyces_cerevisiae_tRNA-Leu-TAG-1-1	15	15
Saccharomyces_cerevisiae_tRNA-Leu-TAG-1-1	16	16
Saccharomyces_cerevisiae_tRNA-Leu-TAG-1-1	17	18
Saccharomyces_cerevisiae_tRNA-Leu-TAG-1-1	18	19
Saccharomyces_cerevisiae_tRNA-Leu-TAG-1-1	19	20
Saccharomyces_cerevisiae_tRNA-Leu-TAG-1-1	20	20a
Saccharomyces_cerevisiae_tRNA-Leu-TAG-1-1	21	20b
Saccharomyces_cerevisiae_tRNA-Leu-TAG-1-1	22	21
Saccharomyces_cerevisiae_tRNA-Leu-TAG-1-1	23	22
Saccharomyces_cerevisiae_tRNA-Leu-TAG-1-1	24	23
Saccharomyces_cerevisiae_tRNA-Leu-TAG-1-1	25	24
Saccharomyces_cerevisiae_tRNA-Leu-TAG-1-1	26	25
Saccharomyces_cerevisiae_tRNA-Leu-TAG-1-1	27	26
Saccharomyces_cerevisiae_tRNA-Leu-TAG-1-1	28	27
Saccharomyces_cerevisiae_tRNA-Leu-TAG-1-1	29	28
Saccharomyces_cerevisiae_tRNA-Leu-TAG-1-1	30	29
Saccharomyces_cerevisiae_tRNA-Leu-TAG-1-1	31	30
Saccharomyces_cerevisiae_tRNA-Leu-TAG-1-1	32	31
Saccharomyces_cerevisiae_tRNA-Leu-TAG-1-1	33	32
Saccharomyces_cerevisiae_tRNA-Leu-TAG-1-1	34	33
Saccharomyces_cerevisiae_tRNA-Leu-TAG-1-1	35	34
Saccharomyces_cerevisiae_tRNA-Leu-TAG-1-1	36	35
Saccharomyces_cerevisiae_tRNA-Leu-TAG-1-1	37	36
Saccharomyces_cerevisiae_tRNA-Leu-TAG-1-1	38	37
Saccharomyces_cerevisiae_tRNA-Leu-TAG-1-1	39	38
Saccharomyces_cerevisiae_tRNA-Leu-TAG-1-1	40	39
Saccharomyces_cerevisiae_tRNA-Leu-TAG-1-1	41	40
Saccharomyces_cerevisiae_tRNA-Leu-TAG-1-1	42	41
Saccharomyces_cerevisiae_tRNA-Leu-TAG-1-1	43	42
Saccharomyces_cerevisiae_tRNA-Leu-TAG-1-1	44	43
Saccharomyces_cerevisiae_tRNA-Leu-TAG-1-1	45	44
Saccharomyces_cerevisiae_tRNA-Leu-TAG-1-1	46	V11
Saccharomyces_cerevisiae_tRNA-Leu-TAG-1-1	47	V12
Saccharomyces_cerevisiae_tRNA-Leu-TAG-1-1	48	V13
Saccharomyces_cerevisiae_tRNA-Leu-TAG-1-1	49	V1
Saccharomyces_cerevisiae_tRNA-Leu-TAG-1-1	50	V2
Saccharomyces_cerevisiae_tRNA-Leu-TAG-1-1	51	V3
Saccharomyces_cerevisiae_tRNA-Leu-TAG-1-1	52	V4
Saccharomyces_cerevisiae_tRNA-Leu-TAG-1-1	53	V23
Saccharomyces_cerevisiae_tRNA-Leu-TAG-1-1	54	V22
Saccharomyces_cerevisiae_tRNA-Leu-TAG-1-1	55	V21
Saccharomyces_cerevisiae_tRNA-Leu-TAG-1-1	56	46
Saccharomyces_cerevisiae_tRNA-Leu-TAG-1-1	57	48
Saccharomyces_cerevisiae_tRNA-Leu-TAG-1-1	58	49
Saccharomyces_cerevisiae_tRNA-Leu-TAG-1-1	59	50
Saccharomyces_cerevisiae_tRNA-Leu-TAG-1-1	60	51
Saccharomyces_cerevisiae_tRNA-Leu-TAG-1-1	61	52
Saccharomyces_cerevisiae_tRNA-Leu-TAG-1-1	62	53
Saccharomyces_cerevisiae_tRNA-Leu-TAG-1-1	63	54
Saccharomyces_cerevisiae_tRNA-Leu-TAG-1-1	64	55
Saccharomyces_cerevisiae_tRNA-Leu-TAG-1-1	65	56
Saccharomyces_cerevisiae_tRNA-Leu-TAG-1-1	66	57
Saccharomyces_cerevisiae_tRNA-Leu-TAG-1-1	67	58
Saccharomyces_cerevisiae_tRNA-Leu-TAG-1-1	68	59
Saccharomyces_cerevisiae_tRNA-Leu-TAG-1-1	69	60
Saccharomyces_cerevisiae_tRNA-Leu-TAG-1-1	70	61
Saccharomyces_cerevisiae_tRNA-Leu-TAG-1-1	71	62
Saccharomyces_cerevisiae_tRNA-Leu-TAG-1-1	72	63
Saccharomyces_cerevisiae_tRNA-Leu-TAG-1-1	73	64
Saccharomyces_cerevisiae_tRNA-Leu-TAG-1-1	74	65
Saccharomyces_cerevisiae_tRNA-Leu-TAG-1-1	75	66
Saccharomyces_cerevisiae_tRNA-Leu-TAG-1-1	76	67
Saccharomyces_cerevisiae_tRNA-Leu-TAG-1-1	77	68
Saccharomyces_cerevisiae_tRNA-Leu-TAG-1-1	78	69
Saccharomyces_cerevisiae_tRNA-Leu-TAG-1-1	79	70
Saccharomyces_cerevisiae_tRNA-Leu-TAG-1-1	80	71
Saccharomyces_cerevisiae_tRNA-Leu-TAG-1-1	81	72
Saccharomyces_cerevisiae_tRNA-Leu-TAG-1-1	82	73
Saccharomyces_cerevisiae_tRNA-Leu-TAG-1-1	83	74
Saccharomyces_cerevisiae_tRNA-Leu-TAG-1-1	84	75
Saccharomyces_cerevisiae_tRNA-Leu-TAG-1-1	85	76
Saccharomyces_cerevisiae_tRNA-Lys-CTT-1-1	1	1
Saccharomyces_cerevisiae_tRNA-Lys-CTT-1-1	2	2
Saccharomyces_cerevisiae_tRNA-Lys-CTT-1-1	3	3
Saccharomyces_cerevisiae_tRNA-Lys-CTT-1-1	4	4
Saccharomyces_cerevisiae_tRNA-Lys-CTT-1-1	5	5
Saccharomyces_cerevisiae_tRNA-Lys-CTT-1-1	6	6
Saccharomyces_cerevisiae_tRNA-Lys-CTT-1-1	7	7
Saccharomyces_cerevisiae_tRNA-Lys-CTT-1-1	8	8
Saccharomyces_cerevisiae_tRNA-Lys-CTT-1-1	9	9
Saccharomyces_cerevisiae_tRNA-Lys-CTT-1-1	10	10
Saccharomyces_cerevisiae_tRNA-Lys-CTT-1-1	11	11
Saccharomyces_cerevisiae_tRNA-Lys-CTT-1-1	12	12
Saccharomyces_cerevisiae_tRNA-Lys-CTT-1-1	13	13
Saccharomyces_cerevisiae_tRNA-Lys-CTT-1-1	14	14
Saccharomyces_cerevisiae_tRNA-Lys-CTT-1-1	15	15
Saccharomyces_cerevisiae_tRNA-Lys-CTT-1-1	16	16
Saccharomyces_cerevisiae_tRNA-Lys-CTT-1-1	17	17
Saccharomyces_cerevisiae_tRNA-Lys-CTT-1-1	18	18
Saccharomyces_cerevisiae_tRNA-Lys-CTT-1-1	19	19
Saccharomyces_cerevisiae_tRNA-Lys-CTT-1-1	20	20
Saccharomyces_cerevisiae_tRNA-Lys-CTT-1-1	21	21
Saccharomyces_cerevisiae_tRNA-Lys-CTT-1-1	22	22
Saccharomyces_cerevisiae_tRNA-Lys-CTT-1-1	23	23
Saccharomyces_cerevisiae_tRNA-Lys-CTT-1-1	24	24
Saccharomyces_cerevisiae_tRNA-Lys-CTT-1-1	25	25
Saccharomyces_cerevisiae_tRNA-Lys-CTT-1-1	26	26
Saccharomyces_cerevisiae_tRNA-Lys-CTT-1-1	27	27
Saccharomyces_cerevisiae_tRNA-Lys-CTT-1-1	28	28
Saccharomyces_cerevisiae_tRNA-Lys-CTT-1-1	29	29
Saccharomyces_cerevisiae_tRNA-Lys-CTT-1-1	30	30
Saccharomyces_cerevisiae_tRNA-Lys-CTT-1-1	31	31
Saccharomyces_cerevisiae_tRNA-Lys-CTT-1-1	32	32
Saccharomyces_cerevisiae_tRNA-Lys-CTT-1-1	33	33
Saccharomyces_cerevisiae_tRNA-Lys-CTT-1-1	34	34
Saccharomyces_cerevisiae_tRNA-Lys-CTT-1-1	35	35
Saccharomyces_cerevisiae_tRNA-Lys-CTT-1-1	36	36
Saccharomyces_cerevisiae_tRNA-Lys-CTT-1-1	37	37
Saccharomyces_cerevisiae_tRNA-Lys-CTT-1-1	38	38
Saccharomyces_cerevisiae_tRNA-Lys-CTT-1-1	39	39
Saccharomyces_cerevisiae_tRNA-Lys-CTT-1-1	40	40
Saccharomyces_cerevisiae_tRNA-Lys-CTT-1-1	41	41
Saccharomyces_cerevisiae_tRNA-Lys-CTT-1-1	42	42
Saccharomyces_cerevisiae_tRNA-Lys-CTT-1-1	43	43
Saccharomyces_cerevisiae_tRNA-Lys-CTT-1-1	44	44
Saccharomyces_cerevisiae_tRNA-Lys-CTT-1-1	45	45
Saccharomyces_cerevisiae_tRNA-Lys-CTT-1-1	46	46
Saccharomyces_cerevisiae_tRNA-Lys-CTT-1-1	47	47
Saccharomyces_cerevisiae_tRNA-Lys-CTT-1-1	48	48
Saccharomyces_cerevisiae_tRNA-Lys-CTT-1-1	49	49
Saccharomyces_cerevisiae_tRNA-Lys-CTT-1-1	50	50
Saccharomyces_cerevisiae_tRNA-Lys-CTT-1-1	51	51
Saccharomyces_cerevisiae_tRNA-Lys-CTT-1-1	52	52
Saccharomyces_cerevisiae_tRNA-Lys-CTT-1-1	53	53
Saccharomyces_cerevisiae_tRNA-Lys-CTT-1-1	54	54
Saccharomyces_cerevisiae_tRNA-Lys-CTT-1-1	55	55
Saccharomyces_cerevisiae_tRNA-Lys-CTT-1-1	56	56
Saccharomyces_cerevisiae_tRNA-Lys-CTT-1-1	57	57
Saccharomyces_cerevisiae_tRNA-Lys-CTT-1-1	58	58
Saccharomyces_cerevisiae_tRNA-Lys-CTT-1-1	59	59
Saccharomyces_cerevisiae_tRNA-Lys-CTT-1-1	60	60
Saccharomyces_cerevisiae_tRNA-Lys-CTT-1-1	61	61
Saccharomyces_cerevisiae_tRNA-Lys-CTT-1-1	62	62
Saccharomyces_cerevisiae_tRNA-Lys-CTT-1-1	63	63
Saccharomyces_cerevisiae_tRNA-Lys-CTT-1-1	64	64
Saccharomyces_cerevisiae_tRNA-Lys-CTT-1-1	65	65
Saccharomyces_cerevisiae_tRNA-Lys-CTT-1-1	66	66
Saccharomyces_cerevisiae_tRNA-Lys-CTT-1-1	67	67
Saccharomyces_cerevisiae_tRNA-Lys-CTT-1-1	68	68
Saccharomyces_cerevisiae_tRNA-Lys-CTT-1-1	69	69
Saccharomyces_cerevisiae_tRNA-Lys-CTT-1-1	70	70
Saccharomyces_cerevisiae_tRNA-Lys-CTT-1-1	71	71
Saccharomyces_cerevisiae_tRNA-Lys-CTT-1-1	72	72
Saccharomyces_cerevisiae_tRNA-Lys-CTT-1-1	73	73
Saccharomyces_cerevisiae_tRNA-Lys-CTT-1-1	74	74
Saccharomyces_cerevisiae_tRNA-Lys-CTT-1-1	75	75
Saccharomyces_cerevisiae_tRNA-Lys-CTT-1-1	76	76
Saccharomyces_cerevisiae_tRNA-Lys-TTT-1-1	1	1
Saccharomyces_cerevisiae_tRNA-Lys-TTT-1-1	2	2
Saccharomyces_cerevisiae_tRNA-Lys-TTT-1-1	3	3
Saccharomyces_cerevisiae_tRNA-Lys-TTT-1-1	4	4
Saccharomyces_cerevisiae_tRNA-Lys-TTT-1-1	5	5
Saccharomyces_cerevisiae_tRNA-Lys-TTT-1-1	6	6
Saccharomyces_cerevisiae_tRNA-Lys-TTT-1-1	7	7
Saccharomyces_cerevisiae_tRNA-Lys-TTT-1-1	8	8
Saccharomyces_cerevisiae_tRNA-Lys-TTT-1-1	9	9
Saccharomyces_cerevisiae_tRNA-Lys-TTT-1-1	10	10
Saccharomyces_cerevisiae_tRNA-Lys-TTT-1-1	11	11
Saccharomyces_cerevisiae_tRNA-Lys-TTT-1-1	12	12
Saccharomyces_cerevisiae_tRNA-Lys-TTT-1-1	13	13
Saccharomyces_cerevisiae_tRNA-Lys-TTT-1-1	14	14
Saccharomyces_cerevisiae_tRNA-Lys-TTT-1-1	15	15
Saccharomyces_cerevisiae_tRNA-Lys-TTT-1-1	16	16
Saccharomyces_cerevisiae_tRNA-Lys-TTT-1-1	17	17
Saccharomyces_cerevisiae_tRNA-Lys-TTT-1-1	18	18
Saccharomyces_cerevisiae_tRNA-Lys-TTT-1-1	19	19
Saccharomyces_cerevisiae_tRNA-Lys-TTT-1-1	20	20
Saccharomyces_cerevisiae_tRNA-Lys-TTT-1-1	21	21
Saccharomyces_cerevisiae_tRNA-Lys-TTT-1-1	22	22
Saccharomyces_cerevisiae_tRNA-Lys-TTT-1-1	23	23
Saccharomyces_cerevisiae_tRNA-Lys-TTT-1-1	24	24
Saccharomyces_cerevisiae_tRNA-Lys-TTT-1-1	25	25
Saccharomyces_cerevisiae_tRNA-Lys-TTT-1-1	26	26
Saccharomyces_cerevisiae_tRNA-Lys-TTT-1-1	27	27
Saccharomyces_cerevisiae_tRNA-Lys-TTT-1-1	28	28
Saccharomyces_cerevisiae_tRNA-Lys-TTT-1-1	29	29
Saccharomyces_cerevisiae_tRNA-Lys-TTT-1-1	30	30
Saccharomyces_cerevisiae_tRNA-Lys-TTT-1-1	31	31
Saccharomyces_cerevisiae_tRNA-Lys-TTT-1-1	32	32
Saccharomyces_cerevisiae_tRNA-Lys-TTT-1-1	33	33
Saccharomyces_cerevisiae_tRNA-Lys-TTT-1-1	34	34
Saccharomyces_cerevisiae_tRNA-Lys-TTT-1-1	35	35
Saccharomyces_cerevisiae_tRNA-Lys-TTT-1-1	36	36
Saccharomyces_cerevisiae_tRNA-Lys-TTT-1-1	37	37
Saccharomyces_cerevisiae_tRNA-Lys-TTT-1-1	38	38
Saccharomyces_cerevisiae_tRNA-Lys-TTT-1-1	39	39
Saccharomyces_cerevisiae_tRNA-Lys-TTT-1-1	40	40
Saccharomyces_cerevisiae_tRNA-Lys-TTT-1-1	41	41
Saccharomyces_cerevisiae_tRNA-Lys-TTT-1-1	42	42
Saccharomyces_cerevisiae_tRNA-Lys-TTT-1-1	43	43
Saccharomyces_cerevisiae_tRNA-Lys-TTT-1-1	44	44
Saccharomyces_cerevisiae_tRNA-Lys-TTT-1-1	45	45
Saccharomyces_cerevisiae_tRNA-Lys-TTT-1-1	46	46
Saccharomyces_cerevisiae_tRNA-Lys-TTT-1-1	47	47
Saccharomyces_cerevisiae_tRNA-Lys-TTT-1-1	48	48
Saccharomyces_cerevisiae_tRNA-Lys-TTT-1-1	49	49
Saccharomyces_cerevisiae_tRNA-Lys-TTT-1-1	50	50
Saccharomyces_cerevisiae_tRNA-Lys-TTT-1-1	51	51
Saccharomyces_cerevisiae_tRNA-Lys-TTT-1-1	52	52
Saccharomyces_cerevisiae_tRNA-Lys-TTT-1-1	53	53
Saccharomyces_cerevisiae_tRNA-Lys-TTT-1-1	54	54
Saccharomyces_cerevisiae_tRNA-Lys-TTT-1-1	55	55
Saccharomyces_cerevisiae_tRNA-Lys-TTT-1-1	56	56
Saccharomyces_cerevisiae_tRNA-Lys-TTT-1-1	57	57
Saccharomyces_cerevisiae_tRNA-Lys-TTT-1-1	58	58
Saccharomyces_cerevisiae_tRNA-Lys-TTT-1-1	59	59
Saccharomyces_cerevisiae_tRNA-Lys-TTT-1-1	60	60
Saccharomyces_cerevisiae_tRNA-Lys-TTT-1-1	61	61
Saccharomyces_cerevisiae_tRNA-Lys-TTT-1-1	62	62
Saccharomyces_cerevisiae_tRNA-Lys-TTT-1-1	63	63
Saccharomyces_cerevisiae_tRNA-Lys-TTT-1-1	64	64
Saccharomyces_cerevisiae_tRNA-Lys-TTT-1-1	65	65
Saccharomyces_cerevisiae_tRNA-Lys-TTT-1-1	66	66
Saccharomyces_cerevisiae_tRNA-Lys-TTT-1-1	67	67
Saccharomyces_cerevisiae_tRNA-Lys-TTT-1-1	68	68
Saccharomyces_cerevisiae_tRNA-Lys-TTT-1-1	69	69
Saccharomyces_cerevisiae_tRNA-Lys-TTT-1-1	70	70
Saccharomyces_cerevisiae_tRNA-Lys-TTT-1-1	71	71
Saccharomyces_cerevisiae_tRNA-Lys-TTT-1-1	72	72
Saccharomyces_cerevisiae_tRNA-Lys-TTT-1-1	73	73
Saccharomyces_cerevisiae_tRNA-Lys-TTT-1-1	74	74
Saccharomyces_cerevisiae_tRNA-Lys-TTT-1-1	75	75
Saccharomyces_cerevisiae_tRNA-Lys-TTT-1-1	76	76
Saccharomyces_cerevisiae_tRNA-Met-CAT-1-1	1	1
Saccharomyces_cerevisiae_tRNA-Met-CAT-1-1	2	2
Saccharomyces_cerevisiae_tRNA-Met-CAT-1-1	3	3
Saccharomyces_cerevisiae_tRNA-Met-CAT-1-1	4	4
Saccharomyces_cerevisiae_tRNA-Met-CAT-1-1	5	5
Saccharomyces_cerevisiae_tRNA-Met-CAT-1-1	6	6
Saccharomyces_cerevisiae_tRNA-Met-CAT-1-1	7	7
Saccharomyces_cerevisiae_tRNA-Met-CAT-1-1	8	8
Saccharomyces_cerevisiae_tRNA-Met-CAT-1-1	9	9
Saccharomyces_cerevisiae_tRNA-Met-CAT-1-1	10	10
Saccharomyces_cerevisiae_tRNA-Met-CAT-1-1	11	11
Saccharomyces_cerevisiae_tRNA-Met-CAT-1-1	12	12
Saccharomyces_cerevisiae_tRNA-Met-CAT-1-1	13	13
Saccharomyces_cerevisiae_tRNA-Met-CAT-1-1	14	14
Saccharomyces_cerevisiae_tRNA-Met-CAT-1-1	15	15
Saccharomyces_cerevisiae_tRNA-Met-CAT-1-1	16	16
Saccharomyces_cerevisiae_tRNA-Met-CAT-1-1	17	17
Saccharomyces_cerevisiae_tRNA-Met-CAT-1-1	18	18
Saccharomyces_cerevisiae_tRNA-Met-CAT-1-1	19	19
Saccharomyces_cerevisiae_tRNA-Met-CAT-1-1	20	20
Saccharomyces_cerevisiae_tRNA-Met-CAT-1-1	21	21
Saccharomyces_cerevisiae_tRNA-Met-CAT-1-1	22	22
Saccharomyces_cerevisiae_tRNA-Met-CAT-1-1	23	23
Saccharomyces_cerevisiae_tRNA-Met-CAT-1-1	24	24
Saccharomyces_cerevisiae_tRNA-Met-CAT-1-1	25	25
Saccharomyces_cerevisiae_tRNA-Met-CAT-1-1	26	26
Saccharomyces_cerevisiae_tRNA-Met-CAT-1-1	27	27
Saccharomyces_cerevisiae_tRNA-Met-CAT-1-1	28	28
Saccharomyces_cerevisiae_tRNA-Met-CAT-1-1	29	29
Saccharomyces_cerevisiae_tRNA-Met-CAT-1-1	30	30
Saccharomyces_cerevisiae_tRNA-Met-CAT-1-1	31	31
Saccharomyces_cerevisiae_tRNA-Met-CAT-1-1	32	32
Saccharomyces_cerevisiae_tRNA-Met-CAT-1-1	33	33
Saccharomyces_cerevisiae_tRNA-Met-CAT-1-1	34	34
Saccharomyces_cerevisiae_tRNA-Met-CAT-1-1	35	35
Saccharomyces_cerevisiae_tRNA-Met-CAT-1-1	36	36
Saccharomyces_cerevisiae_tRNA-Met-CAT-1-1	37	37
Saccharomyces_cerevisiae_tRNA-Met-CAT-1-1	38	38
Saccharomyces_cerevisiae_tRNA-Met-CAT-1-1	39	39
Saccharomyces_cerevisiae_tRNA-Met-CAT-1-1	40	40
Saccharomyces_cerevisiae_tRNA-Met-CAT-1-1	41	41
Saccharomyces_cerevisiae_tRNA-Met-CAT-1-1	42	42
Saccharomyces_cerevisiae_tRNA-Met-CAT-1-1	43	43
Saccharomyces_cerevisiae_tRNA-Met-CAT-1-1	44	44
Saccharomyces_cerevisiae_tRNA-Met-CAT-1-1	45	45
Saccharomyces_cerevisiae_tRNA-Met-CAT-1-1	46	46
Saccharomyces_cerevisiae_tRNA-Met-CAT-1-1	47	47
Saccharomyces_cerevisiae_tRNA-Met-CAT-1-1	48	48
Saccharomyces_cerevisiae_tRNA-Met-CAT-1-1	49	49
Saccharomyces_cerevisiae_tRNA-Met-CAT-1-1	50	50
Saccharomyces_cerevisiae_tRNA-Met-CAT-1-1	51	51
Saccharomyces_cerevisiae_tRNA-Met-CAT-1-1	52	52
Saccharomyces_cerevisiae_tRNA-Met-CAT-1-1	53	53
Saccharomyces_cerevisiae_tRNA-Met-CAT-1-1	54	54
Saccharomyces_cerevisiae_tRNA-Met-CAT-1-1	55	55
Saccharomyces_cerevisiae_tRNA-Met-CAT-1-1	56	56
Saccharomyces_cerevisiae_tRNA-Met-CAT-1-1	57	57
Saccharomyces_cerevisiae_tRNA-Met-CAT-1-1	58	58
Saccharomyces_cerevisiae_tRNA-Met-CAT-1-1	59	59
Saccharomyces_cerevisiae_tRNA-Met-CAT-1-1	60	60
Saccharomyces_cerevisiae_tRNA-Met-CAT-1-1	61	61
Saccharomyces_cerevisiae_tRNA-Met-CAT-1-1	62	62
Saccharomyces_cerevisiae_tRNA-Met-CAT-1-1	63	63
Saccharomyces_cerevisiae_tRNA-Met-CAT-1-1	64	64
Saccharomyces_cerevisiae_tRNA-Met-CAT-1-1	65	65
Saccharomyces_cerevisiae_tRNA-Met-CAT-1-1	66	66
Saccharomyces_cerevisiae_tRNA-Met-CAT-1-1	67	67
Saccharomyces_cerevisiae_tRNA-Met-CAT-1-1	68	68
Saccharomyces_cerevisiae_tRNA-Met-CAT-1-1	69	69
Saccharomyces_cerevisiae_tRNA-Met-CAT-1-1	70	70
Saccharomyces_cerevisiae_tRNA-Met-CAT-1-1	71	71
Saccharomyces_cerevisiae_tRNA-Met-CAT-1-1	72	72
Saccharomyces_cerevisiae_tRNA-Met-CAT-1-1	73	73
Saccharomyces_cerevisiae_tRNA-Met-CAT-1-1	74	74
Saccharomyces_cerevisiae_tRNA-Met-CAT-1-1	75	75
Saccharomyces_cerevisiae_tRNA-Met-CAT-1-1	76	76
Saccharomyces_cerevisiae_tRNA-Phe-GAA-1-1	1	1
Saccharomyces_cerevisiae_tRNA-Phe-GAA-1-1	2	2
Saccharomyces_cerevisiae_tRNA-Phe-GAA-1-1	3	3
Saccharomyces_cerevisiae_tRNA-Phe-GAA-1-1	4	4
Saccharomyces_cerevisiae_tRNA-Phe-GAA-1-1	5	5
Saccharomyces_cerevisiae_tRNA-Phe-GAA-1-1	6	6
Saccharomyces_cerevisiae_tRNA-Phe-GAA-1-1	7	7
Saccharomyces_cerevisiae_tRNA-Phe-GAA-1-1	8	8
Saccharomyces_cerevisiae_tRNA-Phe-GAA-1-1	9	9
Saccharomyces_cerevisiae_tRNA-Phe-GAA-1-1	10	10
Saccharomyces_cerevisiae_tRNA-Phe-GAA-1-1	11	11
Saccharomyces_cerevisiae_tRNA-Phe-GAA-1-1	12	12
Saccharomyces_cerevisiae_tRNA-Phe-GAA-1-1	13	13
Saccharomyces_cerevisiae_tRNA-Phe-GAA-1-1	14	14
Saccharomyces_cerevisiae_tRNA-Phe-GAA-1-1	15	15
Saccharomyces_cerevisiae_tRNA-Phe-GAA-1-1	16	16
Saccharomyces_cerevisiae_tRNA-Phe-GAA-1-1	17	17
Saccharomyces_cerevisiae_tRNA-Phe-GAA-1-1	18	18
Saccharomyces_cerevisiae_tRNA-Phe-GAA-1-1	19	19
Saccharomyces_cerevisiae_tRNA-Phe-GAA-1-1	20	20
Saccharomyces_cerevisiae_tRNA-Phe-GAA-1-1	21	21
Saccharomyces_cerevisiae_tRNA-Phe-GAA-1-1	22	22
Saccharomyces_cerevisiae_tRNA-Phe-GAA-1-1	23	23
Saccharomyces_cerevisiae_tRNA-Phe-GAA-1-1	24	24
Saccharomyces_cerevisiae_tRNA-Phe-GAA-1-1	25	25
Saccharomyces_cerevisiae_tRNA-Phe-GAA-1-1	26	26
Saccharomyces_cerevisiae_tRNA-Phe-GAA-1-1	27	27
Saccharomyces_cerevisiae_tRNA-Phe-GAA-1-1	28	28
Saccharomyces_cerevisiae_tRNA-Phe-GAA-1-1	29	29
Saccharomyces_cerevisiae_tRNA-Phe-GAA-1-1	30	30
Saccharomyces_cerevisiae_tRNA-Phe-GAA-1-1	31	31
Saccharomyces_cerevisiae_tRNA-Phe-GAA-1-1	32	32
Saccharomyces_cerevisiae_tRNA-Phe-GAA-1-1	33	33
Saccharomyces_cerevisiae_tRNA-Phe-GAA-1-1	34	34
Saccharomyces_cerevisiae_tRNA-Phe-GAA-1-1	35	35
Saccharomyces_cerevisiae_tRNA-Phe-GAA-1-1	36	36
Saccharomyces_cerevisiae_tRNA-Phe-GAA-1-1	37	37
Saccharomyces_cerevisiae_tRNA-Phe-GAA-1-1	38	38
Saccharomyces_cerevisiae_tRNA-Phe-GAA-1-1	39	39
Saccharomyces_cerevisiae_tRNA-Phe-GAA-1-1	40	40
Saccharomyces_cerevisiae_tRNA-Phe-GAA-1-1	41	41
Saccharomyces_cerevisiae_tRNA-Phe-GAA-1-1	42	42
Saccharomyces_cerevisiae_tRNA-Phe-GAA-1-1	43	43
Saccharomyces_cerevisiae_tRNA-Phe-GAA-1-1	44	44
Saccharomyces_cerevisiae_tRNA-Phe-GAA-1-1	45	45
Saccharomyces_cerevisiae_tRNA-Phe-GAA-1-1	46	46
Saccharomyces_cerevisiae_tRNA-Phe-GAA-1-1	47	47
Saccharomyces_cerevisiae_tRNA-Phe-GAA-1-1	48	48
Saccharomyces_cerevisiae_tRNA-Phe-GAA-1-1	49	49
Saccharomyces_cerevisiae_tRNA-Phe-GAA-1-1	50	50
Saccharomyces_cerevisiae_tRNA-Phe-GAA-1-1	51	51
Saccharomyces_cerevisiae_tRNA-Phe-GAA-1-1	52	52
Saccharomyces_cerevisiae_tRNA-Phe-GAA-1-1	53	53
Saccharomyces_cerevisiae_tRNA-Phe-GAA-1-1	54	54
Saccharomyces_cerevisiae_tRNA-Phe-GAA-1-1	55	55
Saccharomyces_cerevisiae_tRNA-Phe-GAA-1-1	56	56
Saccharomyces_cerevisiae_tRNA-Phe-GAA-1-1	57	57
Saccharomyces_cerevisiae_tRNA-Phe-GAA-1-1	58	58
Saccharomyces_cerevisiae_tRNA-Phe-GAA-1-1	59	59
Saccharomyces_cerevisiae_tRNA-Phe-GAA-1-1	60	60
Saccharomyces_cerevisiae_tRNA-Phe-GAA-1-1	61	61
Saccharomyces_cerevisiae_tRNA-Phe-GAA-1-1	62	62
Saccharomyces_cerevisiae_tRNA-Phe-GAA-1-1	63	63
Saccharomyces_cerevisiae_tRNA-Phe-GAA-1-1	64	64
Saccharomyces_cerevisiae_tRNA-Phe-GAA-1-1	65	65
Saccharomyces_cerevisiae_tRNA-Phe-GAA-1-1	66	66
Saccharomyces_cerevisiae_tRNA-Phe-GAA-1-1	67	67
Saccharomyces_cerevisiae_tRNA-Phe-GAA-1-1	68	68
Saccharomyces_cerevisiae_tRNA-Phe-GAA-1-1	69	69
Saccharomyces_cerevisiae_tRNA-Phe-GAA-1-1	70	70
Saccharomyces_cerevisiae_tRNA-Phe-GAA-1-1	71	71
Saccharomyces_cerevisiae_tRNA-Phe-GAA-1-1	72	72
Saccharomyces_cerevisiae_tRNA-Phe-GAA-1-1	73	73
Saccharomyces_cerevisiae_tRNA-Phe-GAA-1-1	74	74
Saccharomyces_cerevisiae_tRNA-Phe-GAA-1-1	75	75
Saccharomyces_cerevisiae_tRNA-Phe-GAA-1-1	76	76
Saccharomyces_cerevisiae_tRNA-Phe-GAA-2-1	1	1
Saccharomyces_cerevisiae_tRNA-Phe-GAA-2-1	2	2
Saccharomyces_cerevisiae_tRNA-Phe-GAA-2-1	3	3
Saccharomyces_cerevisiae_tRNA-Phe-GAA-2-1	4	4
Saccharomyces_cerevisiae_tRNA-Phe-GAA-2-1	5	5
Saccharomyces_cerevisiae_tRNA-Phe-GAA-2-1	6	6
Saccharomyces_cerevisiae_tRNA-Phe-GAA-2-1	7	7
Saccharomyces_cerevisiae_tRNA-Phe-GAA-2-1	8	8
Saccharomyces_cerevisiae_tRNA-Phe-GAA-2-1	9	9
Saccharomyces_cerevisiae_tRNA-Phe-GAA-2-1	10	10
Saccharomyces_cerevisiae_tRNA-Phe-GAA-2-1	11	11
Saccharomyces_cerevisiae_tRNA-Phe-GAA-2-1	12	12
Saccharomyces_cerevisiae_tRNA-Phe-GAA-2-1	13	13
Saccharomyces_cerevisiae_tRNA-Phe-GAA-2-1	14	14
Saccharomyces_cerevisiae_tRNA-Phe-GAA-2-1	15	15
Saccharomyces_cerevisiae_tRNA-Phe-GAA-2-1	16	16
Saccharomyces_cerevisiae_tRNA-Phe-GAA-2-1	17	17
Saccharomyces_cerevisiae_tRNA-Phe-GAA-2-1	18	18
Saccharomyces_cerevisiae_tRNA-Phe-GAA-2-1	19	19
Saccharomyces_cerevisiae_tRNA-Phe-GAA-2-1	20	20
Saccharomyces_cerevisiae_tRNA-Phe-GAA-2-1	21	21
Saccharomyces_cerevisiae_tRNA-Phe-GAA-2-1	22	22
Saccharomyces_cerevisiae_tRNA-Phe-GAA-2-1	23	23
Saccharomyces_cerevisiae_tRNA-Phe-GAA-2-1	24	24
Saccharomyces_cerevisiae_tRNA-Phe-GAA-2-1	25	25
Saccharomyces_cerevisiae_tRNA-Phe-GAA-2-1	26	26
Saccharomyces_cerevisiae_tRNA-Phe-GAA-2-1	27	27
Saccharomyces_cerevisiae_tRNA-Phe-GAA-2-1	28	28
Saccharomyces_cerevisiae_tRNA-Phe-GAA-2-1	29	29
Saccharomyces_cerevisiae_tRNA-Phe-GAA-2-1	30	30
Saccharomyces_cerevisiae_tRNA-Phe-GAA-2-1	31	31
Saccharomyces_cerevisiae_tRNA-Phe-GAA-2-1	32	32
Saccharomyces_cerevisiae_tRNA-Phe-GAA-2-1	33	33
Saccharomyces_cerevisiae_tRNA-Phe-GAA-2-1	34	34
Saccharomyces_cerevisiae_tRNA-Phe-GAA-2-1	35	35
Saccharomyces_cerevisiae_tRNA-Phe-GAA-2-1	36	36
Saccharomyces_cerevisiae_tRNA-Phe-GAA-2-1	37	37
Saccharomyces_cerevisiae_tRNA-Phe-GAA-2-1	38	38
Saccharomyces_cerevisiae_tRNA-Phe-GAA-2-1	39	39
Saccharomyces_cerevisiae_tRNA-Phe-GAA-2-1	40	40
Saccharomyces_cerevisiae_tRNA-Phe-GAA-2-1	41	41
Saccharomyces_cerevisiae_tRNA-Phe-GAA-2-1	42	42
Saccharomyces_cerevisiae_tRNA-Phe-GAA-2-1	43	43
Saccharomyces_cerevisiae_tRNA-Phe-GAA-2-1	44	44
Saccharomyces_cerevisiae_tRNA-Phe-GAA-2-1	45	45
Saccharomyces_cerevisiae_tRNA-Phe-GAA-2-1	46	46
Saccharomyces_cerevisiae_tRNA-Phe-GAA-2-1	47	47
Saccharomyces_cerevisiae_tRNA-Phe-GAA-2-1	48	48
Saccharomyces_cerevisiae_tRNA-Phe-GAA-2-1	49	49
Saccharomyces_cerevisiae_tRNA-Phe-GAA-2-1	50	50
Saccharomyces_cerevisiae_tRNA-Phe-GAA-2-1	51	51
Saccharomyces_cerevisiae_tRNA-Phe-GAA-2-1	52	52
Saccharomyces_cerevisiae_tRNA-Phe-GAA-2-1	53	53
Saccharomyces_cerevisiae_tRNA-Phe-GAA-2-1	54	54
Saccharomyces_cerevisiae_tRNA-Phe-GAA-2-1	55	55
Saccharomyces_cerevisiae_tRNA-Phe-GAA-2-1	56	56
Saccharomyces_cerevisiae_tRNA-Phe-GAA-2-1	57	57
Saccharomyces_cerevisiae_tRNA-Phe-GAA-2-1	58	58
Saccharomyces_cerevisiae_tRNA-Phe-GAA-2-1	59	59
Saccharomyces_cerevisiae_tRNA-Phe-GAA-2-1	60	60
Saccharomyces_cerevisiae_tRNA-Phe-GAA-2-1	61	61
Saccharomyces_cerevisiae_tRNA-Phe-GAA-2-1	62	62
Saccharomyces_cerevisiae_tRNA-Phe-GAA-2-1	63	63
Saccharomyces_cerevisiae_tRNA-Phe-GAA-2-1	64	64
Saccharomyces_cerevisiae_tRNA-Phe-GAA-2-1	65	65
Saccharomyces_cerevisiae_tRNA-Phe-GAA-2-1	66	66
Saccharomyces_cerevisiae_tRNA-Phe-GAA-2-1	67	67
Saccharomyces_cerevisiae_tRNA-Phe-GAA-2-1	68	68
Saccharomyces_cerevisiae_tRNA-Phe-GAA-2-1	69	69
Saccharomyces_cerevisiae_tRNA-Phe-GAA-2-1	70	70
Saccharomyces_cerevisiae_tRNA-Phe-GAA-2-1	71	71
Saccharomyces_cerevisiae_tRNA-Phe-GAA-2-1	72	72
Saccharomyces_cerevisiae_tRNA-Phe-GAA-2-1	73	73
Saccharomyces_cerevisiae_tRNA-Phe-GAA-2-1	74	74
Saccharomyces_cerevisiae_tRNA-Phe-GAA-2-1	75	75
Saccharomyces_cerevisiae_tRNA-Phe-GAA-2-1	76	76
Saccharomyces_cerevisiae_tRNA-Pro-AGG-1-1	1	1
Saccharomyces_cerevisiae_tRNA-Pro-AGG-1-1	2	2
Saccharomyces_cerevisiae_tRNA-Pro-AGG-1-1	3	3
Saccharomyces_cerevisiae_tRNA-Pro-AGG-1-1	4	4
Saccharomyces_cerevisiae_tRNA-Pro-AGG-1-1	5	5
Saccharomyces_cerevisiae_tRNA-Pro-AGG-1-1	6	6
Saccharomyces_cerevisiae_tRNA-Pro-AGG-1-1	7	7
Saccharomyces_cerevisiae_tRNA-Pro-AGG-1-1	8	8
Saccharomyces_cerevisiae_tRNA-Pro-AGG-1-1	9	9
Saccharomyces_cerevisiae_tRNA-Pro-AGG-1-1	10	10
Saccharomyces_cerevisiae_tRNA-Pro-AGG-1-1	11	11
Saccharomyces_cerevisiae_tRNA-Pro-AGG-1-1	12	12
Saccharomyces_cerevisiae_tRNA-Pro-AGG-1-1	13	13
Saccharomyces_cerevisiae_tRNA-Pro-AGG-1-1	14	14
Saccharomyces_cerevisiae_tRNA-Pro-AGG-1-1	15	15
Saccharomyces_cerevisiae_tRNA-Pro-AGG-1-1	16	16
Saccharomyces_cerevisiae_tRNA-Pro-AGG-1-1	17	18
Saccharomyces_cerevisiae_tRNA-Pro-AGG-1-1	18	19
Saccharomyces_cerevisiae_tRNA-Pro-AGG-1-1	19	20
Saccharomyces_cerevisiae_tRNA-Pro-AGG-1-1	20	21
Saccharomyces_cerevisiae_tRNA-Pro-AGG-1-1	21	22
Saccharomyces_cerevisiae_tRNA-Pro-AGG-1-1	22	23
Saccharomyces_cerevisiae_tRNA-Pro-AGG-1-1	23	24
Saccharomyces_cerevisiae_tRNA-Pro-AGG-1-1	24	25
Saccharomyces_cerevisiae_tRNA-Pro-AGG-1-1	25	26
Saccharomyces_cerevisiae_tRNA-Pro-AGG-1-1	26	27
Saccharomyces_cerevisiae_tRNA-Pro-AGG-1-1	27	28
Saccharomyces_cerevisiae_tRNA-Pro-AGG-1-1	28	29
Saccharomyces_cerevisiae_tRNA-Pro-AGG-1-1	29	30
Saccharomyces_cerevisiae_tRNA-Pro-AGG-1-1	30	31
Saccharomyces_cerevisiae_tRNA-Pro-AGG-1-1	31	32
Saccharomyces_cerevisiae_tRNA-Pro-AGG-1-1	32	33
Saccharomyces_cerevisiae_tRNA-Pro-AGG-1-1	33	34
Saccharomyces_cerevisiae_tRNA-Pro-AGG-1-1	34	35
Saccharomyces_cerevisiae_tRNA-Pro-AGG-1-1	35	36
Saccharomyces_cerevisiae_tRNA-Pro-AGG-1-1	36	37
Saccharomyces_cerevisiae_tRNA-Pro-AGG-1-1	37	38
Saccharomyces_cerevisiae_tRNA-Pro-AGG-1-1	38	39
Saccharomyces_cerevisiae_tRNA-Pro-AGG-1-1	39	40
Saccharomyces_cerevisiae_tRNA-Pro-AGG-1-1	40	41
Saccharomyces_cerevisiae_tRNA-Pro-AGG-1-1	41	42
Saccharomyces_cerevisiae_tRNA-Pro-AGG-1-1	42	43
Saccharomyces_cerevisiae_tRNA-Pro-AGG-1-1	43	44
Saccharomyces_cerevisiae_tRNA-Pro-AGG-1-1	44	45
Saccharomyces_cerevisiae_tRNA-Pro-AGG-1-1	45	46
Saccharomyces_cerevisiae_tRNA-Pro-AGG-1-1	46	47
Saccharomyces_cerevisiae_tRNA-Pro-AGG-1-1	47	48
Saccharomyces_cerevisiae_tRNA-Pro-AGG-1-1	48	49
Saccharomyces_cerevisiae_tRNA-Pro-AGG-1-1	49	50
Saccharomyces_cerevisiae_tRNA-Pro-AGG-1-1	50	51
Saccharomyces_cerevisiae_tRNA-Pro-AGG-1-1	51	52
Saccharomyces_cerevisiae_tRNA-Pro-AGG-1-1	52	53
Saccharomyces_cerevisiae_tRNA-Pro-AGG-1-1	53	54
Saccharomyces_cerevisiae_tRNA-Pro-AGG-1-1	54	55
Saccharomyces_cerevisiae_tRNA-Pro-AGG-1-1	55	56
Saccharomyces_cerevisiae_tRNA-Pro-AGG-1-1	56	57
Saccharomyces_cerevisiae_tRNA-Pro-AGG-1-1	57	58
Saccharomyces_cerevisiae_tRNA-Pro-AGG-1-1	58	59
Saccharomyces_cerevisiae_tRNA-Pro-AGG-1-1	59	60
Saccharomyces_cerevisiae_tRNA-Pro-AGG-1-1	60	61
Saccharomyces_cerevisiae_tRNA-Pro-AGG-1-1	61	62
Saccharomyces_cerevisiae_tRNA-Pro-AGG-1-1	62	63
Saccharomyces_cerevisiae_tRNA-Pro-AGG-1-1	63	64
Saccharomyces_cerevisiae_tRNA-Pro-AGG-1-1	64	65
Saccharomyces_cerevisiae_tRNA-Pro-AGG-1-1	65	66
Saccharomyces_cerevisiae_tRNA-Pro-AGG-1-1	66	67
Saccharomyces_cerevisiae_tRNA-Pro-AGG-1-1	67	68
Saccharomyces_cerevisiae_tRNA-Pro-AGG-1-1	68	69
Saccharomyces_cerevisiae_tRNA-Pro-AGG-1-1	69	70
Saccharomyces_cerevisiae_tRNA-Pro-AGG-1-1	70	71
Saccharomyces_cerevisiae_tRNA-Pro-AGG-1-1	71	72
Saccharomyces_cerevisiae_tRNA-Pro-AGG-1-1	72	73
Saccharomyces_cerevisiae_tRNA-Pro-AGG-1-1	73	74
Saccharomyces_cerevisiae_tRNA-Pro-AGG-1-1	74	75
Saccharomyces_cerevisiae_tRNA-Pro-AGG-1-1	75	76
Saccharomyces_cerevisiae_tRNA-Pro-TGG-1-1	1	1
Saccharomyces_cerevisiae_tRNA-Pro-TGG-1-1	2	2
Saccharomyces_cerevisiae_tRNA-Pro-TGG-1-1	3	3
Saccharomyces_cerevisiae_tRNA-Pro-TGG-1-1	4	4
Saccharomyces_cerevisiae_tRNA-Pro-TGG-1-1	5	5
Saccharomyces_cerevisiae_tRNA-Pro-TGG-1-1	6	6
Saccharomyces_cerevisiae_tRNA-Pro-TGG-1-1	7	7
Saccharomyces_cerevisiae_tRNA-Pro-TGG-1-1	8	8
Saccharomyces_cerevisiae_tRNA-Pro-TGG-1-1	9	9
Saccharomyces_cerevisiae_tRNA-Pro-TGG-1-1	10	10
Saccharomyces_cerevisiae_tRNA-Pro-TGG-1-1	11	11
Saccharomyces_cerevisiae_tRNA-Pro-TGG-1-1	12	12
Saccharomyces_cerevisiae_tRNA-Pro-TGG-1-1	13	13
Saccharomyces_cerevisiae_tRNA-Pro-TGG-1-1	14	14
Saccharomyces_cerevisiae_tRNA-Pro-TGG-1-1	15	15
Saccharomyces_cerevisiae_tRNA-Pro-TGG-1-1	16	16
Saccharomyces_cerevisiae_tRNA-Pro-TGG-1-1	17	18
Saccharomyces_cerevisiae_tRNA-Pro-TGG-1-1	18	19
Saccharomyces_cerevisiae_tRNA-Pro-TGG-1-1	19	20
Saccharomyces_cerevisiae_tRNA-Pro-TGG-1-1	20	21
Saccharomyces_cerevisiae_tRNA-Pro-TGG-1-1	21	22
Saccharomyces_cerevisiae_tRNA-Pro-TGG-1-1	22	23
Saccharomyces_cerevisiae_tRNA-Pro-TGG-1-1	23	24
Saccharomyces_cerevisiae_tRNA-Pro-TGG-1-1	24	25
Saccharomyces_cerevisiae_tRNA-Pro-TGG-1-1	25	26
Saccharomyces_cerevisiae_tRNA-Pro-TGG-1-1	26	27
Saccharomyces_cerevisiae_tRNA-Pro-TGG-1-1	27	28
Saccharomyces_cerevisiae_tRNA-Pro-TGG-1-1	28	29
Saccharomyces_cerevisiae_tRNA-Pro-TGG-1-1	29	30
Saccharomyces_cerevisiae_tRNA-Pro-TGG-1-1	30	31
Saccharomyces_cerevisiae_tRNA-Pro-TGG-1-1	31	32
Saccharomyces_cerevisiae_tRNA-Pro-TGG-1-1	32	33
Saccharomyces_cerevisiae_tRNA-Pro-TGG-1-1	33	34
Saccharomyces_cerevisiae_tRNA-Pro-TGG-1-1	34	35
Saccharomyces_cerevisiae_tRNA-Pro-TGG-1-1	35	36
Saccharomyces_cerevisiae_tRNA-Pro-TGG-1-1	36	37
Saccharomyces_cerevisiae_tRNA-Pro-TGG-1-1	37	38
Saccharomyces_cerevisiae_tRNA-Pro-TGG-1-1	38	39
Saccharomyces_cerevisiae_tRNA-Pro-TGG-1-1	39	40
Saccharomyces_cerevisiae_tRNA-Pro-TGG-1-1	40	41
Saccharomyces_cerevisiae_tRNA-Pro-TGG-1-1	41	42
Saccharomyces_cerevisiae_tRNA-Pro-TGG-1-1	42	43
Saccharomyces_cerevisiae_tRNA-Pro-TGG-1-1	43	44
Saccharomyces_cerevisiae_tRNA-Pro-TGG-1-1	44	45
Saccharomyces_cerevisiae_tRNA-Pro-TGG-1-1	45	46
Saccharomyces_cerevisiae_tRNA-Pro-TGG-1-1	46	47
Saccharomyces_cerevisiae_tRNA-Pro-TGG-1-1	47	48
Saccharomyces_cerevisiae_tRNA-Pro-TGG-1-1	48	49
Saccharomyces_cerevisiae_tRNA-Pro-TGG-1-1	49	50
Saccharomyces_cerevisiae_tRNA-Pro-TGG-1-1	50	51
Saccharomyces_cerevisiae_tRNA-Pro-TGG-1-1	51	52
Saccharomyces_cerevisiae_tRNA-Pro-TGG-1-1	52	53
Saccharomyces_cerevisiae_tRNA-Pro-TGG-1-1	53	54
Saccharomyces_cerevisiae_tRNA-Pro-TGG-1-1	54	55
Saccharomyces_cerevisiae_tRNA-Pro-TGG-1-1	55	56
Saccharomyces_cerevisiae_tRNA-Pro-TGG-1-1	56	57
Saccharomyces_cerevisiae_tRNA-Pro-TGG-1-1	57	58
Saccharomyces_cerevisiae_tRNA-Pro-TGG-1-1	58	59
Saccharomyces_cerevisiae_tRNA-Pro-TGG-1-1	59	60
Saccharomyces_cerevisiae_tRNA-Pro-TGG-1-1	60	61
Saccharomyces_cerevisiae_tRNA-Pro-TGG-1-1	61	62
Saccharomyces_cerevisiae_tRNA-Pro-TGG-1-1	62	63
Saccharomyces_cerevisiae_tRNA-Pro-TGG-1-1	63	64
Saccharomyces_cerevisiae_tRNA-Pro-TGG-1-1	64	65
Saccharomyces_cerevisiae_tRNA-Pro-TGG-1-1	65	66
Saccharomyces_cerevisiae_tRNA-Pro-TGG-1-1	66	67
Saccharomyces_cerevisiae_tRNA-Pro-TGG-1-1	67	68
Saccharomyces_cerevisiae_tRNA-Pro-TGG-1-1	68	69
Saccharomyces_cerevisiae_tRNA-Pro-TGG-1-1	69	70
Saccharomyces_cerevisiae_tRNA-Pro-TGG-1-1	70	71
Saccharomyces_cerevisiae_tRNA-Pro-TGG-1-1	71	72
Saccharomyces_cerevisiae_tRNA-Pro-TGG-1-1	72	73
Saccharomyces_cerevisiae_tRNA-Pro-TGG-1-1	73	74
Saccharomyces_cerevisiae_tRNA-Pro-TGG-1-1	74	75
Saccharomyces_cerevisiae_tRNA-Pro-TGG-1-1	75	76
Saccharomyces_cerevisiae_tRNA-Pro-TGG-2-1	1	1
Saccharomyces_cerevisiae_tRNA-Pro-TGG-2-1	2	2
Saccharomyces_cerevisiae_tRNA-Pro-TGG-2-1	3	3
Saccharomyces_cerevisiae_tRNA-Pro-TGG-2-1	4	4
Saccharomyces_cerevisiae_tRNA-Pro-TGG-2-1	5	5
Saccharomyces_cerevisiae_tRNA-Pro-TGG-2-1	6	6
Saccharomyces_cerevisiae_tRNA-Pro-TGG-2-1	7	7
Saccharomyces_cerevisiae_tRNA-Pro-TGG-2-1	8	8
Saccharomyces_cerevisiae_tRNA-Pro-TGG-2-1	9	9
Saccharomyces_cerevisiae_tRNA-Pro-TGG-2-1	10	10
Saccharomyces_cerevisiae_tRNA-Pro-TGG-2-1	11	11
Saccharomyces_cerevisiae_tRNA-Pro-TGG-2-1	12	12
Saccharomyces_cerevisiae_tRNA-Pro-TGG-2-1	13	13
Saccharomyces_cerevisiae_tRNA-Pro-TGG-2-1	14	14
Saccharomyces_cerevisiae_tRNA-Pro-TGG-2-1	15	15
Saccharomyces_cerevisiae_tRNA-Pro-TGG-2-1	16	16
Saccharomyces_cerevisiae_tRNA-Pro-TGG-2-1	17	18
Saccharomyces_cerevisiae_tRNA-Pro-TGG-2-1	18	19
Saccharomyces_cerevisiae_tRNA-Pro-TGG-2-1	19	20
Saccharomyces_cerevisiae_tRNA-Pro-TGG-2-1	20	21
Saccharomyces_cerevisiae_tRNA-Pro-TGG-2-1	21	22
Saccharomyces_cerevisiae_tRNA-Pro-TGG-2-1	22	23
Saccharomyces_cerevisiae_tRNA-Pro-TGG-2-1	23	24
Saccharomyces_cerevisiae_tRNA-Pro-TGG-2-1	24	25
Saccharomyces_cerevisiae_tRNA-Pro-TGG-2-1	25	26
Saccharomyces_cerevisiae_tRNA-Pro-TGG-2-1	26	27
Saccharomyces_cerevisiae_tRNA-Pro-TGG-2-1	27	28
Saccharomyces_cerevisiae_tRNA-Pro-TGG-2-1	28	29
Saccharomyces_cerevisiae_tRNA-Pro-TGG-2-1	29	30
Saccharomyces_cerevisiae_tRNA-Pro-TGG-2-1	30	31
Saccharomyces_cerevisiae_tRNA-Pro-TGG-2-1	31	32
Saccharomyces_cerevisiae_tRNA-Pro-TGG-2-1	32	33
Saccharomyces_cerevisiae_tRNA-Pro-TGG-2-1	33	34
Saccharomyces_cerevisiae_tRNA-Pro-TGG-2-1	34	35
Saccharomyces_cerevisiae_tRNA-Pro-TGG-2-1	35	36
Saccharomyces_cerevisiae_tRNA-Pro-TGG-2-1	36	37
Saccharomyces_cerevisiae_tRNA-Pro-TGG-2-1	37	38
Saccharomyces_cerevisiae_tRNA-Pro-TGG-2-1	38	39
Saccharomyces_cerevisiae_tRNA-Pro-TGG-2-1	39	40
Saccharomyces_cerevisiae_tRNA-Pro-TGG-2-1	40	41
Saccharomyces_cerevisiae_tRNA-Pro-TGG-2-1	41	42
Saccharomyces_cerevisiae_tRNA-Pro-TGG-2-1	42	43
Saccharomyces_cerevisiae_tRNA-Pro-TGG-2-1	43	44
Saccharomyces_cerevisiae_tRNA-Pro-TGG-2-1	44	45
Saccharomyces_cerevisiae_tRNA-Pro-TGG-2-1	45	46
Saccharomyces_cerevisiae_tRNA-Pro-TGG-2-1	46	47
Saccharomyces_cerevisiae_tRNA-Pro-TGG-2-1	47	48
Saccharomyces_cerevisiae_tRNA-Pro-TGG-2-1	48	49
Saccharomyces_cerevisiae_tRNA-Pro-TGG-2-1	49	50
Saccharomyces_cerevisiae_tRNA-Pro-TGG-2-1	50	51
Saccharomyces_cerevisiae_tRNA-Pro-TGG-2-1	51	52
Saccharomyces_cerevisiae_tRNA-Pro-TGG-2-1	52	53
Saccharomyces_cerevisiae_tRNA-Pro-TGG-2-1	53	54
Saccharomyces_cerevisiae_tRNA-Pro-TGG-2-1	54	55
Saccharomyces_cerevisiae_tRNA-Pro-TGG-2-1	55	56
Saccharomyces_cerevisiae_tRNA-Pro-TGG-2-1	56	57
Saccharomyces_cerevisiae_tRNA-Pro-TGG-2-1	57	58
Saccharomyces_cerevisiae_tRNA-Pro-TGG-2-1	58	59
Saccharomyces_cerevisiae_tRNA-Pro-TGG-2-1	59	60
Saccharomyces_cerevisiae_tRNA-Pro-TGG-2-1	60	61
Saccharomyces_cerevisiae_tRNA-Pro-TGG-2-1	61	62
Saccharomyces_cerevisiae_tRNA-Pro-TGG-2-1	62	63
Saccharomyces_cerevisiae_tRNA-Pro-TGG-2-1	63	64
Saccharomyces_cerevisiae_tRNA-Pro-TGG-2-1	64	65
Saccharomyces_cerevisiae_tRNA-Pro-TGG-2-1	65	66
Saccharomyces_cerevisiae_tRNA-Pro-TGG-2-1	66	67
Saccharomyces_cerevisiae_tRNA-Pro-TGG-2-1	67	68
Saccharomyces_cerevisiae_tRNA-Pro-TGG-2-1	68	69
Saccharomyces_cerevisiae_tRNA-Pro-TGG-2-1	69	70
Saccharomyces_cerevisiae_tRNA-Pro-TGG-2-1	70	71
Saccharomyces_cerevisiae_tRNA-Pro-TGG-2-1	71	72
Saccharomyces_cerevisiae_tRNA-Pro-TGG-2-1	72	73
Saccharomyces_cerevisiae_tRNA-Pro-TGG-2-1	73	74
Saccharomyces_cerevisiae_tRNA-Pro-TGG-2-1	74	75
Saccharomyces_cerevisiae_tRNA-Pro-TGG-2-1	75	76
Saccharomyces_cerevisiae_tRNA-Ser-AGA-1-1	1	1
Saccharomyces_cerevisiae_tRNA-Ser-AGA-1-1	2	2
Saccharomyces_cerevisiae_tRNA-Ser-AGA-1-1	3	3
Saccharomyces_cerevisiae_tRNA-Ser-AGA-1-1	4	4
Saccharomyces_cerevisiae_tRNA-Ser-AGA-1-1	5	5
Saccharomyces_cerevisiae_tRNA-Ser-AGA-1-1	6	6
Saccharomyces_cerevisiae_tRNA-Ser-AGA-1-1	7	7
Saccharomyces_cerevisiae_tRNA-Ser-AGA-1-1	8	8
Saccharomyces_cerevisiae_tRNA-Ser-AGA-1-1	9	9
Saccharomyces_cerevisiae_tRNA-Ser-AGA-1-1	10	10
Saccharomyces_cerevisiae_tRNA-Ser-AGA-1-1	11	11
Saccharomyces_cerevisiae_tRNA-Ser-AGA-1-1	12	12
Saccharomyces_cerevisiae_tRNA-Ser-AGA-1-1	13	13
Saccharomyces_cerevisiae_tRNA-Ser-AGA-1-1	14	14
Saccharomyces_cerevisiae_tRNA-Ser-AGA-1-1	15	15
Saccharomyces_cerevisiae_tRNA-Ser-AGA-1-1	16	16
Saccharomyces_cerevisiae_tRNA-Ser-AGA-1-1	17	18
Saccharomyces_cerevisiae_tRNA-Ser-AGA-1-1	18	19
Saccharomyces_cerevisiae_tRNA-Ser-AGA-1-1	19	20
Saccharomyces_cerevisiae_tRNA-Ser-AGA-1-1	20	20a
Saccharomyces_cerevisiae_tRNA-Ser-AGA-1-1	21	21
Saccharomyces_cerevisiae_tRNA-Ser-AGA-1-1	22	22
Saccharomyces_cerevisiae_tRNA-Ser-AGA-1-1	23	23
Saccharomyces_cerevisiae_tRNA-Ser-AGA-1-1	24	24
Saccharomyces_cerevisiae_tRNA-Ser-AGA-1-1	25	25
Saccharomyces_cerevisiae_tRNA-Ser-AGA-1-1	26	26
Saccharomyces_cerevisiae_tRNA-Ser-AGA-1-1	27	27
Saccharomyces_cerevisiae_tRNA-Ser-AGA-1-1	28	28
Saccharomyces_cerevisiae_tRNA-Ser-AGA-1-1	29	29
Saccharomyces_cerevisiae_tRNA-Ser-AGA-1-1	30	30
Saccharomyces_cerevisiae_tRNA-Ser-AGA-1-1	31	31
Saccharomyces_cerevisiae_tRNA-Ser-AGA-1-1	32	32
Saccharomyces_cerevisiae_tRNA-Ser-AGA-1-1	33	33
Saccharomyces_cerevisiae_tRNA-Ser-AGA-1-1	34	34
Saccharomyces_cerevisiae_tRNA-Ser-AGA-1-1	35	35
Saccharomyces_cerevisiae_tRNA-Ser-AGA-1-1	36	36
Saccharomyces_cerevisiae_tRNA-Ser-AGA-1-1	37	37
Saccharomyces_cerevisiae_tRNA-Ser-AGA-1-1	38	38
Saccharomyces_cerevisiae_tRNA-Ser-AGA-1-1	39	39
Saccharomyces_cerevisiae_tRNA-Ser-AGA-1-1	40	40
Saccharomyces_cerevisiae_tRNA-Ser-AGA-1-1	41	41
Saccharomyces_cerevisiae_tRNA-Ser-AGA-1-1	42	42
Saccharomyces_cerevisiae_tRNA-Ser-AGA-1-1	43	43
Saccharomyces_cerevisiae_tRNA-Ser-AGA-1-1	44	44
Saccharomyces_cerevisiae_tRNA-Ser-AGA-1-1	45	V11
Saccharomyces_cerevisiae_tRNA-Ser-AGA-1-1	46	V12
Saccharomyces_cerevisiae_tRNA-Ser-AGA-1-1	47	V13
Saccharomyces_cerevisiae_tRNA-Ser-AGA-1-1	48	V14
Saccharomyces_cerevisiae_tRNA-Ser-AGA-1-1	49	V1
Saccharomyces_cerevisiae_tRNA-Ser-AGA-1-1	50	V2
Saccharomyces_cerevisiae_tRNA-Ser-AGA-1-1	51	V3
Saccharomyces_cerevisiae_tRNA-Ser-AGA-1-1	52	V24
Saccharomyces_cerevisiae_tRNA-Ser-AGA-1-1	53	V23
Saccharomyces_cerevisiae_tRNA-Ser-AGA-1-1	54	V22
Saccharomyces_cerevisiae_tRNA-Ser-AGA-1-1	55	V21
Saccharomyces_cerevisiae_tRNA-Ser-AGA-1-1	56	46
Saccharomyces_cerevisiae_tRNA-Ser-AGA-1-1	57	48
Saccharomyces_cerevisiae_tRNA-Ser-AGA-1-1	58	49
Saccharomyces_cerevisiae_tRNA-Ser-AGA-1-1	59	50
Saccharomyces_cerevisiae_tRNA-Ser-AGA-1-1	60	51
Saccharomyces_cerevisiae_tRNA-Ser-AGA-1-1	61	52
Saccharomyces_cerevisiae_tRNA-Ser-AGA-1-1	62	53
Saccharomyces_cerevisiae_tRNA-Ser-AGA-1-1	63	54
Saccharomyces_cerevisiae_tRNA-Ser-AGA-1-1	64	55
Saccharomyces_cerevisiae_tRNA-Ser-AGA-1-1	65	56
Saccharomyces_cerevisiae_tRNA-Ser-AGA-1-1	66	57
Saccharomyces_cerevisiae_tRNA-Ser-AGA-1-1	67	58
Saccharomyces_cerevisiae_tRNA-Ser-AGA-1-1	68	59
Saccharomyces_cerevisiae_tRNA-Ser-AGA-1-1	69	60
Saccharomyces_cerevisiae_tRNA-Ser-AGA-1-1	70	61
Saccharomyces_cerevisiae_tRNA-Ser-AGA-1-1	71	62
Saccharomyces_cerevisiae_tRNA-Ser-AGA-1-1	72	63
Saccharomyces_cerevisiae_tRNA-Ser-AGA-1-1	73	64
Saccharomyces_cerevisiae_tRNA-Ser-AGA-1-1	74	65
Saccharomyces_cerevisiae_tRNA-Ser-AGA-1-1	75	66
Saccharomyces_cerevisiae_tRNA-Ser-AGA-1-1	76	67
Saccharomyces_cerevisiae_tRNA-Ser-AGA-1-1	77	68
Saccharomyces_cerevisiae_tRNA-Ser-AGA-1-1	78	69
Saccharomyces_cerevisiae_tRNA-Ser-AGA-1-1	79	70
Saccharomyces_cerevisiae_tRNA-Ser-AGA-1-1	80	71
Saccharomyces_cerevisiae_tRNA-Ser-AGA-1-1	81	72
Saccharomyces_cerevisiae_tRNA-Ser-AGA-1-1	82	73
Saccharomyces_cerevisiae_tRNA-Ser-AGA-1-1	83	74
Saccharomyces_cerevisiae_tRNA-Ser-AGA-1-1	84	75
Saccharomyces_cerevisiae_tRNA-Ser-AGA-1-1	85	76
Saccharomyces_cerevisiae_tRNA-Ser-AGA-2-1	1	1
Saccharomyces_cerevisiae_tRNA-Ser-AGA-2-1	2	2
Saccharomyces_cerevisiae_tRNA-Ser-AGA-2-1	3	3
Saccharomyces_cerevisiae_tRNA-Ser-AGA-2-1	4	4
Saccharomyces_cerevisiae_tRNA-Ser-AGA-2-1	5	5
Saccharomyces_cerevisiae_tRNA-Ser-AGA-2-1	6	6
Saccharomyces_cerevisiae_tRNA-Ser-AGA-2-1	7	7
Saccharomyces_cerevisiae_tRNA-Ser-AGA-2-1	8	8
Saccharomyces_cerevisiae_tRNA-Ser-AGA-2-1	9	9
Saccharomyces_cerevisiae_tRNA-Ser-AGA-2-1	10	10
Saccharomyces_cerevisiae_tRNA-Ser-AGA-2-1	11	11
Saccharomyces_cerevisiae_tRNA-Ser-AGA-2-1	12	12
Saccharomyces_cerevisiae_tRNA-Ser-AGA-2-1	13	13
Saccharomyces_cerevisiae_tRNA-Ser-AGA-2-1	14	14
Saccharomyces_cerevisiae_tRNA-Ser-AGA-2-1	15	15
Saccharomyces_cerevisiae_tRNA-Ser-AGA-2-1	16	16
Saccharomyces_cerevisiae_tRNA-Ser-AGA-2-1	17	18
Saccharomyces_cerevisiae_tRNA-Ser-AGA-2-1	18	19
Saccharomyces_cerevisiae_tRNA-Ser-AGA-2-1	19	20
Saccharomyces_cerevisiae_tRNA-Ser-AGA-2-1	20	20a
Saccharomyces_cerevisiae_tRNA-Ser-AGA-2-1	21	21
Saccharomyces_cerevisiae_tRNA-Ser-AGA-2-1	22	22
Saccharomyces_cerevisiae_tRNA-Ser-AGA-2-1	23	23
Saccharomyces_cerevisiae_tRNA-Ser-AGA-2-1	24	24
Saccharomyces_cerevisiae_tRNA-Ser-AGA-2-1	25	25
Saccharomyces_cerevisiae_tRNA-Ser-AGA-2-1	26	26
Saccharomyces_cerevisiae_tRNA-Ser-AGA-2-1	27	27
Saccharomyces_cerevisiae_tRNA-Ser-AGA-2-1	28	28
Saccharomyces_cerevisiae_tRNA-Ser-AGA-2-1	29	29
Saccharomyces_cerevisiae_tRNA-Ser-AGA-2-1	30	30
Saccharomyces_cerevisiae_tRNA-Ser-AGA-2-1	31	31
Saccharomyces_cerevisiae_tRNA-Ser-AGA-2-1	32	32
Saccharomyces_cerevisiae_tRNA-Ser-AGA-2-1	33	33
Saccharomyces_cerevisiae_tRNA-Ser-AGA-2-1	34	34
Saccharomyces_cerevisiae_tRNA-Ser-AGA-2-1	35	35
Saccharomyces_cerevisiae_tRNA-Ser-AGA-2-1	36	36
Saccharomyces_cerevisiae_tRNA-Ser-AGA-2-1	37	37
Saccharomyces_cerevisiae_tRNA-Ser-AGA-2-1	38	38
Saccharomyces_cerevisiae_tRNA-Ser-AGA-2-1	39	39
Saccharomyces_cerevisiae_tRNA-Ser-AGA-2-1	40	40
Saccharomyces_cerevisiae_tRNA-Ser-AGA-2-1	41	41
Saccharomyces_cerevisiae_tRNA-Ser-AGA-2-1	42	42
Saccharomyces_cerevisiae_tRNA-Ser-AGA-2-1	43	43
Saccharomyces_cerevisiae_tRNA-Ser-AGA-2-1	44	44
Saccharomyces_cerevisiae_tRNA-Ser-AGA-2-1	45	V11
Saccharomyces_cerevisiae_tRNA-Ser-AGA-2-1	46	V12
Saccharomyces_cerevisiae_tRNA-Ser-AGA-2-1	47	V13
Saccharomyces_cerevisiae_tRNA-Ser-AGA-2-1	48	V14
Saccharomyces_cerevisiae_tRNA-Ser-AGA-2-1	49	V1
Saccharomyces_cerevisiae_tRNA-Ser-AGA-2-1	50	V2
Saccharomyces_cerevisiae_tRNA-Ser-AGA-2-1	51	V3
Saccharomyces_cerevisiae_tRNA-Ser-AGA-2-1	52	V4
Saccharomyces_cerevisiae_tRNA-Ser-AGA-2-1	53	V24
Saccharomyces_cerevisiae_tRNA-Ser-AGA-2-1	54	V23
Saccharomyces_cerevisiae_tRNA-Ser-AGA-2-1	55	V22
Saccharomyces_cerevisiae_tRNA-Ser-AGA-2-1	56	V21
Saccharomyces_cerevisiae_tRNA-Ser-AGA-2-1	57	46
Saccharomyces_cerevisiae_tRNA-Ser-AGA-2-1	58	48
Saccharomyces_cerevisiae_tRNA-Ser-AGA-2-1	59	49
Saccharomyces_cerevisiae_tRNA-Ser-AGA-2-1	60	50
Saccharomyces_cerevisiae_tRNA-Ser-AGA-2-1	61	51
Saccharomyces_cerevisiae_tRNA-Ser-AGA-2-1	62	52
Saccharomyces_cerevisiae_tRNA-Ser-AGA-2-1	63	53
Saccharomyces_cerevisiae_tRNA-Ser-AGA-2-1	64	54
Saccharomyces_cerevisiae_tRNA-Ser-AGA-2-1	65	55
Saccharomyces_cerevisiae_tRNA-Ser-AGA-2-1	66	56
Saccharomyces_cerevisiae_tRNA-Ser-AGA-2-1	67	57
Saccharomyces_cerevisiae_tRNA-Ser-AGA-2-1	68	58
Saccharomyces_cerevisiae_tRNA-Ser-AGA-2-1	69	59
Saccharomyces_cerevisiae_tRNA-Ser-AGA-2-1	70	60
Saccharomyces_cerevisiae_tRNA-Ser-AGA-2-1	71	61
Saccharomyces_cerevisiae_tRNA-Ser-AGA-2-1	72	62
Saccharomyces_cerevisiae_tRNA-Ser-AGA-2-1	73	63
Saccharomyces_cerevisiae_tRNA-Ser-AGA-2-1	74	64
Saccharomyces_cerevisiae_tRNA-Ser-AGA-2-1	75	65
Saccharomyces_cerevisiae_tRNA-Ser-AGA-2-1	76	66
Saccharomyces_cerevisiae_tRNA-Ser-AGA-2-1	77	67
Saccharomyces_cerevisiae_tRNA-Ser-AGA-2-1	78	68
Saccharomyces_cerevisiae_tRNA-Ser-AGA-2-1	79	69
Saccharomyces_cerevisiae_tRNA-Ser-AGA-2-1	80	70
Saccharomyces_cerevisiae_tRNA-Ser-AGA-2-1	81	71
Saccharomyces_cerevisiae_tRNA-Ser-AGA-2-1	82	72
Saccharomyces_cerevisiae_tRNA-Ser-AGA-2-1	83	73
Saccharomyces_cerevisiae_tRNA-Ser-AGA-2-1	84	74
Saccharomyces_cerevisiae_tRNA-Ser-AGA-2-1	85	75
Saccharomyces_cerevisiae_tRNA-Ser-AGA-2-1	86	76
Saccharomyces_cerevisiae_tRNA-Ser-CGA-1-1	1	1
Saccharomyces_cerevisiae_tRNA-Ser-CGA-1-1	2	2
Saccharomyces_cerevisiae_tRNA-Ser-CGA-1-1	3	3
Saccharomyces_cerevisiae_tRNA-Ser-CGA-1-1	4	4
Saccharomyces_cerevisiae_tRNA-Ser-CGA-1-1	5	5
Saccharomyces_cerevisiae_tRNA-Ser-CGA-1-1	6	6
Saccharomyces_cerevisiae_tRNA-Ser-CGA-1-1	7	7
Saccharomyces_cerevisiae_tRNA-Ser-CGA-1-1	8	8
Saccharomyces_cerevisiae_tRNA-Ser-CGA-1-1	9	9
Saccharomyces_cerevisiae_tRNA-Ser-CGA-1-1	10	10
Saccharomyces_cerevisiae_tRNA-Ser-CGA-1-1	11	11
Saccharomyces_cerevisiae_tRNA-Ser-CGA-1-1	12	12
Saccharomyces_cerevisiae_tRNA-Ser-CGA-1-1	13	13
Saccharomyces_cerevisiae_tRNA-Ser-CGA-1-1	14	14
Saccharomyces_cerevisiae_tRNA-Ser-CGA-1-1	15	15
Saccharomyces_cerevisiae_tRNA-Ser-CGA-1-1	16	16
Saccharomyces_cerevisiae_tRNA-Ser-CGA-1-1	17	18
Saccharomyces_cerevisiae_tRNA-Ser-CGA-1-1	18	19
Saccharomyces_cerevisiae_tRNA-Ser-CGA-1-1	19	20
Saccharomyces_cerevisiae_tRNA-Ser-CGA-1-1	20	20a
Saccharomyces_cerevisiae_tRNA-Ser-CGA-1-1	21	21
Saccharomyces_cerevisiae_tRNA-Ser-CGA-1-1	22	22
Saccharomyces_cerevisiae_tRNA-Ser-CGA-1-1	23	23
Saccharomyces_cerevisiae_tRNA-Ser-CGA-1-1	24	24
Saccharomyces_cerevisiae_tRNA-Ser-CGA-1-1	25	25
Saccharomyces_cerevisiae_tRNA-Ser-CGA-1-1	26	26
Saccharomyces_cerevisiae_tRNA-Ser-CGA-1-1	27	27
Saccharomyces_cerevisiae_tRNA-Ser-CGA-1-1	28	28
Saccharomyces_cerevisiae_tRNA-Ser-CGA-1-1	29	29
Saccharomyces_cerevisiae_tRNA-Ser-CGA-1-1	30	30
Saccharomyces_cerevisiae_tRNA-Ser-CGA-1-1	31	31
Saccharomyces_cerevisiae_tRNA-Ser-CGA-1-1	32	32
Saccharomyces_cerevisiae_tRNA-Ser-CGA-1-1	33	33
Saccharomyces_cerevisiae_tRNA-Ser-CGA-1-1	34	34
Saccharomyces_cerevisiae_tRNA-Ser-CGA-1-1	35	35
Saccharomyces_cerevisiae_tRNA-Ser-CGA-1-1	36	36
Saccharomyces_cerevisiae_tRNA-Ser-CGA-1-1	37	37
Saccharomyces_cerevisiae_tRNA-Ser-CGA-1-1	38	38
Saccharomyces_cerevisiae_tRNA-Ser-CGA-1-1	39	39
Saccharomyces_cerevisiae_tRNA-Ser-CGA-1-1	40	40
Saccharomyces_cerevisiae_tRNA-Ser-CGA-1-1	41	41
Saccharomyces_cerevisiae_tRNA-Ser-CGA-1-1	42	42
Saccharomyces_cerevisiae_tRNA-Ser-CGA-1-1	43	43
Saccharomyces_cerevisiae_tRNA-Ser-CGA-1-1	44	44
Saccharomyces_cerevisiae_tRNA-Ser-CGA-1-1	45	V11
Saccharomyces_cerevisiae_tRNA-Ser-CGA-1-1	46	V12
Saccharomyces_cerevisiae_tRNA-Ser-CGA-1-1	47	V13
Saccharomyces_cerevisiae_tRNA-Ser-CGA-1-1	48	V14
Saccharomyces_cerevisiae_tRNA-Ser-CGA-1-1	49	V1
Saccharomyces_cerevisiae_tRNA-Ser-CGA-1-1	50	V2
Saccharomyces_cerevisiae_tRNA-Ser-CGA-1-1	51	V3
Saccharomyces_cerevisiae_tRNA-Ser-CGA-1-1	52	V24
Saccharomyces_cerevisiae_tRNA-Ser-CGA-1-1	53	V23
Saccharomyces_cerevisiae_tRNA-Ser-CGA-1-1	54	V22
Saccharomyces_cerevisiae_tRNA-Ser-CGA-1-1	55	V21
Saccharomyces_cerevisiae_tRNA-Ser-CGA-1-1	56	46
Saccharomyces_cerevisiae_tRNA-Ser-CGA-1-1	57	48
Saccharomyces_cerevisiae_tRNA-Ser-CGA-1-1	58	49
Saccharomyces_cerevisiae_tRNA-Ser-CGA-1-1	59	50
Saccharomyces_cerevisiae_tRNA-Ser-CGA-1-1	60	51
Saccharomyces_cerevisiae_tRNA-Ser-CGA-1-1	61	52
Saccharomyces_cerevisiae_tRNA-Ser-CGA-1-1	62	53
Saccharomyces_cerevisiae_tRNA-Ser-CGA-1-1	63	54
Saccharomyces_cerevisiae_tRNA-Ser-CGA-1-1	64	55
Saccharomyces_cerevisiae_tRNA-Ser-CGA-1-1	65	56
Saccharomyces_cerevisiae_tRNA-Ser-CGA-1-1	66	57
Saccharomyces_cerevisiae_tRNA-Ser-CGA-1-1	67	58
Saccharomyces_cerevisiae_tRNA-Ser-CGA-1-1	68	59
Saccharomyces_cerevisiae_tRNA-Ser-CGA-1-1	69	60
Saccharomyces_cerevisiae_tRNA-Ser-CGA-1-1	70	61
Saccharomyces_cerevisiae_tRNA-Ser-CGA-1-1	71	62
Saccharomyces_cerevisiae_tRNA-Ser-CGA-1-1	72	63
Saccharomyces_cerevisiae_tRNA-Ser-CGA-1-1	73	64
Saccharomyces_cerevisiae_tRNA-Ser-CGA-1-1	74	65
Saccharomyces_cerevisiae_tRNA-Ser-CGA-1-1	75	66
Saccharomyces_cerevisiae_tRNA-Ser-CGA-1-1	76	67
Saccharomyces_cerevisiae_tRNA-Ser-CGA-1-1	77	68
Saccharomyces_cerevisiae_tRNA-Ser-CGA-1-1	78	69
Saccharomyces_cerevisiae_tRNA-Ser-CGA-1-1	79	70
Saccharomyces_cerevisiae_tRNA-Ser-CGA-1-1	80	71
Saccharomyces_cerevisiae_tRNA-Ser-CGA-1-1	81	72
Saccharomyces_cerevisiae_tRNA-Ser-CGA-1-1	82	73
Saccharomyces_cerevisiae_tRNA-Ser-CGA-1-1	83	74
Saccharomyces_cerevisiae_tRNA-Ser-CGA-1-1	84	75
Saccharomyces_cerevisiae_tRNA-Ser-CGA-1-1	85	76
Saccharomyces_cerevisiae_tRNA-Ser-GCT-1-1	1	1
Saccharomyces_cerevisiae_tRNA-Ser-GCT-1-1	2	2
Saccharomyces_cerevisiae_tRNA-Ser-GCT-1-1	3	3
Saccharomyces_cerevisiae_tRNA-Ser-GCT-1-1	4	4
Saccharomyces_cerevisiae_tRNA-Ser-GCT-1-1	5	5
Saccharomyces_cerevisiae_tRNA-Ser-GCT-1-1	6	6
Saccharomyces_cerevisiae_tRNA-Ser-GCT-1-1	7	7
Saccharomyces_cerevisiae_tRNA-Ser-GCT-1-1	8	8
Saccharomyces_cerevisiae_tRNA-Ser-GCT-1-1	9	9
Saccharomyces_cerevisiae_tRNA-Ser-GCT-1-1	10	10
Saccharomyces_cerevisiae_tRNA-Ser-GCT-1-1	11	11
Saccharomyces_cerevisiae_tRNA-Ser-GCT-1-1	12	12
Saccharomyces_cerevisiae_tRNA-Ser-GCT-1-1	13	13
Saccharomyces_cerevisiae_tRNA-Ser-GCT-1-1	14	14
Saccharomyces_cerevisiae_tRNA-Ser-GCT-1-1	15	15
Saccharomyces_cerevisiae_tRNA-Ser-GCT-1-1	16	16
Saccharomyces_cerevisiae_tRNA-Ser-GCT-1-1	17	18
Saccharomyces_cerevisiae_tRNA-Ser-GCT-1-1	18	19
Saccharomyces_cerevisiae_tRNA-Ser-GCT-1-1	19	20
Saccharomyces_cerevisiae_tRNA-Ser-GCT-1-1	20	20a
Saccharomyces_cerevisiae_tRNA-Ser-GCT-1-1	21	21
Saccharomyces_cerevisiae_tRNA-Ser-GCT-1-1	22	22
Saccharomyces_cerevisiae_tRNA-Ser-GCT-1-1	23	23
Saccharomyces_cerevisiae_tRNA-Ser-GCT-1-1	24	24
Saccharomyces_cerevisiae_tRNA-Ser-GCT-1-1	25	25
Saccharomyces_cerevisiae_tRNA-Ser-GCT-1-1	26	26
Saccharomyces_cerevisiae_tRNA-Ser-GCT-1-1	27	27
Saccharomyces_cerevisiae_tRNA-Ser-GCT-1-1	28	28
Saccharomyces_cerevisiae_tRNA-Ser-GCT-1-1	29	29
Saccharomyces_cerevisiae_tRNA-Ser-GCT-1-1	30	30
Saccharomyces_cerevisiae_tRNA-Ser-GCT-1-1	31	31
Saccharomyces_cerevisiae_tRNA-Ser-GCT-1-1	32	32
Saccharomyces_cerevisiae_tRNA-Ser-GCT-1-1	33	33
Saccharomyces_cerevisiae_tRNA-Ser-GCT-1-1	34	34
Saccharomyces_cerevisiae_tRNA-Ser-GCT-1-1	35	35
Saccharomyces_cerevisiae_tRNA-Ser-GCT-1-1	36	36
Saccharomyces_cerevisiae_tRNA-Ser-GCT-1-1	37	37
Saccharomyces_cerevisiae_tRNA-Ser-GCT-1-1	38	38
Saccharomyces_cerevisiae_tRNA-Ser-GCT-1-1	39	39
Saccharomyces_cerevisiae_tRNA-Ser-GCT-1-1	40	40
Saccharomyces_cerevisiae_tRNA-Ser-GCT-1-1	41	41
Saccharomyces_cerevisiae_tRNA-Ser-GCT-1-1	42	42
Saccharomyces_cerevisiae_tRNA-Ser-GCT-1-1	43	43
Saccharomyces_cerevisiae_tRNA-Ser-GCT-1-1	44	44
Saccharomyces_cerevisiae_tRNA-Ser-GCT-1-1	45	45
Saccharomyces_cerevisiae_tRNA-Ser-GCT-1-1	46	V11
Saccharomyces_cerevisiae_tRNA-Ser-GCT-1-1	47	V12
Saccharomyces_cerevisiae_tRNA-Ser-GCT-1-1	48	V13
Saccharomyces_cerevisiae_tRNA-Ser-GCT-1-1	49	V1
Saccharomyces_cerevisiae_tRNA-Ser-GCT-1-1	50	V2
Saccharomyces_cerevisiae_tRNA-Ser-GCT-1-1	51	V3
Saccharomyces_cerevisiae_tRNA-Ser-GCT-1-1	52	V4
Saccharomyces_cerevisiae_tRNA-Ser-GCT-1-1	53	V23
Saccharomyces_cerevisiae_tRNA-Ser-GCT-1-1	54	V22
Saccharomyces_cerevisiae_tRNA-Ser-GCT-1-1	55	V21
Saccharomyces_cerevisiae_tRNA-Ser-GCT-1-1	56	46
Saccharomyces_cerevisiae_tRNA-Ser-GCT-1-1	57	48
Saccharomyces_cerevisiae_tRNA-Ser-GCT-1-1	58	49
Saccharomyces_cerevisiae_tRNA-Ser-GCT-1-1	59	50
Saccharomyces_cerevisiae_tRNA-Ser-GCT-1-1	60	51
Saccharomyces_cerevisiae_tRNA-Ser-GCT-1-1	61	52
Saccharomyces_cerevisiae_tRNA-Ser-GCT-1-1	62	53
Saccharomyces_cerevisiae_tRNA-Ser-GCT-1-1	63	54
Saccharomyces_cerevisiae_tRNA-Ser-GCT-1-1	64	55
Saccharomyces_cerevisiae_tRNA-Ser-GCT-1-1	65	56
Saccharomyces_cerevisiae_tRNA-Ser-GCT-1-1	66	57
Saccharomyces_cerevisiae_tRNA-Ser-GCT-1-1	67	58
Saccharomyces_cerevisiae_tRNA-Ser-GCT-1-1	68	59
Saccharomyces_cerevisiae_tRNA-Ser-GCT-1-1	69	60
Saccharomyces_cerevisiae_tRNA-Ser-GCT-1-1	70	61
Saccharomyces_cerevisiae_tRNA-Ser-GCT-1-1	71	62
Saccharomyces_cerevisiae_tRNA-Ser-GCT-1-1	72	63
Saccharomyces_cerevisiae_tRNA-Ser-GCT-1-1	73	64
Saccharomyces_cerevisiae_tRNA-Ser-GCT-1-1	74	65
Saccharomyces_cerevisiae_tRNA-Ser-GCT-1-1	75	66
Saccharomyces_cerevisiae_tRNA-Ser-GCT-1-1	76	67
Saccharomyces_cerevisiae_tRNA-Ser-GCT-1-1	77	68
Saccharomyces_cerevisiae_tRNA-Ser-GCT-1-1	78	69
Saccharomyces_cerevisiae_tRNA-Ser-GCT-1-1	79	70
Saccharomyces_cerevisiae_tRNA-Ser-GCT-1-1	80	71
Saccharomyces_cerevisiae_tRNA-Ser-GCT-1-1	81	72
Saccharomyces_cerevisiae_tRNA-Ser-GCT-1-1	82	73
Saccharomyces_cerevisiae_tRNA-Ser-GCT-1-1	83	74
Saccharomyces_cerevisiae_tRNA-Ser-GCT-1-1	84	75
Saccharomyces_cerevisiae_tRNA-Ser-GCT-1-1	85	76
Saccharomyces_cerevisiae_tRNA-Ser-TGA-1-1	1	1
Saccharomyces_cerevisiae_tRNA-Ser-TGA-1-1	2	2
Saccharomyces_cerevisiae_tRNA-Ser-TGA-1-1	3	3
Saccharomyces_cerevisiae_tRNA-Ser-TGA-1-1	4	4
Saccharomyces_cerevisiae_tRNA-Ser-TGA-1-1	5	5
Saccharomyces_cerevisiae_tRNA-Ser-TGA-1-1	6	6
Saccharomyces_cerevisiae_tRNA-Ser-TGA-1-1	7	7
Saccharomyces_cerevisiae_tRNA-Ser-TGA-1-1	8	8
Saccharomyces_cerevisiae_tRNA-Ser-TGA-1-1	9	9
Saccharomyces_cerevisiae_tRNA-Ser-TGA-1-1	10	10
Saccharomyces_cerevisiae_tRNA-Ser-TGA-1-1	11	11
Saccharomyces_cerevisiae_tRNA-Ser-TGA-1-1	12	12
Saccharomyces_cerevisiae_tRNA-Ser-TGA-1-1	13	13
Saccharomyces_cerevisiae_tRNA-Ser-TGA-1-1	14	14
Saccharomyces_cerevisiae_tRNA-Ser-TGA-1-1	15	15
Saccharomyces_cerevisiae_tRNA-Ser-TGA-1-1	16	16
Saccharomyces_cerevisiae_tRNA-Ser-TGA-1-1	17	18
Saccharomyces_cerevisiae_tRNA-Ser-TGA-1-1	18	19
Saccharomyces_cerevisiae_tRNA-Ser-TGA-1-1	19	20
Saccharomyces_cerevisiae_tRNA-Ser-TGA-1-1	20	20a
Saccharomyces_cerevisiae_tRNA-Ser-TGA-1-1	21	21
Saccharomyces_cerevisiae_tRNA-Ser-TGA-1-1	22	22
Saccharomyces_cerevisiae_tRNA-Ser-TGA-1-1	23	23
Saccharomyces_cerevisiae_tRNA-Ser-TGA-1-1	24	24
Saccharomyces_cerevisiae_tRNA-Ser-TGA-1-1	25	25
Saccharomyces_cerevisiae_tRNA-Ser-TGA-1-1	26	26
Saccharomyces_cerevisiae_tRNA-Ser-TGA-1-1	27	27
Saccharomyces_cerevisiae_tRNA-Ser-TGA-1-1	28	28
Saccharomyces_cerevisiae_tRNA-Ser-TGA-1-1	29	29
Saccharomyces_cerevisiae_tRNA-Ser-TGA-1-1	30	30
Saccharomyces_cerevisiae_tRNA-Ser-TGA-1-1	31	31
Saccharomyces_cerevisiae_tRNA-Ser-TGA-1-1	32	32
Saccharomyces_cerevisiae_tRNA-Ser-TGA-1-1	33	33
Saccharomyces_cerevisiae_tRNA-Ser-TGA-1-1	34	34
Saccharomyces_cerevisiae_tRNA-Ser-TGA-1-1	35	35
Saccharomyces_cerevisiae_tRNA-Ser-TGA-1-1	36	36
Saccharomyces_cerevisiae_tRNA-Ser-TGA-1-1	37	37
Saccharomyces_cerevisiae_tRNA-Ser-TGA-1-1	38	38
Saccharomyces_cerevisiae_tRNA-Ser-TGA-1-1	39	39
Saccharomyces_cerevisiae_tRNA-Ser-TGA-1-1	40	40
Saccharomyces_cerevisiae_tRNA-Ser-TGA-1-1	41	41
Saccharomyces_cerevisiae_tRNA-Ser-TGA-1-1	42	42
Saccharomyces_cerevisiae_tRNA-Ser-TGA-1-1	43	43
Saccharomyces_cerevisiae_tRNA-Ser-TGA-1-1	44	44
Saccharomyces_cerevisiae_tRNA-Ser-TGA-1-1	45	V11
Saccharomyces_cerevisiae_tRNA-Ser-TGA-1-1	46	V12
Saccharomyces_cerevisiae_tRNA-Ser-TGA-1-1	47	V13
Saccharomyces_cerevisiae_tRNA-Ser-TGA-1-1	48	V14
Saccharomyces_cerevisiae_tRNA-Ser-TGA-1-1	49	V1
Saccharomyces_cerevisiae_tRNA-Ser-TGA-1-1	50	V2
Saccharomyces_cerevisiae_tRNA-Ser-TGA-1-1	51	V3
Saccharomyces_cerevisiae_tRNA-Ser-TGA-1-1	52	V24
Saccharomyces_cerevisiae_tRNA-Ser-TGA-1-1	53	V23
Saccharomyces_cerevisiae_tRNA-Ser-TGA-1-1	54	V22
Saccharomyces_cerevisiae_tRNA-Ser-TGA-1-1	55	V21
Saccharomyces_cerevisiae_tRNA-Ser-TGA-1-1	56	46
Saccharomyces_cerevisiae_tRNA-Ser-TGA-1-1	57	48
Saccharomyces_cerevisiae_tRNA-Ser-TGA-1-1	58	49
Saccharomyces_cerevisiae_tRNA-Ser-TGA-1-1	59	50
Saccharomyces_cerevisiae_tRNA-Ser-TGA-1-1	60	51
Saccharomyces_cerevisiae_tRNA-Ser-TGA-1-1	61	52
Saccharomyces_cerevisiae_tRNA-Ser-TGA-1-1	62	53
Saccharomyces_cerevisiae_tRNA-Ser-TGA-1-1	63	54
Saccharomyces_cerevisiae_tRNA-Ser-TGA-1-1	64	55
Saccharomyces_cerevisiae_tRNA-Ser-TGA-1-1	65	56
Saccharomyces_cerevisiae_tRNA-Ser-TGA-1-1	66	57
Saccharomyces_cerevisiae_tRNA-Ser-TGA-1-1	67	58
Saccharomyces_cerevisiae_tRNA-Ser-TGA-1-1	68	59
Saccharomyces_cerevisiae_tRNA-Ser-TGA-1-1	69	60
Saccharomyces_cerevisiae_tRNA-Ser-TGA-1-1	70	61
Saccharomyces_cerevisiae_tRNA-Ser-TGA-1-1	71	62
Saccharomyces_cerevisiae_tRNA-Ser-TGA-1-1	72	63
Saccharomyces_cerevisiae_tRNA-Ser-TGA-1-1	73	64
Saccharomyces_cerevisiae_tRNA-Ser-TGA-1-1	74	65
Saccharomyces_cerevisiae_tRNA-Ser-TGA-1-1	75	66
Saccharomyces_cerevisiae_tRNA-Ser-TGA-1-1	76	67
Saccharomyces_cerevisiae_tRNA-Ser-TGA-1-1	77	68
Saccharomyces_cerevisiae_tRNA-Ser-TGA-1-1	78	69
Saccharomyces_cerevisiae_tRNA-Ser-TGA-1-1	79	70
Saccharomyces_cerevisiae_tRNA-Ser-TGA-1-1	80	71
Saccharomyces_cerevisiae_tRNA-Ser-TGA-1-1	81	72
Saccharomyces_cerevisiae_tRNA-Ser-TGA-1-1	82	73
Saccharomyces_cerevisiae_tRNA-Ser-TGA-1-1	83	74
Saccharomyces_cerevisiae_tRNA-Ser-TGA-1-1	84	75
Saccharomyces_cerevisiae_tRNA-Ser-TGA-1-1	85	76
Saccharomyces_cerevisiae_tRNA-Thr-AGT-1-1	1	1
Saccharomyces_cerevisiae_tRNA-Thr-AGT-1-1	2	2
Saccharomyces_cerevisiae_tRNA-Thr-AGT-1-1	3	3
Saccharomyces_cerevisiae_tRNA-Thr-AGT-1-1	4	4
Saccharomyces_cerevisiae_tRNA-Thr-AGT-1-1	5	5
Saccharomyces_cerevisiae_tRNA-Thr-AGT-1-1	6	6
Saccharomyces_cerevisiae_tRNA-Thr-AGT-1-1	7	7
Saccharomyces_cerevisiae_tRNA-Thr-AGT-1-1	8	8
Saccharomyces_cerevisiae_tRNA-Thr-AGT-1-1	9	9
Saccharomyces_cerevisiae_tRNA-Thr-AGT-1-1	10	10
Saccharomyces_cerevisiae_tRNA-Thr-AGT-1-1	11	11
Saccharomyces_cerevisiae_tRNA-Thr-AGT-1-1	12	12
Saccharomyces_cerevisiae_tRNA-Thr-AGT-1-1	13	13
Saccharomyces_cerevisiae_tRNA-Thr-AGT-1-1	14	14
Saccharomyces_cerevisiae_tRNA-Thr-AGT-1-1	15	15
Saccharomyces_cerevisiae_tRNA-Thr-AGT-1-1	16	16
Saccharomyces_cerevisiae_tRNA-Thr-AGT-1-1	17	17
Saccharomyces_cerevisiae_tRNA-Thr-AGT-1-1	18	18
Saccharomyces_cerevisiae_tRNA-Thr-AGT-1-1	19	19
Saccharomyces_cerevisiae_tRNA-Thr-AGT-1-1	20	20
Saccharomyces_cerevisiae_tRNA-Thr-AGT-1-1	21	21
Saccharomyces_cerevisiae_tRNA-Thr-AGT-1-1	22	22
Saccharomyces_cerevisiae_tRNA-Thr-AGT-1-1	23	23
Saccharomyces_cerevisiae_tRNA-Thr-AGT-1-1	24	24
Saccharomyces_cerevisiae_tRNA-Thr-AGT-1-1	25	25
Saccharomyces_cerevisiae_tRNA-Thr-AGT-1-1	26	26
Saccharomyces_cerevisiae_tRNA-Thr-AGT-1-1	27	27
Saccharomyces_cerevisiae_tRNA-Thr-AGT-1-1	28	28
Saccharomyces_cerevisiae_tRNA-Thr-AGT-1-1	29	29
Saccharomyces_cerevisiae_tRNA-Thr-AGT-1-1	30	30
Saccharomyces_cerevisiae_tRNA-Thr-AGT-1-1	31	31
Saccharomyces_cerevisiae_tRNA-Thr-AGT-1-1	32	32
Saccharomyces_cerevisiae_tRNA-Thr-AGT-1-1	33	33
Saccharomyces_cerevisiae_tRNA-Thr-AGT-1-1	34	34
Saccharomyces_cerevisiae_tRNA-Thr-AGT-1-1	35	35
Saccharomyces_cerevisiae_tRNA-Thr-AGT-1-1	36	36
Saccharomyces_cerevisiae_tRNA-Thr-AGT-1-1	37	37
Saccharomyces_cerevisiae_tRNA-Thr-AGT-1-1	38	38
Saccharomyces_cerevisiae_tRNA-Thr-AGT-1-1	39	39
Saccharomyces_cerevisiae_tRNA-Thr-AGT-1-1	40	40
Saccharomyces_cerevisiae_tRNA-Thr-AGT-1-1	41	41
Saccharomyces_cerevisiae_tRNA-Thr-AGT-1-1	42	42
Saccharomyces_cerevisiae_tRNA-Thr-AGT-1-1	43	43
Saccharomyces_cerevisiae_tRNA-Thr-AGT-1-1	44	44
Saccharomyces_cerevisiae_tRNA-Thr-AGT-1-1	45	45
Saccharomyces_cerevisiae_tRNA-Thr-AGT-1-1	46	46
Saccharomyces_cerevisiae_tRNA-Thr-AGT-1-1	47	47
Saccharomyces_cerevisiae_tRNA-Thr-AGT-1-1	48	48
Saccharomyces_cerevisiae_tRNA-Thr-AGT-1-1	49	49
Saccharomyces_cerevisiae_tRNA-Thr-AGT-1-1	50	50
Saccharomyces_cerevisiae_tRNA-Thr-AGT-1-1	51	51
Saccharomyces_cerevisiae_tRNA-Thr-AGT-1-1	52	52
Saccharomyces_cerevisiae_tRNA-Thr-AGT-1-1	53	53
Saccharomyces_cerevisiae_tRNA-Thr-AGT-1-1	54	54
Saccharomyces_cerevisiae_tRNA-Thr-AGT-1-1	55	55
Saccharomyces_cerevisiae_tRNA-Thr-AGT-1-1	56	56
Saccharomyces_cerevisiae_tRNA-Thr-AGT-1-1	57	57
Saccharomyces_cerevisiae_tRNA-Thr-AGT-1-1	58	58
Saccharomyces_cerevisiae_tRNA-Thr-AGT-1-1	59	59
Saccharomyces_cerevisiae_tRNA-Thr-AGT-1-1	60	60
Saccharomyces_cerevisiae_tRNA-Thr-AGT-1-1	61	61
Saccharomyces_cerevisiae_tRNA-Thr-AGT-1-1	62	62
Saccharomyces_cerevisiae_tRNA-Thr-AGT-1-1	63	63
Saccharomyces_cerevisiae_tRNA-Thr-AGT-1-1	64	64
Saccharomyces_cerevisiae_tRNA-Thr-AGT-1-1	65	65
Saccharomyces_cerevisiae_tRNA-Thr-AGT-1-1	66	66
Saccharomyces_cerevisiae_tRNA-Thr-AGT-1-1	67	67
Saccharomyces_cerevisiae_tRNA-Thr-AGT-1-1	68	68
Saccharomyces_cerevisiae_tRNA-Thr-AGT-1-1	69	69
Saccharomyces_cerevisiae_tRNA-Thr-AGT-1-1	70	70
Saccharomyces_cerevisiae_tRNA-Thr-AGT-1-1	71	71
Saccharomyces_cerevisiae_tRNA-Thr-AGT-1-1	72	72
Saccharomyces_cerevisiae_tRNA-Thr-AGT-1-1	73	73
Saccharomyces_cerevisiae_tRNA-Thr-AGT-1-1	74	74
Saccharomyces_cerevisiae_tRNA-Thr-AGT-1-1	75	75
Saccharomyces_cerevisiae_tRNA-Thr-AGT-1-1	76	76
Saccharomyces_cerevisiae_tRNA-Thr-CGT-1-1	1	1
Saccharomyces_cerevisiae_tRNA-Thr-CGT-1-1	2	2
Saccharomyces_cerevisiae_tRNA-Thr-CGT-1-1	3	3
Saccharomyces_cerevisiae_tRNA-Thr-CGT-1-1	4	4
Saccharomyces_cerevisiae_tRNA-Thr-CGT-1-1	5	5
Saccharomyces_cerevisiae_tRNA-Thr-CGT-1-1	6	6
Saccharomyces_cerevisiae_tRNA-Thr-CGT-1-1	7	7
Saccharomyces_cerevisiae_tRNA-Thr-CGT-1-1	8	8
Saccharomyces_cerevisiae_tRNA-Thr-CGT-1-1	9	9
Saccharomyces_cerevisiae_tRNA-Thr-CGT-1-1	10	10
Saccharomyces_cerevisiae_tRNA-Thr-CGT-1-1	11	11
Saccharomyces_cerevisiae_tRNA-Thr-CGT-1-1	12	12
Saccharomyces_cerevisiae_tRNA-Thr-CGT-1-1	13	13
Saccharomyces_cerevisiae_tRNA-Thr-CGT-1-1	14	14
Saccharomyces_cerevisiae_tRNA-Thr-CGT-1-1	15	15
Saccharomyces_cerevisiae_tRNA-Thr-CGT-1-1	16	16
Saccharomyces_cerevisiae_tRNA-Thr-CGT-1-1	17	18
Saccharomyces_cerevisiae_tRNA-Thr-CGT-1-1	18	19
Saccharomyces_cerevisiae_tRNA-Thr-CGT-1-1	19	20
Saccharomyces_cerevisiae_tRNA-Thr-CGT-1-1	20	21
Saccharomyces_cerevisiae_tRNA-Thr-CGT-1-1	21	22
Saccharomyces_cerevisiae_tRNA-Thr-CGT-1-1	22	23
Saccharomyces_cerevisiae_tRNA-Thr-CGT-1-1	23	24
Saccharomyces_cerevisiae_tRNA-Thr-CGT-1-1	24	25
Saccharomyces_cerevisiae_tRNA-Thr-CGT-1-1	25	26
Saccharomyces_cerevisiae_tRNA-Thr-CGT-1-1	26	27
Saccharomyces_cerevisiae_tRNA-Thr-CGT-1-1	27	28
Saccharomyces_cerevisiae_tRNA-Thr-CGT-1-1	28	29
Saccharomyces_cerevisiae_tRNA-Thr-CGT-1-1	29	30
Saccharomyces_cerevisiae_tRNA-Thr-CGT-1-1	30	31
Saccharomyces_cerevisiae_tRNA-Thr-CGT-1-1	31	32
Saccharomyces_cerevisiae_tRNA-Thr-CGT-1-1	32	33
Saccharomyces_cerevisiae_tRNA-Thr-CGT-1-1	33	34
Saccharomyces_cerevisiae_tRNA-Thr-CGT-1-1	34	35
Saccharomyces_cerevisiae_tRNA-Thr-CGT-1-1	35	36
Saccharomyces_cerevisiae_tRNA-Thr-CGT-1-1	36	37
Saccharomyces_cerevisiae_tRNA-Thr-CGT-1-1	37	38
Saccharomyces_cerevisiae_tRNA-Thr-CGT-1-1	38	39
Saccharomyces_cerevisiae_tRNA-Thr-CGT-1-1	39	40
Saccharomyces_cerevisiae_tRNA-Thr-CGT-1-1	40	41
Saccharomyces_cerevisiae_tRNA-Thr-CGT-1-1	41	42
Saccharomyces_cerevisiae_tRNA-Thr-CGT-1-1	42	43
Saccharomyces_cerevisiae_tRNA-Thr-CGT-1-1	43	44
Saccharomyces_cerevisiae_tRNA-Thr-CGT-1-1	44	45
Saccharomyces_cerevisiae_tRNA-Thr-CGT-1-1	45	46
Saccharomyces_cerevisiae_tRNA-Thr-CGT-1-1	46	47
Saccharomyces_cerevisiae_tRNA-Thr-CGT-1-1	47	48
Saccharomyces_cerevisiae_tRNA-Thr-CGT-1-1	48	49
Saccharomyces_cerevisiae_tRNA-Thr-CGT-1-1	49	50
Saccharomyces_cerevisiae_tRNA-Thr-CGT-1-1	50	51
Saccharomyces_cerevisiae_tRNA-Thr-CGT-1-1	51	52
Saccharomyces_cerevisiae_tRNA-Thr-CGT-1-1	52	53
Saccharomyces_cerevisiae_tRNA-Thr-CGT-1-1	53	54
Saccharomyces_cerevisiae_tRNA-Thr-CGT-1-1	54	55
Saccharomyces_cerevisiae_tRNA-Thr-CGT-1-1	55	56
Saccharomyces_cerevisiae_tRNA-Thr-CGT-1-1	56	57
Saccharomyces_cerevisiae_tRNA-Thr-CGT-1-1	57	58
Saccharomyces_cerevisiae_tRNA-Thr-CGT-1-1	58	59
Saccharomyces_cerevisiae_tRNA-Thr-CGT-1-1	59	60
Saccharomyces_cerevisiae_tRNA-Thr-CGT-1-1	60	61
Saccharomyces_cerevisiae_tRNA-Thr-CGT-1-1	61	62
Saccharomyces_cerevisiae_tRNA-Thr-CGT-1-1	62	63
Saccharomyces_cerevisiae_tRNA-Thr-CGT-1-1	63	64
Saccharomyces_cerevisiae_tRNA-Thr-CGT-1-1	64	65
Saccharomyces_cerevisiae_tRNA-Thr-CGT-1-1	65	66
Saccharomyces_cerevisiae_tRNA-Thr-CGT-1-1	66	67
Saccharomyces_cerevisiae_tRNA-Thr-CGT-1-1	67	68
Saccharomyces_cerevisiae_tRNA-Thr-CGT-1-1	68	69
Saccharomyces_cerevisiae_tRNA-Thr-CGT-1-1	69	70
Saccharomyces_cerevisiae_tRNA-Thr-CGT-1-1	70	71
Saccharomyces_cerevisiae_tRNA-Thr-CGT-1-1	71	72
Saccharomyces_cerevisiae_tRNA-Thr-CGT-1-1	72	73
Saccharomyces_cerevisiae_tRNA-Thr-CGT-1-1	73	74
Saccharomyces_cerevisiae_tRNA-Thr-CGT-1-1	74	75
Saccharomyces_cerevisiae_tRNA-Thr-CGT-1-1	75	76
Saccharomyces_cerevisiae_tRNA-Thr-TGT-1-1	1	1
Saccharomyces_cerevisiae_tRNA-Thr-TGT-1-1	2	2
Saccharomyces_cerevisiae_tRNA-Thr-TGT-1-1	3	3
Saccharomyces_cerevisiae_tRNA-Thr-TGT-1-1	4	4
Saccharomyces_cerevisiae_tRNA-Thr-TGT-1-1	5	5
Saccharomyces_cerevisiae_tRNA-Thr-TGT-1-1	6	6
Saccharomyces_cerevisiae_tRNA-Thr-TGT-1-1	7	7
Saccharomyces_cerevisiae_tRNA-Thr-TGT-1-1	8	8
Saccharomyces_cerevisiae_tRNA-Thr-TGT-1-1	9	9
Saccharomyces_cerevisiae_tRNA-Thr-TGT-1-1	10	10
Saccharomyces_cerevisiae_tRNA-Thr-TGT-1-1	11	11
Saccharomyces_cerevisiae_tRNA-Thr-TGT-1-1	12	12
Saccharomyces_cerevisiae_tRNA-Thr-TGT-1-1	13	13
Saccharomyces_cerevisiae_tRNA-Thr-TGT-1-1	14	14
Saccharomyces_cerevisiae_tRNA-Thr-TGT-1-1	15	15
Saccharomyces_cerevisiae_tRNA-Thr-TGT-1-1	16	16
Saccharomyces_cerevisiae_tRNA-Thr-TGT-1-1	17	18
Saccharomyces_cerevisiae_tRNA-Thr-TGT-1-1	18	19
Saccharomyces_cerevisiae_tRNA-Thr-TGT-1-1	19	20
Saccharomyces_cerevisiae_tRNA-Thr-TGT-1-1	20	21
Saccharomyces_cerevisiae_tRNA-Thr-TGT-1-1	21	22
Saccharomyces_cerevisiae_tRNA-Thr-TGT-1-1	22	23
Saccharomyces_cerevisiae_tRNA-Thr-TGT-1-1	23	24
Saccharomyces_cerevisiae_tRNA-Thr-TGT-1-1	24	25
Saccharomyces_cerevisiae_tRNA-Thr-TGT-1-1	25	26
Saccharomyces_cerevisiae_tRNA-Thr-TGT-1-1	26	27
Saccharomyces_cerevisiae_tRNA-Thr-TGT-1-1	27	28
Saccharomyces_cerevisiae_tRNA-Thr-TGT-1-1	28	29
Saccharomyces_cerevisiae_tRNA-Thr-TGT-1-1	29	30
Saccharomyces_cerevisiae_tRNA-Thr-TGT-1-1	30	31
Saccharomyces_cerevisiae_tRNA-Thr-TGT-1-1	31	32
Saccharomyces_cerevisiae_tRNA-Thr-TGT-1-1	32	33
Saccharomyces_cerevisiae_tRNA-Thr-TGT-1-1	33	34
Saccharomyces_cerevisiae_tRNA-Thr-TGT-1-1	34	35
Saccharomyces_cerevisiae_tRNA-Thr-TGT-1-1	35	36
Saccharomyces_cerevisiae_tRNA-Thr-TGT-1-1	36	37
Saccharomyces_cerevisiae_tRNA-Thr-TGT-1-1	37	38
Saccharomyces_cerevisiae_tRNA-Thr-TGT-1-1	38	39
Saccharomyces_cerevisiae_tRNA-Thr-TGT-1-1	39	40
Saccharomyces_cerevisiae_tRNA-Thr-TGT-1-1	40	41
Saccharomyces_cerevisiae_tRNA-Thr-TGT-1-1	41	42
Saccharomyces_cerevisiae_tRNA-Thr-TGT-1-1	42	43
Saccharomyces_cerevisiae_tRNA-Thr-TGT-1-1	43	44
Saccharomyces_cerevisiae_tRNA-Thr-TGT-1-1	44	45
Saccharomyces_cerevisiae_tRNA-Thr-TGT-1-1	45	46
Saccharomyces_cerevisiae_tRNA-Thr-TGT-1-1	46	47
Saccharomyces_cerevisiae_tRNA-Thr-TGT-1-1	47	48
Saccharomyces_cerevisiae_tRNA-Thr-TGT-1-1	48	49
Saccharomyces_cerevisiae_tRNA-Thr-TGT-1-1	49	50
Saccharomyces_cerevisiae_tRNA-Thr-TGT-1-1	50	51
Saccharomyces_cerevisiae_tRNA-Thr-TGT-1-1	51	52
Saccharomyces_cerevisiae_tRNA-Thr-TGT-1-1	52	53
Saccharomyces_cerevisiae_tRNA-Thr-TGT-1-1	53	54
Saccharomyces_cerevisiae_tRNA-Thr-TGT-1-1	54	55
Saccharomyces_cerevisiae_tRNA-Thr-TGT-1-1	55	56
Saccharomyces_cerevisiae_tRNA-Thr-TGT-1-1	56	57
Saccharomyces_cerevisiae_tRNA-Thr-TGT-1-1	57	58
Saccharomyces_cerevisiae_tRNA-Thr-TGT-1-1	58	59
Saccharomyces_cerevisiae_tRNA-Thr-TGT-1-1	59	60
Saccharomyces_cerevisiae_tRNA-Thr-TGT-1-1	60	61
Saccharomyces_cerevisiae_tRNA-Thr-TGT-1-1	61	62
Saccharomyces_cerevisiae_tRNA-Thr-TGT-1-1	62	63
Saccharomyces_cerevisiae_tRNA-Thr-TGT-1-1	63	64
Saccharomyces_cerevisiae_tRNA-Thr-TGT-1-1	64	65
Saccharomyces_cerevisiae_tRNA-Thr-TGT-1-1	65	66
Saccharomyces_cerevisiae_tRNA-Thr-TGT-1-1	66	67
Saccharomyces_cerevisiae_tRNA-Thr-TGT-1-1	67	68
Saccharomyces_cerevisiae_tRNA-Thr-TGT-1-1	68	69
Saccharomyces_cerevisiae_tRNA-Thr-TGT-1-1	69	70
Saccharomyces_cerevisiae_tRNA-Thr-TGT-1-1	70	71
Saccharomyces_cerevisiae_tRNA-Thr-TGT-1-1	71	72
Saccharomyces_cerevisiae_tRNA-Thr-TGT-1-1	72	73
Saccharomyces_cerevisiae_tRNA-Thr-TGT-1-1	73	74
Saccharomyces_cerevisiae_tRNA-Thr-TGT-1-1	74	75
Saccharomyces_cerevisiae_tRNA-Thr-TGT-1-1	75	76
Saccharomyces_cerevisiae_tRNA-Thr-TGT-2-1	1	1
Saccharomyces_cerevisiae_tRNA-Thr-TGT-2-1	2	2
Saccharomyces_cerevisiae_tRNA-Thr-TGT-2-1	3	3
Saccharomyces_cerevisiae_tRNA-Thr-TGT-2-1	4	4
Saccharomyces_cerevisiae_tRNA-Thr-TGT-2-1	5	5
Saccharomyces_cerevisiae_tRNA-Thr-TGT-2-1	6	6
Saccharomyces_cerevisiae_tRNA-Thr-TGT-2-1	7	7
Saccharomyces_cerevisiae_tRNA-Thr-TGT-2-1	8	8
Saccharomyces_cerevisiae_tRNA-Thr-TGT-2-1	9	9
Saccharomyces_cerevisiae_tRNA-Thr-TGT-2-1	10	10
Saccharomyces_cerevisiae_tRNA-Thr-TGT-2-1	11	11
Saccharomyces_cerevisiae_tRNA-Thr-TGT-2-1	12	12
Saccharomyces_cerevisiae_tRNA-Thr-TGT-2-1	13	13
Saccharomyces_cerevisiae_tRNA-Thr-TGT-2-1	14	14
Saccharomyces_cerevisiae_tRNA-Thr-TGT-2-1	15	15
Saccharomyces_cerevisiae_tRNA-Thr-TGT-2-1	16	16
Saccharomyces_cerevisiae_tRNA-Thr-TGT-2-1	17	18
Saccharomyces_cerevisiae_tRNA-Thr-TGT-2-1	18	19
Saccharomyces_cerevisiae_tRNA-Thr-TGT-2-1	19	20
Saccharomyces_cerevisiae_tRNA-Thr-TGT-2-1	20	21
Saccharomyces_cerevisiae_tRNA-Thr-TGT-2-1	21	22
Saccharomyces_cerevisiae_tRNA-Thr-TGT-2-1	22	23
Saccharomyces_cerevisiae_tRNA-Thr-TGT-2-1	23	24
Saccharomyces_cerevisiae_tRNA-Thr-TGT-2-1	24	25
Saccharomyces_cerevisiae_tRNA-Thr-TGT-2-1	25	26
Saccharomyces_cerevisiae_tRNA-Thr-TGT-2-1	26	27
Saccharomyces_cerevisiae_tRNA-Thr-TGT-2-1	27	28
Saccharomyces_cerevisiae_tRNA-Thr-TGT-2-1	28	29
Saccharomyces_cerevisiae_tRNA-Thr-TGT-2-1	29	30
Saccharomyces_cerevisiae_tRNA-Thr-TGT-2-1	30	31
Saccharomyces_cerevisiae_tRNA-Thr-TGT-2-1	31	32
Saccharomyces_cerevisiae_tRNA-Thr-TGT-2-1	32	33
Saccharomyces_cerevisiae_tRNA-Thr-TGT-2-1	33	34
Saccharomyces_cerevisiae_tRNA-Thr-TGT-2-1	34	35
Saccharomyces_cerevisiae_tRNA-Thr-TGT-2-1	35	36
Saccharomyces_cerevisiae_tRNA-Thr-TGT-2-1	36	37
Saccharomyces_cerevisiae_tRNA-Thr-TGT-2-1	37	38
Saccharomyces_cerevisiae_tRNA-Thr-TGT-2-1	38	39
Saccharomyces_cerevisiae_tRNA-Thr-TGT-2-1	39	40
Saccharomyces_cerevisiae_tRNA-Thr-TGT-2-1	40	41
Saccharomyces_cerevisiae_tRNA-Thr-TGT-2-1	41	42
Saccharomyces_cerevisiae_tRNA-Thr-TGT-2-1	42	43
Saccharomyces_cerevisiae_tRNA-Thr-TGT-2-1	43	44
Saccharomyces_cerevisiae_tRNA-Thr-TGT-2-1	44	45
Saccharomyces_cerevisiae_tRNA-Thr-TGT-2-1	45	46
Saccharomyces_cerevisiae_tRNA-Thr-TGT-2-1	46	47
Saccharomyces_cerevisiae_tRNA-Thr-TGT-2-1	47	48
Saccharomyces_cerevisiae_tRNA-Thr-TGT-2-1	48	49
Saccharomyces_cerevisiae_tRNA-Thr-TGT-2-1	49	50
Saccharomyces_cerevisiae_tRNA-Thr-TGT-2-1	50	51
Saccharomyces_cerevisiae_tRNA-Thr-TGT-2-1	51	52
Saccharomyces_cerevisiae_tRNA-Thr-TGT-2-1	52	53
Saccharomyces_cerevisiae_tRNA-Thr-TGT-2-1	53	54
Saccharomyces_cerevisiae_tRNA-Thr-TGT-2-1	54	55
Saccharomyces_cerevisiae_tRNA-Thr-TGT-2-1	55	56
Saccharomyces_cerevisiae_tRNA-Thr-TGT-2-1	56	57
Saccharomyces_cerevisiae_tRNA-Thr-TGT-2-1	57	58
Saccharomyces_cerevisiae_tRNA-Thr-TGT-2-1	58	59
Saccharomyces_cerevisiae_tRNA-Thr-TGT-2-1	59	60
Saccharomyces_cerevisiae_tRNA-Thr-TGT-2-1	60	61
Saccharomyces_cerevisiae_tRNA-Thr-TGT-2-1	61	62
Saccharomyces_cerevisiae_tRNA-Thr-TGT-2-1	62	63
Saccharomyces_cerevisiae_tRNA-Thr-TGT-2-1	63	64
Saccharomyces_cerevisiae_tRNA-Thr-TGT-2-1	64	65
Saccharomyces_cerevisiae_tRNA-Thr-TGT-2-1	65	66
Saccharomyces_cerevisiae_tRNA-Thr-TGT-2-1	66	67
Saccharomyces_cerevisiae_tRNA-Thr-TGT-2-1	67	68
Saccharomyces_cerevisiae_tRNA-Thr-TGT-2-1	68	69
Saccharomyces_cerevisiae_tRNA-Thr-TGT-2-1	69	70
Saccharomyces_cerevisiae_tRNA-Thr-TGT-2-1	70	71
Saccharomyces_cerevisiae_tRNA-Thr-TGT-2-1	71	72
Saccharomyces_cerevisiae_tRNA-Thr-TGT-2-1	72	73
Saccharomyces_cerevisiae_tRNA-Thr-TGT-2-1	73	74
Saccharomyces_cerevisiae_tRNA-Thr-TGT-2-1	74	75
Saccharomyces_cerevisiae_tRNA-Thr-TGT-2-1	75	76
Saccharomyces_cerevisiae_tRNA-Trp-CCA-1-1	1	1
Saccharomyces_cerevisiae_tRNA-Trp-CCA-1-1	2	2
Saccharomyces_cerevisiae_tRNA-Trp-CCA-1-1	3	3
Saccharomyces_cerevisiae_tRNA-Trp-CCA-1-1	4	4
Saccharomyces_cerevisiae_tRNA-Trp-CCA-1-1	5	5
Saccharomyces_cerevisiae_tRNA-Trp-CCA-1-1	6	6
Saccharomyces_cerevisiae_tRNA-Trp-CCA-1-1	7	7
Saccharomyces_cerevisiae_tRNA-Trp-CCA-1-1	8	8
Saccharomyces_cerevisiae_tRNA-Trp-CCA-1-1	9	9
Saccharomyces_cerevisiae_tRNA-Trp-CCA-1-1	10	10
Saccharomyces_cerevisiae_tRNA-Trp-CCA-1-1	11	11
Saccharomyces_cerevisiae_tRNA-Trp-CCA-1-1	12	12
Saccharomyces_cerevisiae_tRNA-Trp-CCA-1-1	13	13
Saccharomyces_cerevisiae_tRNA-Trp-CCA-1-1	14	14
Saccharomyces_cerevisiae_tRNA-Trp-CCA-1-1	15	15
Saccharomyces_cerevisiae_tRNA-Trp-CCA-1-1	16	16
Saccharomyces_cerevisiae_tRNA-Trp-CCA-1-1	17	18
Saccharomyces_cerevisiae_tRNA-Trp-CCA-1-1	18	19
Saccharomyces_cerevisiae_tRNA-Trp-CCA-1-1	19	20
Saccharomyces_cerevisiae_tRNA-Trp-CCA-1-1	20	21
Saccharomyces_cerevisiae_tRNA-Trp-CCA-1-1	21	22
Saccharomyces_cerevisiae_tRNA-Trp-CCA-1-1	22	23
Saccharomyces_cerevisiae_tRNA-Trp-CCA-1-1	23	24
Saccharomyces_cerevisiae_tRNA-Trp-CCA-1-1	24	25
Saccharomyces_cerevisiae_tRNA-Trp-CCA-1-1	25	26
Saccharomyces_cerevisiae_tRNA-Trp-CCA-1-1	26	27
Saccharomyces_cerevisiae_tRNA-Trp-CCA-1-1	27	28
Saccharomyces_cerevisiae_tRNA-Trp-CCA-1-1	28	29
Saccharomyces_cerevisiae_tRNA-Trp-CCA-1-1	29	30
Saccharomyces_cerevisiae_tRNA-Trp-CCA-1-1	30	31
Saccharomyces_cerevisiae_tRNA-Trp-CCA-1-1	31	32
Saccharomyces_cerevisiae_tRNA-Trp-CCA-1-1	32	33
Saccharomyces_cerevisiae_tRNA-Trp-CCA-1-1	33	34
Saccharomyces_cerevisiae_tRNA-Trp-CCA-1-1	34	35
Saccharomyces_cerevisiae_tRNA-Trp-CCA-1-1	35	36
Saccharomyces_cerevisiae_tRNA-Trp-CCA-1-1	36	37
Saccharomyces_cerevisiae_tRNA-Trp-CCA-1-1	37	38
Saccharomyces_cerevisiae_tRNA-Trp-CCA-1-1	38	39
Saccharomyces_cerevisiae_tRNA-Trp-CCA-1-1	39	40
Saccharomyces_cerevisiae_tRNA-Trp-CCA-1-1	40	41
Saccharomyces_cerevisiae_tRNA-Trp-CCA-1-1	41	42
Saccharomyces_cerevisiae_tRNA-Trp-CCA-1-1	42	43
Saccharomyces_cerevisiae_tRNA-Trp-CCA-1-1	43	44
Saccharomyces_cerevisiae_tRNA-Trp-CCA-1-1	44	45
Saccharomyces_cerevisiae_tRNA-Trp-CCA-1-1	45	46
Saccharomyces_cerevisiae_tRNA-Trp-CCA-1-1	46	47
Saccharomyces_cerevisiae_tRNA-Trp-CCA-1-1	47	48
Saccharomyces_cerevisiae_tRNA-Trp-CCA-1-1	48	49
Saccharomyces_cerevisiae_tRNA-Trp-CCA-1-1	49	50
Saccharomyces_cerevisiae_tRNA-Trp-CCA-1-1	50	51
Saccharomyces_cerevisiae_tRNA-Trp-CCA-1-1	51	52
Saccharomyces_cerevisiae_tRNA-Trp-CCA-1-1	52	53
Saccharomyces_cerevisiae_tRNA-Trp-CCA-1-1	53	54
Saccharomyces_cerevisiae_tRNA-Trp-CCA-1-1	54	55
Saccharomyces_cerevisiae_tRNA-Trp-CCA-1-1	55	56
Saccharomyces_cerevisiae_tRNA-Trp-CCA-1-1	56	57
Saccharomyces_cerevisiae_tRNA-Trp-CCA-1-1	57	58
Saccharomyces_cerevisiae_tRNA-Trp-CCA-1-1	58	59
Saccharomyces_cerevisiae_tRNA-Trp-CCA-1-1	59	60
Saccharomyces_cerevisiae_tRNA-Trp-CCA-1-1	60	61
Saccharomyces_cerevisiae_tRNA-Trp-CCA-1-1	61	62
Saccharomyces_cerevisiae_tRNA-Trp-CCA-1-1	62	63
Saccharomyces_cerevisiae_tRNA-Trp-CCA-1-1	63	64
Saccharomyces_cerevisiae_tRNA-Trp-CCA-1-1	64	65
Saccharomyces_cerevisiae_tRNA-Trp-CCA-1-1	65	66
Saccharomyces_cerevisiae_tRNA-Trp-CCA-1-1	66	67
Saccharomyces_cerevisiae_tRNA-Trp-CCA-1-1	67	68
Saccharomyces_cerevisiae_tRNA-Trp-CCA-1-1	68	69
Saccharomyces_cerevisiae_tRNA-Trp-CCA-1-1	69	70
Saccharomyces_cerevisiae_tRNA-Trp-CCA-1-1	70	71
Saccharomyces_cerevisiae_tRNA-Trp-CCA-1-1	71	72
Saccharomyces_cerevisiae_tRNA-Trp-CCA-1-1	72	73
Saccharomyces_cerevisiae_tRNA-Trp-CCA-1-1	73	74
Saccharomyces_cerevisiae_tRNA-Trp-CCA-1-1	74	75
Saccharomyces_cerevisiae_tRNA-Trp-CCA-1-1	75	76
Saccharomyces_cerevisiae_tRNA-Tyr-GTA-1-1	1	1
Saccharomyces_cerevisiae_tRNA-Tyr-GTA-1-1	2	2
Saccharomyces_cerevisiae_tRNA-Tyr-GTA-1-1	3	3
Saccharomyces_cerevisiae_tRNA-Tyr-GTA-1-1	4	4
Saccharomyces_cerevisiae_tRNA-Tyr-GTA-1-1	5	5
Saccharomyces_cerevisiae_tRNA-Tyr-GTA-1-1	6	6
Saccharomyces_cerevisiae_tRNA-Tyr-GTA-1-1	7	7
Saccharomyces_cerevisiae_tRNA-Tyr-GTA-1-1	8	8
Saccharomyces_cerevisiae_tRNA-Tyr-GTA-1-1	9	9
Saccharomyces_cerevisiae_tRNA-Tyr-GTA-1-1	10	10
Saccharomyces_cerevisiae_tRNA-Tyr-GTA-1-1	11	11
Saccharomyces_cerevisiae_tRNA-Tyr-GTA-1-1	12	12
Saccharomyces_cerevisiae_tRNA-Tyr-GTA-1-1	13	13
Saccharomyces_cerevisiae_tRNA-Tyr-GTA-1-1	14	14
Saccharomyces_cerevisiae_tRNA-Tyr-GTA-1-1	15	15
Saccharomyces_cerevisiae_tRNA-Tyr-GTA-1-1	16	16
Saccharomyces_cerevisiae_tRNA-Tyr-GTA-1-1	17	17
Saccharomyces_cerevisiae_tRNA-Tyr-GTA-1-1	18	18
Saccharomyces_cerevisiae_tRNA-Tyr-GTA-1-1	19	19
Saccharomyces_cerevisiae_tRNA-Tyr-GTA-1-1	20	20
Saccharomyces_cerevisiae_tRNA-Tyr-GTA-1-1	21	20a
Saccharomyces_cerevisiae_tRNA-Tyr-GTA-1-1	22	20b
Saccharomyces_cerevisiae_tRNA-Tyr-GTA-1-1	23	21
Saccharomyces_cerevisiae_tRNA-Tyr-GTA-1-1	24	22
Saccharomyces_cerevisiae_tRNA-Tyr-GTA-1-1	25	23
Saccharomyces_cerevisiae_tRNA-Tyr-GTA-1-1	26	24
Saccharomyces_cerevisiae_tRNA-Tyr-GTA-1-1	27	25
Saccharomyces_cerevisiae_tRNA-Tyr-GTA-1-1	28	26
Saccharomyces_cerevisiae_tRNA-Tyr-GTA-1-1	29	27
Saccharomyces_cerevisiae_tRNA-Tyr-GTA-1-1	30	28
Saccharomyces_cerevisiae_tRNA-Tyr-GTA-1-1	31	29
Saccharomyces_cerevisiae_tRNA-Tyr-GTA-1-1	32	30
Saccharomyces_cerevisiae_tRNA-Tyr-GTA-1-1	33	31
Saccharomyces_cerevisiae_tRNA-Tyr-GTA-1-1	34	32
Saccharomyces_cerevisiae_tRNA-Tyr-GTA-1-1	35	33
Saccharomyces_cerevisiae_tRNA-Tyr-GTA-1-1	36	34
Saccharomyces_cerevisiae_tRNA-Tyr-GTA-1-1	37	35
Saccharomyces_cerevisiae_tRNA-Tyr-GTA-1-1	38	36
Saccharomyces_cerevisiae_tRNA-Tyr-GTA-1-1	39	37
Saccharomyces_cerevisiae_tRNA-Tyr-GTA-1-1	40	38
Saccharomyces_cerevisiae_tRNA-Tyr-GTA-1-1	41	39
Saccharomyces_cerevisiae_tRNA-Tyr-GTA-1-1	42	40
Saccharomyces_cerevisiae_tRNA-Tyr-GTA-1-1	43	41
Saccharomyces_cerevisiae_tRNA-Tyr-GTA-1-1	44	42
Saccharomyces_cerevisiae_tRNA-Tyr-GTA-1-1	45	43
Saccharomyces_cerevisiae_tRNA-Tyr-GTA-1-1	46	44
Saccharomyces_cerevisiae_tRNA-Tyr-GTA-1-1	47	45
Saccharomyces_cerevisiae_tRNA-Tyr-GTA-1-1	48	46
Saccharomyces_cerevisiae_tRNA-Tyr-GTA-1-1	49	47
Saccharomyces_cerevisiae_tRNA-Tyr-GTA-1-1	50	48
Saccharomyces_cerevisiae_tRNA-Tyr-GTA-1-1	51	49
Saccharomyces_cerevisiae_tRNA-Tyr-GTA-1-1	52	50
Saccharomyces_cerevisiae_tRNA-Tyr-GTA-1-1	53	51
Saccharomyces_cerevisiae_tRNA-Tyr-GTA-1-1	54	52
Saccharomyces_cerevisiae_tRNA-Tyr-GTA-1-1	55	53
Saccharomyces_cerevisiae_tRNA-Tyr-GTA-1-1	56	54
Saccharomyces_cerevisiae_tRNA-Tyr-GTA-1-1	57	55
Saccharomyces_cerevisiae_tRNA-Tyr-GTA-1-1	58	56
Saccharomyces_cerevisiae_tRNA-Tyr-GTA-1-1	59	57
Saccharomyces_cerevisiae_tRNA-Tyr-GTA-1-1	60	58
Saccharomyces_cerevisiae_tRNA-Tyr-GTA-1-1	61	59
Saccharomyces_cerevisiae_tRNA-Tyr-GTA-1-1	62	60
Saccharomyces_cerevisiae_tRNA-Tyr-GTA-1-1	63	61
Saccharomyces_cerevisiae_tRNA-Tyr-GTA-1-1	64	62
Saccharomyces_cerevisiae_tRNA-Tyr-GTA-1-1	65	63
Saccharomyces_cerevisiae_tRNA-Tyr-GTA-1-1	66	64
Saccharomyces_cerevisiae_tRNA-Tyr-GTA-1-1	67	65
Saccharomyces_cerevisiae_tRNA-Tyr-GTA-1-1	68	66
Saccharomyces_cerevisiae_tRNA-Tyr-GTA-1-1	69	67
Saccharomyces_cerevisiae_tRNA-Tyr-GTA-1-1	70	68
Saccharomyces_cerevisiae_tRNA-Tyr-GTA-1-1	71	69
Saccharomyces_cerevisiae_tRNA-Tyr-GTA-1-1	72	70
Saccharomyces_cerevisiae_tRNA-Tyr-GTA-1-1	73	71
Saccharomyces_cerevisiae_tRNA-Tyr-GTA-1-1	74	72
Saccharomyces_cerevisiae_tRNA-Tyr-GTA-1-1	75	73
Saccharomyces_cerevisiae_tRNA-Tyr-GTA-1-1	76	74
Saccharomyces_cerevisiae_tRNA-Tyr-GTA-1-1	77	75
Saccharomyces_cerevisiae_tRNA-Tyr-GTA-1-1	78	76
Saccharomyces_cerevisiae_tRNA-Und-NNN-1-1	1	1
Saccharomyces_cerevisiae_tRNA-Und-NNN-1-1	2	2
Saccharomyces_cerevisiae_tRNA-Und-NNN-1-1	3	3
Saccharomyces_cerevisiae_tRNA-Und-NNN-1-1	4	4
Saccharomyces_cerevisiae_tRNA-Und-NNN-1-1	5	5
Saccharomyces_cerevisiae_tRNA-Und-NNN-1-1	6	6
Saccharomyces_cerevisiae_tRNA-Und-NNN-1-1	7	7
Saccharomyces_cerevisiae_tRNA-Und-NNN-1-1	8	8
Saccharomyces_cerevisiae_tRNA-Und-NNN-1-1	9	9
Saccharomyces_cerevisiae_tRNA-Und-NNN-1-1	10	10
Saccharomyces_cerevisiae_tRNA-Und-NNN-1-1	11	11
Saccharomyces_cerevisiae_tRNA-Und-NNN-1-1	12	12
Saccharomyces_cerevisiae_tRNA-Und-NNN-1-1	13	13
Saccharomyces_cerevisiae_tRNA-Und-NNN-1-1	14	14
Saccharomyces_cerevisiae_tRNA-Und-NNN-1-1	15	15
Saccharomyces_cerevisiae_tRNA-Und-NNN-1-1	16	16
Saccharomyces_cerevisiae_tRNA-Und-NNN-1-1	17	18
Saccharomyces_cerevisiae_tRNA-Und-NNN-1-1	18	19
Saccharomyces_cerevisiae_tRNA-Und-NNN-1-1	19	20
Saccharomyces_cerevisiae_tRNA-Und-NNN-1-1	20	20a
Saccharomyces_cerevisiae_tRNA-Und-NNN-1-1	21	21
Saccharomyces_cerevisiae_tRNA-Und-NNN-1-1	22	22
Saccharomyces_cerevisiae_tRNA-Und-NNN-1-1	23	23
Saccharomyces_cerevisiae_tRNA-Und-NNN-1-1	24	24
Saccharomyces_cerevisiae_tRNA-Und-NNN-1-1	25	25
Saccharomyces_cerevisiae_tRNA-Und-NNN-1-1	26	26
Saccharomyces_cerevisiae_tRNA-Und-NNN-1-1	27	27
Saccharomyces_cerevisiae_tRNA-Und-NNN-1-1	28	28
Saccharomyces_cerevisiae_tRNA-Und-NNN-1-1	29	29
Saccharomyces_cerevisiae_tRNA-Und-NNN-1-1	30	31
Saccharomyces_cerevisiae_tRNA-Und-NNN-1-1	31	32
Saccharomyces_cerevisiae_tRNA-Und-NNN-1-1	32	33
Saccharomyces_cerevisiae_tRNA-Und-NNN-1-1	33	34
Saccharomyces_cerevisiae_tRNA-Und-NNN-1-1	34	35
Saccharomyces_cerevisiae_tRNA-Und-NNN-1-1	35	36
Saccharomyces_cerevisiae_tRNA-Und-NNN-1-1	36	37
Saccharomyces_cerevisiae_tRNA-Und-NNN-1-1	37	38
Saccharomyces_cerevisiae_tRNA-Und-NNN-1-1	38	39
Saccharomyces_cerevisiae_tRNA-Und-NNN-1-1	39	40
Saccharomyces_cerevisiae_tRNA-Und-NNN-1-1	40	41
Saccharomyces_cerevisiae_tRNA-Und-NNN-1-1	41	42
Saccharomyces_cerevisiae_tRNA-Und-NNN-1-1	42	43
Saccharomyces_cerevisiae_tRNA-Und-NNN-1-1	43	44
Saccharomyces_cerevisiae_tRNA-Und-NNN-1-1	44	45
Saccharomyces_cerevisiae_tRNA-Und-NNN-1-1	45	V11
Saccharomyces_cerevisiae_tRNA-Und-NNN-1-1	46	V12
Saccharomyces_cerevisiae_tRNA-Und-NNN-1-1	47	V13
Saccharomyces_cerevisiae_tRNA-Und-NNN-1-1	48	V1
Saccharomyces_cerevisiae_tRNA-Und-NNN-1-1	49	V2
Saccharomyces_cerevisiae_tRNA-Und-NNN-1-1	50	V3
Saccharomyces_cerevisiae_tRNA-Und-NNN-1-1	51	V4
Saccharomyces_cerevisiae_tRNA-Und-NNN-1-1	52	V23
Saccharomyces_cerevisiae_tRNA-Und-NNN-1-1	53	V22
Saccharomyces_cerevisiae_tRNA-Und-NNN-1-1	54	V21
Saccharomyces_cerevisiae_tRNA-Und-NNN-1-1	55	46
Saccharomyces_cerevisiae_tRNA-Und-NNN-1-1	56	48
Saccharomyces_cerevisiae_tRNA-Und-NNN-1-1	57	49
Saccharomyces_cerevisiae_tRNA-Und-NNN-1-1	58	50
Saccharomyces_cerevisiae_tRNA-Und-NNN-1-1	59	51
Saccharomyces_cerevisiae_tRNA-Und-NNN-1-1	60	52
Saccharomyces_cerevisiae_tRNA-Und-NNN-1-1	61	53
Saccharomyces_cerevisiae_tRNA-Und-NNN-1-1	62	54
Saccharomyces_cerevisiae_tRNA-Und-NNN-1-1	63	55
Saccharomyces_cerevisiae_tRNA-Und-NNN-1-1	64	56
Saccharomyces_cerevisiae_tRNA-Und-NNN-1-1	65	57
Saccharomyces_cerevisiae_tRNA-Und-NNN-1-1	66	58
Saccharomyces_cerevisiae_tRNA-Und-NNN-1-1	67	59
Saccharomyces_cerevisiae_tRNA-Und-NNN-1-1	68	60
Saccharomyces_cerevisiae_tRNA-Und-NNN-1-1	69	61
Saccharomyces_cerevisiae_tRNA-Und-NNN-1-1	70	62
Saccharomyces_cerevisiae_tRNA-Und-NNN-1-1	71	63
Saccharomyces_cerevisiae_tRNA-Und-NNN-1-1	72	64
Saccharomyces_cerevisiae_tRNA-Und-NNN-1-1	73	65
Saccharomyces_cerevisiae_tRNA-Und-NNN-1-1	74	66
Saccharomyces_cerevisiae_tRNA-Und-NNN-1-1	75	67
Saccharomyces_cerevisiae_tRNA-Und-NNN-1-1	76	68
Saccharomyces_cerevisiae_tRNA-Und-NNN-1-1	77	69
Saccharomyces_cerevisiae_tRNA-Und-NNN-1-1	78	70
Saccharomyces_cerevisiae_tRNA-Und-NNN-1-1	79	71
Saccharomyces_cerevisiae_tRNA-Und-NNN-1-1	80	72
Saccharomyces_cerevisiae_tRNA-Und-NNN-1-1	81	73
Saccharomyces_cerevisiae_tRNA-Und-NNN-1-1	82	74
Saccharomyces_cerevisiae_tRNA-Und-NNN-1-1	83	75
Saccharomyces_cerevisiae_tRNA-Und-NNN-1-1	84	76
Saccharomyces_cerevisiae_tRNA-Val-AAC-1-1	1	1
Saccharomyces_cerevisiae_tRNA-Val-AAC-1-1	2	2
Saccharomyces_cerevisiae_tRNA-Val-AAC-1-1	3	3
Saccharomyces_cerevisiae_tRNA-Val-AAC-1-1	4	4
Saccharomyces_cerevisiae_tRNA-Val-AAC-1-1	5	5
Saccharomyces_cerevisiae_tRNA-Val-AAC-1-1	6	6
Saccharomyces_cerevisiae_tRNA-Val-AAC-1-1	7	7
Saccharomyces_cerevisiae_tRNA-Val-AAC-1-1	8	8
Saccharomyces_cerevisiae_tRNA-Val-AAC-1-1	9	9
Saccharomyces_cerevisiae_tRNA-Val-AAC-1-1	10	10
Saccharomyces_cerevisiae_tRNA-Val-AAC-1-1	11	11
Saccharomyces_cerevisiae_tRNA-Val-AAC-1-1	12	12
Saccharomyces_cerevisiae_tRNA-Val-AAC-1-1	13	13
Saccharomyces_cerevisiae_tRNA-Val-AAC-1-1	14	14
Saccharomyces_cerevisiae_tRNA-Val-AAC-1-1	15	15
Saccharomyces_cerevisiae_tRNA-Val-AAC-1-1	16	16
Saccharomyces_cerevisiae_tRNA-Val-AAC-1-1	17	17
Saccharomyces_cerevisiae_tRNA-Val-AAC-1-1	18	18
Saccharomyces_cerevisiae_tRNA-Val-AAC-1-1	19	19
Saccharomyces_cerevisiae_tRNA-Val-AAC-1-1	20	20
Saccharomyces_cerevisiae_tRNA-Val-AAC-1-1	21	20a
Saccharomyces_cerevisiae_tRNA-Val-AAC-1-1	22	21
Saccharomyces_cerevisiae_tRNA-Val-AAC-1-1	23	22
Saccharomyces_cerevisiae_tRNA-Val-AAC-1-1	24	23
Saccharomyces_cerevisiae_tRNA-Val-AAC-1-1	25	24
Saccharomyces_cerevisiae_tRNA-Val-AAC-1-1	26	25
Saccharomyces_cerevisiae_tRNA-Val-AAC-1-1	27	26
Saccharomyces_cerevisiae_tRNA-Val-AAC-1-1	28	27
Saccharomyces_cerevisiae_tRNA-Val-AAC-1-1	29	28
Saccharomyces_cerevisiae_tRNA-Val-AAC-1-1	30	29
Saccharomyces_cerevisiae_tRNA-Val-AAC-1-1	31	30
Saccharomyces_cerevisiae_tRNA-Val-AAC-1-1	32	31
Saccharomyces_cerevisiae_tRNA-Val-AAC-1-1	33	32
Saccharomyces_cerevisiae_tRNA-Val-AAC-1-1	34	33
Saccharomyces_cerevisiae_tRNA-Val-AAC-1-1	35	34
Saccharomyces_cerevisiae_tRNA-Val-AAC-1-1	36	35
Saccharomyces_cerevisiae_tRNA-Val-AAC-1-1	37	36
Saccharomyces_cerevisiae_tRNA-Val-AAC-1-1	38	37
Saccharomyces_cerevisiae_tRNA-Val-AAC-1-1	39	38
Saccharomyces_cerevisiae_tRNA-Val-AAC-1-1	40	39
Saccharomyces_cerevisiae_tRNA-Val-AAC-1-1	41	40
Saccharomyces_cerevisiae_tRNA-Val-AAC-1-1	42	41
Saccharomyces_cerevisiae_tRNA-Val-AAC-1-1	43	42
Saccharomyces_cerevisiae_tRNA-Val-AAC-1-1	44	43
Saccharomyces_cerevisiae_tRNA-Val-AAC-1-1	45	44
Saccharomyces_cerevisiae_tRNA-Val-AAC-1-1	46	45
Saccharomyces_cerevisiae_tRNA-Val-AAC-1-1	47	46
Saccharomyces_cerevisiae_tRNA-Val-AAC-1-1	48	47
Saccharomyces_cerevisiae_tRNA-Val-AAC-1-1	49	48
Saccharomyces_cerevisiae_tRNA-Val-AAC-1-1	50	49
Saccharomyces_cerevisiae_tRNA-Val-AAC-1-1	51	50
Saccharomyces_cerevisiae_tRNA-Val-AAC-1-1	52	51
Saccharomyces_cerevisiae_tRNA-Val-AAC-1-1	53	52
Saccharomyces_cerevisiae_tRNA-Val-AAC-1-1	54	53
Saccharomyces_cerevisiae_tRNA-Val-AAC-1-1	55	54
Saccharomyces_cerevisiae_tRNA-Val-AAC-1-1	56	55
Saccharomyces_cerevisiae_tRNA-Val-AAC-1-1	57	56
Saccharomyces_cerevisiae_tRNA-Val-AAC-1-1	58	57
Saccharomyces_cerevisiae_tRNA-Val-AAC-1-1	59	58
Saccharomyces_cerevisiae_tRNA-Val-AAC-1-1	60	59
Saccharomyces_cerevisiae_tRNA-Val-AAC-1-1	61	60
Saccharomyces_cerevisiae_tRNA-Val-AAC-1-1	62	61
Saccharomyces_cerevisiae_tRNA-Val-AAC-1-1	63	62
Saccharomyces_cerevisiae_tRNA-Val-AAC-1-1	64	63
Saccharomyces_cerevisiae_tRNA-Val-AAC-1-1	65	64
Saccharomyces_cerevisiae_tRNA-Val-AAC-1-1	66	65
Saccharomyces_cerevisiae_tRNA-Val-AAC-1-1	67	66
Saccharomyces_cerevisiae_tRNA-Val-AAC-1-1	68	67
Saccharomyces_cerevisiae_tRNA-Val-AAC-1-1	69	68
Saccharomyces_cerevisiae_tRNA-Val-AAC-1-1	70	69
Saccharomyces_cerevisiae_tRNA-Val-AAC-1-1	71	70
Saccharomyces_cerevisiae_tRNA-Val-AAC-1-1	72	71
Saccharomyces_cerevisiae_tRNA-Val-AAC-1-1	73	72
Saccharomyces_cerevisiae_tRNA-Val-AAC-1-1	74	73
Saccharomyces_cerevisiae_tRNA-Val-AAC-1-1	75	74
Saccharomyces_cerevisiae_tRNA-Val-AAC-1-1	76	75
Saccharomyces_cerevisiae_tRNA-Val-AAC-1-1	77	76
Saccharomyces_cerevisiae_tRNA-Val-AAC-2-1	1	1
Saccharomyces_cerevisiae_tRNA-Val-AAC-2-1	2	2
Saccharomyces_cerevisiae_tRNA-Val-AAC-2-1	3	3
Saccharomyces_cerevisiae_tRNA-Val-AAC-2-1	4	4
Saccharomyces_cerevisiae_tRNA-Val-AAC-2-1	5	5
Saccharomyces_cerevisiae_tRNA-Val-AAC-2-1	6	6
Saccharomyces_cerevisiae_tRNA-Val-AAC-2-1	7	7
Saccharomyces_cerevisiae_tRNA-Val-AAC-2-1	8	8
Saccharomyces_cerevisiae_tRNA-Val-AAC-2-1	9	9
Saccharomyces_cerevisiae_tRNA-Val-AAC-2-1	10	10
Saccharomyces_cerevisiae_tRNA-Val-AAC-2-1	11	11
Saccharomyces_cerevisiae_tRNA-Val-AAC-2-1	12	12
Saccharomyces_cerevisiae_tRNA-Val-AAC-2-1	13	13
Saccharomyces_cerevisiae_tRNA-Val-AAC-2-1	14	14
Saccharomyces_cerevisiae_tRNA-Val-AAC-2-1	15	15
Saccharomyces_cerevisiae_tRNA-Val-AAC-2-1	16	16
Saccharomyces_cerevisiae_tRNA-Val-AAC-2-1	17	17
Saccharomyces_cerevisiae_tRNA-Val-AAC-2-1	18	18
Saccharomyces_cerevisiae_tRNA-Val-AAC-2-1	19	19
Saccharomyces_cerevisiae_tRNA-Val-AAC-2-1	20	20
Saccharomyces_cerevisiae_tRNA-Val-AAC-2-1	21	20a
Saccharomyces_cerevisiae_tRNA-Val-AAC-2-1	22	21
Saccharomyces_cerevisiae_tRNA-Val-AAC-2-1	23	22
Saccharomyces_cerevisiae_tRNA-Val-AAC-2-1	24	23
Saccharomyces_cerevisiae_tRNA-Val-AAC-2-1	25	24
Saccharomyces_cerevisiae_tRNA-Val-AAC-2-1	26	25
Saccharomyces_cerevisiae_tRNA-Val-AAC-2-1	27	26
Saccharomyces_cerevisiae_tRNA-Val-AAC-2-1	28	27
Saccharomyces_cerevisiae_tRNA-Val-AAC-2-1	29	28
Saccharomyces_cerevisiae_tRNA-Val-AAC-2-1	30	29
Saccharomyces_cerevisiae_tRNA-Val-AAC-2-1	31	30
Saccharomyces_cerevisiae_tRNA-Val-AAC-2-1	32	31
Saccharomyces_cerevisiae_tRNA-Val-AAC-2-1	33	32
Saccharomyces_cerevisiae_tRNA-Val-AAC-2-1	34	33
Saccharomyces_cerevisiae_tRNA-Val-AAC-2-1	35	34
Saccharomyces_cerevisiae_tRNA-Val-AAC-2-1	36	35
Saccharomyces_cerevisiae_tRNA-Val-AAC-2-1	37	36
Saccharomyces_cerevisiae_tRNA-Val-AAC-2-1	38	37
Saccharomyces_cerevisiae_tRNA-Val-AAC-2-1	39	38
Saccharomyces_cerevisiae_tRNA-Val-AAC-2-1	40	39
Saccharomyces_cerevisiae_tRNA-Val-AAC-2-1	41	40
Saccharomyces_cerevisiae_tRNA-Val-AAC-2-1	42	41
Saccharomyces_cerevisiae_tRNA-Val-AAC-2-1	43	42
Saccharomyces_cerevisiae_tRNA-Val-AAC-2-1	44	43
Saccharomyces_cerevisiae_tRNA-Val-AAC-2-1	45	44
Saccharomyces_cerevisiae_tRNA-Val-AAC-2-1	46	45
Saccharomyces_cerevisiae_tRNA-Val-AAC-2-1	47	46
Saccharomyces_cerevisiae_tRNA-Val-AAC-2-1	48	47
Saccharomyces_cerevisiae_tRNA-Val-AAC-2-1	49	48
Saccharomyces_cerevisiae_tRNA-Val-AAC-2-1	50	49
Saccharomyces_cerevisiae_tRNA-Val-AAC-2-1	51	50
Saccharomyces_cerevisiae_tRNA-Val-AAC-2-1	52	51
Saccharomyces_cerevisiae_tRNA-Val-AAC-2-1	53	52
Saccharomyces_cerevisiae_tRNA-Val-AAC-2-1	54	53
Saccharomyces_cerevisiae_tRNA-Val-AAC-2-1	55	54
Saccharomyces_cerevisiae_tRNA-Val-AAC-2-1	56	55
Saccharomyces_cerevisiae_tRNA-Val-AAC-2-1	57	56
Saccharomyces_cerevisiae_tRNA-Val-AAC-2-1	58	57
Saccharomyces_cerevisiae_tRNA-Val-AAC-2-1	59	58
Saccharomyces_cerevisiae_tRNA-Val-AAC-2-1	60	59
Saccharomyces_cerevisiae_tRNA-Val-AAC-2-1	61	60
Saccharomyces_cerevisiae_tRNA-Val-AAC-2-1	62	61
Saccharomyces_cerevisiae_tRNA-Val-AAC-2-1	63	62
Saccharomyces_cerevisiae_tRNA-Val-AAC-2-1	64	63
Saccharomyces_cerevisiae_tRNA-Val-AAC-2-1	65	64
Saccharomyces_cerevisiae_tRNA-Val-AAC-2-1	66	65
Saccharomyces_cerevisiae_tRNA-Val-AAC-2-1	67	66
Saccharomyces_cerevisiae_tRNA-Val-AAC-2-1	68	67
Saccharomyces_cerevisiae_tRNA-Val-AAC-2-1	69	68
Saccharomyces_cerevisiae_tRNA-Val-AAC-2-1	70	69
Saccharomyces_cerevisiae_tRNA-Val-AAC-2-1	71	70
Saccharomyces_cerevisiae_tRNA-Val-AAC-2-1	72	71
Saccharomyces_cerevisiae_tRNA-Val-AAC-2-1	73	72
Saccharomyces_cerevisiae_tRNA-Val-AAC-2-1	74	73
Saccharomyces_cerevisiae_tRNA-Val-AAC-2-1	75	74
Saccharomyces_cerevisiae_tRNA-Val-AAC-2-1	76	75
Saccharomyces_cerevisiae_tRNA-Val-AAC-2-1	77	76
Saccharomyces_cerevisiae_tRNA-Val-CAC-1-1	1	1
Saccharomyces_cerevisiae_tRNA-Val-CAC-1-1	2	2
Saccharomyces_cerevisiae_tRNA-Val-CAC-1-1	3	3
Saccharomyces_cerevisiae_tRNA-Val-CAC-1-1	4	4
Saccharomyces_cerevisiae_tRNA-Val-CAC-1-1	5	5
Saccharomyces_cerevisiae_tRNA-Val-CAC-1-1	6	6
Saccharomyces_cerevisiae_tRNA-Val-CAC-1-1	7	7
Saccharomyces_cerevisiae_tRNA-Val-CAC-1-1	8	8
Saccharomyces_cerevisiae_tRNA-Val-CAC-1-1	9	9
Saccharomyces_cerevisiae_tRNA-Val-CAC-1-1	10	10
Saccharomyces_cerevisiae_tRNA-Val-CAC-1-1	11	11
Saccharomyces_cerevisiae_tRNA-Val-CAC-1-1	12	12
Saccharomyces_cerevisiae_tRNA-Val-CAC-1-1	13	13
Saccharomyces_cerevisiae_tRNA-Val-CAC-1-1	14	14
Saccharomyces_cerevisiae_tRNA-Val-CAC-1-1	15	15
Saccharomyces_cerevisiae_tRNA-Val-CAC-1-1	16	16
Saccharomyces_cerevisiae_tRNA-Val-CAC-1-1	17	18
Saccharomyces_cerevisiae_tRNA-Val-CAC-1-1	18	19
Saccharomyces_cerevisiae_tRNA-Val-CAC-1-1	19	20
Saccharomyces_cerevisiae_tRNA-Val-CAC-1-1	20	20a
Saccharomyces_cerevisiae_tRNA-Val-CAC-1-1	21	21
Saccharomyces_cerevisiae_tRNA-Val-CAC-1-1	22	22
Saccharomyces_cerevisiae_tRNA-Val-CAC-1-1	23	23
Saccharomyces_cerevisiae_tRNA-Val-CAC-1-1	24	24
Saccharomyces_cerevisiae_tRNA-Val-CAC-1-1	25	25
Saccharomyces_cerevisiae_tRNA-Val-CAC-1-1	26	26
Saccharomyces_cerevisiae_tRNA-Val-CAC-1-1	27	27
Saccharomyces_cerevisiae_tRNA-Val-CAC-1-1	28	28
Saccharomyces_cerevisiae_tRNA-Val-CAC-1-1	29	29
Saccharomyces_cerevisiae_tRNA-Val-CAC-1-1	30	30
Saccharomyces_cerevisiae_tRNA-Val-CAC-1-1	31	31
Saccharomyces_cerevisiae_tRNA-Val-CAC-1-1	32	32
Saccharomyces_cerevisiae_tRNA-Val-CAC-1-1	33	33
Saccharomyces_cerevisiae_tRNA-Val-CAC-1-1	34	34
Saccharomyces_cerevisiae_tRNA-Val-CAC-1-1	35	35
Saccharomyces_cerevisiae_tRNA-Val-CAC-1-1	36	36
Saccharomyces_cerevisiae_tRNA-Val-CAC-1-1	37	37
Saccharomyces_cerevisiae_tRNA-Val-CAC-1-1	38	38
Saccharomyces_cerevisiae_tRNA-Val-CAC-1-1	39	39
Saccharomyces_cerevisiae_tRNA-Val-CAC-1-1	40	40
Saccharomyces_cerevisiae_tRNA-Val-CAC-1-1	41	41
Saccharomyces_cerevisiae_tRNA-Val-CAC-1-1	42	42
Saccharomyces_cerevisiae_tRNA-Val-CAC-1-1	43	43
Saccharomyces_cerevisiae_tRNA-Val-CAC-1-1	44	44
Saccharomyces_cerevisiae_tRNA-Val-CAC-1-1	45	45
Saccharomyces_cerevisiae_tRNA-Val-CAC-1-1	46	46
Saccharomyces_cerevisiae_tRNA-Val-CAC-1-1	47	47
Saccharomyces_cerevisiae_tRNA-Val-CAC-1-1	48	48
Saccharomyces_cerevisiae_tRNA-Val-CAC-1-1	49	49
Saccharomyces_cerevisiae_tRNA-Val-CAC-1-1	50	50
Saccharomyces_cerevisiae_tRNA-Val-CAC-1-1	51	51
Saccharomyces_cerevisiae_tRNA-Val-CAC-1-1	52	52
Saccharomyces_cerevisiae_tRNA-Val-CAC-1-1	53	53
Saccharomyces_cerevisiae_tRNA-Val-CAC-1-1	54	54
Saccharomyces_cerevisiae_tRNA-Val-CAC-1-1	55	55
Saccharomyces_cerevisiae_tRNA-Val-CAC-1-1	56	56
Saccharomyces_cerevisiae_tRNA-Val-CAC-1-1	57	57
Saccharomyces_cerevisiae_tRNA-Val-CAC-1-1	58	58
Saccharomyces_cerevisiae_tRNA-Val-CAC-1-1	59	59
Saccharomyces_cerevisiae_tRNA-Val-CAC-1-1	60	60
Saccharomyces_cerevisiae_tRNA-Val-CAC-1-1	61	61
Saccharomyces_cerevisiae_tRNA-Val-CAC-1-1	62	62
Saccharomyces_cerevisiae_tRNA-Val-CAC-1-1	63	63
Saccharomyces_cerevisiae_tRNA-Val-CAC-1-1	64	64
Saccharomyces_cerevisiae_tRNA-Val-CAC-1-1	65	65
Saccharomyces_cerevisiae_tRNA-Val-CAC-1-1	66	66
Saccharomyces_cerevisiae_tRNA-Val-CAC-1-1	67	67
Saccharomyces_cerevisiae_tRNA-Val-CAC-1-1	68	68
Saccharomyces_cerevisiae_tRNA-Val-CAC-1-1	69	69
Saccharomyces_cerevisiae_tRNA-Val-CAC-1-1	70	70
Saccharomyces_cerevisiae_tRNA-Val-CAC-1-1	71	71
Saccharomyces_cerevisiae_tRNA-Val-CAC-1-1	72	72
Saccharomyces_cerevisiae_tRNA-Val-CAC-1-1	73	73
Saccharomyces_cerevisiae_tRNA-Val-CAC-1-1	74	74
Saccharomyces_cerevisiae_tRNA-Val-CAC-1-1	75	75
Saccharomyces_cerevisiae_tRNA-Val-CAC-1-1	76	76
Saccharomyces_cerevisiae_tRNA-Val-TAC-1-1	1	1
Saccharomyces_cerevisiae_tRNA-Val-TAC-1-1	2	2
Saccharomyces_cerevisiae_tRNA-Val-TAC-1-1	3	3
Saccharomyces_cerevisiae_tRNA-Val-TAC-1-1	4	4
Saccharomyces_cerevisiae_tRNA-Val-TAC-1-1	5	5
Saccharomyces_cerevisiae_tRNA-Val-TAC-1-1	6	6
Saccharomyces_cerevisiae_tRNA-Val-TAC-1-1	7	7
Saccharomyces_cerevisiae_tRNA-Val-TAC-1-1	8	8
Saccharomyces_cerevisiae_tRNA-Val-TAC-1-1	9	9
Saccharomyces_cerevisiae_tRNA-Val-TAC-1-1	10	10
Saccharomyces_cerevisiae_tRNA-Val-TAC-1-1	11	11
Saccharomyces_cerevisiae_tRNA-Val-TAC-1-1	12	12
Saccharomyces_cerevisiae_tRNA-Val-TAC-1-1	13	13
Saccharomyces_cerevisiae_tRNA-Val-TAC-1-1	14	14
Saccharomyces_cerevisiae_tRNA-Val-TAC-1-1	15	15
Saccharomyces_cerevisiae_tRNA-Val-TAC-1-1	16	16
Saccharomyces_cerevisiae_tRNA-Val-TAC-1-1	17	18
Saccharomyces_cerevisiae_tRNA-Val-TAC-1-1	18	19
Saccharomyces_cerevisiae_tRNA-Val-TAC-1-1	19	20
Saccharomyces_cerevisiae_tRNA-Val-TAC-1-1	20	20a
Saccharomyces_cerevisiae_tRNA-Val-TAC-1-1	21	20b
Saccharomyces_cerevisiae_tRNA-Val-TAC-1-1	22	21
Saccharomyces_cerevisiae_tRNA-Val-TAC-1-1	23	22
Saccharomyces_cerevisiae_tRNA-Val-TAC-1-1	24	23
Saccharomyces_cerevisiae_tRNA-Val-TAC-1-1	25	24
Saccharomyces_cerevisiae_tRNA-Val-TAC-1-1	26	25
Saccharomyces_cerevisiae_tRNA-Val-TAC-1-1	27	26
Saccharomyces_cerevisiae_tRNA-Val-TAC-1-1	28	27
Saccharomyces_cerevisiae_tRNA-Val-TAC-1-1	29	28
Saccharomyces_cerevisiae_tRNA-Val-TAC-1-1	30	29
Saccharomyces_cerevisiae_tRNA-Val-TAC-1-1	31	30
Saccharomyces_cerevisiae_tRNA-Val-TAC-1-1	32	31
Saccharomyces_cerevisiae_tRNA-Val-TAC-1-1	33	32
Saccharomyces_cerevisiae_tRNA-Val-TAC-1-1	34	33
Saccharomyces_cerevisiae_tRNA-Val-TAC-1-1	35	34
Saccharomyces_cerevisiae_tRNA-Val-TAC-1-1	36	35
Saccharomyces_cerevisiae_tRNA-Val-TAC-1-1	37	36
Saccharomyces_cerevisiae_tRNA-Val-TAC-1-1	38	37
Saccharomyces_cerevisiae_tRNA-Val-TAC-1-1	39	38
Saccharomyces_cerevisiae_tRNA-Val-TAC-1-1	40	39
Saccharomyces_cerevisiae_tRNA-Val-TAC-1-1	41	40
Saccharomyces_cerevisiae_tRNA-Val-TAC-1-1	42	41
Saccharomyces_cerevisiae_tRNA-Val-TAC-1-1	43	42
Saccharomyces_cerevisiae_tRNA-Val-TAC-1-1	44	43
Saccharomyces_cerevisiae_tRNA-Val-TAC-1-1	45	44
Saccharomyces_cerevisiae_tRNA-Val-TAC-1-1	46	45
Saccharomyces_cerevisiae_tRNA-Val-TAC-1-1	47	46
Saccharomyces_cerevisiae_tRNA-Val-TAC-1-1	48	47
Saccharomyces_cerevisiae_tRNA-Val-TAC-1-1	49	48
Saccharomyces_cerevisiae_tRNA-Val-TAC-1-1	50	49
Saccharomyces_cerevisiae_tRNA-Val-TAC-1-1	51	50
Saccharomyces_cerevisiae_tRNA-Val-TAC-1-1	52	51
Saccharomyces_cerevisiae_tRNA-Val-TAC-1-1	53	52
Saccharomyces_cerevisiae_tRNA-Val-TAC-1-1	54	53
Saccharomyces_cerevisiae_tRNA-Val-TAC-1-1	55	54
Saccharomyces_cerevisiae_tRNA-Val-TAC-1-1	56	55
Saccharomyces_cerevisiae_tRNA-Val-TAC-1-1	57	56
Saccharomyces_cerevisiae_tRNA-Val-TAC-1-1	58	57
Saccharomyces_cerevisiae_tRNA-Val-TAC-1-1	59	58
Saccharomyces_cerevisiae_tRNA-Val-TAC-1-1	60	59
Saccharomyces_cerevisiae_tRNA-Val-TAC-1-1	61	60
Saccharomyces_cerevisiae_tRNA-Val-TAC-1-1	62	61
Saccharomyces_cerevisiae_tRNA-Val-TAC-1-1	63	62
Saccharomyces_cerevisiae_tRNA-Val-TAC-1-1	64	63
Saccharomyces_cerevisiae_tRNA-Val-TAC-1-1	65	64
Saccharomyces_cerevisiae_tRNA-Val-TAC-1-1	66	65
Saccharomyces_cerevisiae_tRNA-Val-TAC-1-1	67	66
Saccharomyces_cerevisiae_tRNA-Val-TAC-1-1	68	67
Saccharomyces_cerevisiae_tRNA-Val-TAC-1-1	69	68
Saccharomyces_cerevisiae_tRNA-Val-TAC-1-1	70	69
Saccharomyces_cerevisiae_tRNA-Val-TAC-1-1	71	70
Saccharomyces_cerevisiae_tRNA-Val-TAC-1-1	72	71
Saccharomyces_cerevisiae_tRNA-Val-TAC-1-1	73	72
Saccharomyces_cerevisiae_tRNA-Val-TAC-1-1	74	73
Saccharomyces_cerevisiae_tRNA-Val-TAC-1-1	75	74
Saccharomyces_cerevisiae_tRNA-Val-TAC-1-1	76	75
Saccharomyces_cerevisiae_tRNA-Val-TAC-1-1	77	76
Saccharomyces_cerevisiae_tRNA-iMet-CAT-1-1	1	1
Saccharomyces_cerevisiae_tRNA-iMet-CAT-1-1	2	2
Saccharomyces_cerevisiae_tRNA-iMet-CAT-1-1	3	3
Saccharomyces_cerevisiae_tRNA-iMet-CAT-1-1	4	4
Saccharomyces_cerevisiae_tRNA-iMet-CAT-1-1	5	5
Saccharomyces_cerevisiae_tRNA-iMet-CAT-1-1	6	6
Saccharomyces_cerevisiae_tRNA-iMet-CAT-1-1	7	7
Saccharomyces_cerevisiae_tRNA-iMet-CAT-1-1	8	8
Saccharomyces_cerevisiae_tRNA-iMet-CAT-1-1	9	9
Saccharomyces_cerevisiae_tRNA-iMet-CAT-1-1	10	10
Saccharomyces_cerevisiae_tRNA-iMet-CAT-1-1	11	11
Saccharomyces_cerevisiae_tRNA-iMet-CAT-1-1	12	12
Saccharomyces_cerevisiae_tRNA-iMet-CAT-1-1	13	13
Saccharomyces_cerevisiae_tRNA-iMet-CAT-1-1	14	14
Saccharomyces_cerevisiae_tRNA-iMet-CAT-1-1	15	15
Saccharomyces_cerevisiae_tRNA-iMet-CAT-1-1	16	16
Saccharomyces_cerevisiae_tRNA-iMet-CAT-1-1	17	18
Saccharomyces_cerevisiae_tRNA-iMet-CAT-1-1	18	19
Saccharomyces_cerevisiae_tRNA-iMet-CAT-1-1	19	20
Saccharomyces_cerevisiae_tRNA-iMet-CAT-1-1	20	21
Saccharomyces_cerevisiae_tRNA-iMet-CAT-1-1	21	22
Saccharomyces_cerevisiae_tRNA-iMet-CAT-1-1	22	23
Saccharomyces_cerevisiae_tRNA-iMet-CAT-1-1	23	24
Saccharomyces_cerevisiae_tRNA-iMet-CAT-1-1	24	25
Saccharomyces_cerevisiae_tRNA-iMet-CAT-1-1	25	26
Saccharomyces_cerevisiae_tRNA-iMet-CAT-1-1	26	27
Saccharomyces_cerevisiae_tRNA-iMet-CAT-1-1	27	28
Saccharomyces_cerevisiae_tRNA-iMet-CAT-1-1	28	29
Saccharomyces_cerevisiae_tRNA-iMet-CAT-1-1	29	30
Saccharomyces_cerevisiae_tRNA-iMet-CAT-1-1	30	31
Saccharomyces_cerevisiae_tRNA-iMet-CAT-1-1	31	32
Saccharomyces_cerevisiae_tRNA-iMet-CAT-1-1	32	33
Saccharomyces_cerevisiae_tRNA-iMet-CAT-1-1	33	34
Saccharomyces_cerevisiae_tRNA-iMet-CAT-1-1	34	35
Saccharomyces_cerevisiae_tRNA-iMet-CAT-1-1	35	36
Saccharomyces_cerevisiae_tRNA-iMet-CAT-1-1	36	37
Saccharomyces_cerevisiae_tRNA-iMet-CAT-1-1	37	38
Saccharomyces_cerevisiae_tRNA-iMet-CAT-1-1	38	39
Saccharomyces_cerevisiae_tRNA-iMet-CAT-1-1	39	40
Saccharomyces_cerevisiae_tRNA-iMet-CAT-1-1	40	41
Saccharomyces_cerevisiae_tRNA-iMet-CAT-1-1	41	42
Saccharomyces_cerevisiae_tRNA-iMet-CAT-1-1	42	43
Saccharomyces_cerevisiae_tRNA-iMet-CAT-1-1	43	44
Saccharomyces_cerevisiae_tRNA-iMet-CAT-1-1	44	45
Saccharomyces_cerevisiae_tRNA-iMet-CAT-1-1	45	46
Saccharomyces_cerevisiae_tRNA-iMet-CAT-1-1	46	47
Saccharomyces_cerevisiae_tRNA-iMet-CAT-1-1	47	48
Saccharomyces_cerevisiae_tRNA-iMet-CAT-1-1	48	49
Saccharomyces_cerevisiae_tRNA-iMet-CAT-1-1	49	50
Saccharomyces_cerevisiae_tRNA-iMet-CAT-1-1	50	51
Saccharomyces_cerevisiae_tRNA-iMet-CAT-1-1	51	52
Saccharomyces_cerevisiae_tRNA-iMet-CAT-1-1	52	53
Saccharomyces_cerevisiae_tRNA-iMet-CAT-1-1	53	54
Saccharomyces_cerevisiae_tRNA-iMet-CAT-1-1	54	55
Saccharomyces_cerevisiae_tRNA-iMet-CAT-1-1	55	56
Saccharomyces_cerevisiae_tRNA-iMet-CAT-1-1	56	57
Saccharomyces_cerevisiae_tRNA-iMet-CAT-1-1	57	58
Saccharomyces_cerevisiae_tRNA-iMet-CAT-1-1	58	59
Saccharomyces_cerevisiae_tRNA-iMet-CAT-1-1	59	60
Saccharomyces_cerevisiae_tRNA-iMet-CAT-1-1	60	61
Saccharomyces_cerevisiae_tRNA-iMet-CAT-1-1	61	62
Saccharomyces_cerevisiae_tRNA-iMet-CAT-1-1	62	63
Saccharomyces_cerevisiae_tRNA-iMet-CAT-1-1	63	64
Saccharomyces_cerevisiae_tRNA-iMet-CAT-1-1	64	65
Saccharomyces_cerevisiae_tRNA-iMet-CAT-1-1	65	66
Saccharomyces_cerevisiae_tRNA-iMet-CAT-1-1	66	67
Saccharomyces_cerevisiae_tRNA-iMet-CAT-1-1	67	68
Saccharomyces_cerevisiae_tRNA-iMet-CAT-1-1	68	69
Saccharomyces_cerevisiae_tRNA-iMet-CAT-1-1	69	70
Saccharomyces_cerevisiae_tRNA-iMet-CAT-1-1	70	71
Saccharomyces_cerevisiae_tRNA-iMet-CAT-1-1	71	72
Saccharomyces_cerevisiae_tRNA-iMet-CAT-1-1	72	73
Saccharomyces_cerevisiae_tRNA-iMet-CAT-1-1	73	74
Saccharomyces_cerevisiae_tRNA-iMet-CAT-1-1	74	75
Saccharomyces_cerevisiae_tRNA-iMet-CAT-1-1	75	76
Saccharomyces_cerevisiae_mito_AlaTCG_tRNAscan	1	1
Saccharomyces_cerevisiae_mito_AlaTCG_tRNAscan	2	2
Saccharomyces_cerevisiae_mito_AlaTCG_tRNAscan	3	3
Saccharomyces_cerevisiae_mito_AlaTCG_tRNAscan	4	4
Saccharomyces_cerevisiae_mito_AlaTCG_tRNAscan	5	5
Saccharomyces_cerevisiae_mito_AlaTCG_tRNAscan	6	6
Saccharomyces_cerevisiae_mito_AlaTCG_tRNAscan	7	7
Saccharomyces_cerevisiae_mito_AlaTCG_tRNAscan	8	8
Saccharomyces_cerevisiae_mito_AlaTCG_tRNAscan	9	9
Saccharomyces_cerevisiae_mito_AlaTCG_tRNAscan	10	10
Saccharomyces_cerevisiae_mito_AlaTCG_tRNAscan	11	11
Saccharomyces_cerevisiae_mito_AlaTCG_tRNAscan	12	12
Saccharomyces_cerevisiae_mito_AlaTCG_tRNAscan	13	13
Saccharomyces_cerevisiae_mito_AlaTCG_tRNAscan	14	14
Saccharomyces_cerevisiae_mito_AlaTCG_tRNAscan	15	15
Saccharomyces_cerevisiae_mito_AlaTCG_tRNAscan	16	16
Saccharomyces_cerevisiae_mito_AlaTCG_tRNAscan	17	17
Saccharomyces_cerevisiae_mito_AlaTCG_tRNAscan	18	17a
Saccharomyces_cerevisiae_mito_AlaTCG_tRNAscan	19	18
Saccharomyces_cerevisiae_mito_AlaTCG_tRNAscan	20	19
Saccharomyces_cerevisiae_mito_AlaTCG_tRNAscan	21	20
Saccharomyces_cerevisiae_mito_AlaTCG_tRNAscan	22	21
Saccharomyces_cerevisiae_mito_AlaTCG_tRNAscan	23	22
Saccharomyces_cerevisiae_mito_AlaTCG_tRNAscan	24	23
Saccharomyces_cerevisiae_mito_AlaTCG_tRNAscan	25	24
Saccharomyces_cerevisiae_mito_AlaTCG_tRNAscan	26	25
Saccharomyces_cerevisiae_mito_AlaTCG_tRNAscan	27	26
Saccharomyces_cerevisiae_mito_AlaTCG_tRNAscan	28	27
Saccharomyces_cerevisiae_mito_AlaTCG_tRNAscan	29	28
Saccharomyces_cerevisiae_mito_AlaTCG_tRNAscan	30	29
Saccharomyces_cerevisiae_mito_AlaTCG_tRNAscan	31	30
Saccharomyces_cerevisiae_mito_AlaTCG_tRNAscan	32	31
Saccharomyces_cerevisiae_mito_AlaTCG_tRNAscan	33	32
Saccharomyces_cerevisiae_mito_AlaTCG_tRNAscan	34	33
Saccharomyces_cerevisiae_mito_AlaTCG_tRNAscan	35	34
Saccharomyces_cerevisiae_mito_AlaTCG_tRNAscan	36	35
Saccharomyces_cerevisiae_mito_AlaTCG_tRNAscan	37	36
Saccharomyces_cerevisiae_mito_AlaTCG_tRNAscan	38	37
Saccharomyces_cerevisiae_mito_AlaTCG_tRNAscan	39	38
Saccharomyces_cerevisiae_mito_AlaTCG_tRNAscan	40	39
Saccharomyces_cerevisiae_mito_AlaTCG_tRNAscan	41	40
Saccharomyces_cerevisiae_mito_AlaTCG_tRNAscan	42	41
Saccharomyces_cerevisiae_mito_AlaTCG_tRNAscan	43	42
Saccharomyces_cerevisiae_mito_AlaTCG_tRNAscan	44	43
Saccharomyces_cerevisiae_mito_AlaTCG_tRNAscan	45	44
Saccharomyces_cerevisiae_mito_AlaTCG_tRNAscan	46	45
Saccharomyces_cerevisiae_mito_AlaTCG_tRNAscan	47	46
Saccharomyces_cerevisiae_mito_AlaTCG_tRNAscan	48	48
Saccharomyces_cerevisiae_mito_AlaTCG_tRNAscan	49	49
Saccharomyces_cerevisiae_mito_AlaTCG_tRNAscan	50	50
Saccharomyces_cerevisiae_mito_AlaTCG_tRNAscan	51	51
Saccharomyces_cerevisiae_mito_AlaTCG_tRNAscan	52	52
Saccharomyces_cerevisiae_mito_AlaTCG_tRNAscan	53	53
Saccharomyces_cerevisiae_mito_AlaTCG_tRNAscan	54	54
Saccharomyces_cerevisiae_mito_AlaTCG_tRNAscan	55	55
Saccharomyces_cerevisiae_mito_AlaTCG_tRNAscan	56	56
Saccharomyces_cerevisiae_mito_AlaTCG_tRNAscan	57	57
Saccharomyces_cerevisiae_mito_AlaTCG_tRNAscan	58	58
Saccharomyces_cerevisiae_mito_AlaTCG_tRNAscan	59	59
Saccharomyces_cerevisiae_mito_AlaTCG_tRNAscan	60	60
Saccharomyces_cerevisiae_mito_AlaTCG_tRNAscan	61	61
Saccharomyces_cerevisiae_mito_AlaTCG_tRNAscan	62	62
Saccharomyces_cerevisiae_mito_AlaTCG_tRNAscan	63	63
Saccharomyces_cerevisiae_mito_AlaTCG_tRNAscan	64	64
Saccharomyces_cerevisiae_mito_AlaTCG_tRNAscan	65	65
Saccharomyces_cerevisiae_mito_AlaTCG_tRNAscan	66	66
Saccharomyces_cerevisiae_mito_AlaTCG_tRNAscan	67	67
Saccharomyces_cerevisiae_mito_AlaTCG_tRNAscan	68	68
Saccharomyces_cerevisiae_mito_AlaTCG_tRNAscan	69	69
Saccharomyces_cerevisiae_mito_AlaTCG_tRNAscan	70	70
Saccharomyces_cerevisiae_mito_AlaTCG_tRNAscan	71	71
Saccharomyces_cerevisiae_mito_AlaTCG_tRNAscan	72	72
Saccharomyces_cerevisiae_mito_AlaTCG_tRNAscan	73	73
Saccharomyces_cerevisiae_mito_AlaTCG_tRNAscan	74	74
Saccharomyces_cerevisiae_mito_AlaTCG_tRNAscan	75	75
Saccharomyces_cerevisiae_mito_AlaTCG_tRNAscan	76	76
Saccharomyces_cerevisiae_mito_ArgACG_modomics	1	1
Saccharomyces_cerevisiae_mito_ArgACG_modomics	2	2
Saccharomyces_cerevisiae_mito_ArgACG_modomics	3	3
Saccharomyces_cerevisiae_mito_ArgACG_modomics	4	4
Saccharomyces_cerevisiae_mito_ArgACG_modomics	5	5
Saccharomyces_cerevisiae_mito_ArgACG_modomics	6	6
Saccharomyces_cerevisiae_mito_ArgACG_modomics	7	7
Saccharomyces_cerevisiae_mito_ArgACG_modomics	8	8
Saccharomyces_cerevisiae_mito_ArgACG_modomics	9	9
Saccharomyces_cerevisiae_mito_ArgACG_modomics	10	10
Saccharomyces_cerevisiae_mito_ArgACG_modomics	11	11
Saccharomyces_cerevisiae_mito_ArgACG_modomics	12	12
Saccharomyces_cerevisiae_mito_ArgACG_modomics	13	13
Saccharomyces_cerevisiae_mito_ArgACG_modomics	14	14
Saccharomyces_cerevisiae_mito_ArgACG_modomics	15	15
Saccharomyces_cerevisiae_mito_ArgACG_modomics	16	16
Saccharomyces_cerevisiae_mito_ArgACG_modomics	17	18
Saccharomyces_cerevisiae_mito_ArgACG_modomics	18	19
Saccharomyces_cerevisiae_mito_ArgACG_modomics	19	20
Saccharomyces_cerevisiae_mito_ArgACG_modomics	20	21
Saccharomyces_cerevisiae_mito_ArgACG_modomics	21	22
Saccharomyces_cerevisiae_mito_ArgACG_modomics	22	23
Saccharomyces_cerevisiae_mito_ArgACG_modomics	23	24
Saccharomyces_cerevisiae_mito_ArgACG_modomics	24	25
Saccharomyces_cerevisiae_mito_ArgACG_modomics	25	26
Saccharomyces_cerevisiae_mito_ArgACG_modomics	26	27
Saccharomyces_cerevisiae_mito_ArgACG_modomics	27	28
Saccharomyces_cerevisiae_mito_ArgACG_modomics	28	29
Saccharomyces_cerevisiae_mito_ArgACG_modomics	29	30
Saccharomyces_cerevisiae_mito_ArgACG_modomics	30	31
Saccharomyces_cerevisiae_mito_ArgACG_modomics	31	32
Saccharomyces_cerevisiae_mito_ArgACG_modomics	32	33
Saccharomyces_cerevisiae_mito_ArgACG_modomics	33	34
Saccharomyces_cerevisiae_mito_ArgACG_modomics	34	35
Saccharomyces_cerevisiae_mito_ArgACG_modomics	35	36
Saccharomyces_cerevisiae_mito_ArgACG_modomics	36	37
Saccharomyces_cerevisiae_mito_ArgACG_modomics	37	38
Saccharomyces_cerevisiae_mito_ArgACG_modomics	38	39
Saccharomyces_cerevisiae_mito_ArgACG_modomics	39	40
Saccharomyces_cerevisiae_mito_ArgACG_modomics	40	41
Saccharomyces_cerevisiae_mito_ArgACG_modomics	41	42
Saccharomyces_cerevisiae_mito_ArgACG_modomics	42	43
Saccharomyces_cerevisiae_mito_ArgACG_modomics	43	44
Saccharomyces_cerevisiae_mito_ArgACG_modomics	44	45
Saccharomyces_cerevisiae_mito_ArgACG_modomics	45	46
Saccharomyces_cerevisiae_mito_ArgACG_modomics	46	48
Saccharomyces_cerevisiae_mito_ArgACG_modomics	47	49
Saccharomyces_cerevisiae_mito_ArgACG_modomics	48	50
Saccharomyces_cerevisiae_mito_ArgACG_modomics	49	51
Saccharomyces_cerevisiae_mito_ArgACG_modomics	50	52
Saccharomyces_cerevisiae_mito_ArgACG_modomics	51	53
Saccharomyces_cerevisiae_mito_ArgACG_modomics	52	54
Saccharomyces_cerevisiae_mito_ArgACG_modomics	53	55
Saccharomyces_cerevisiae_mito_ArgACG_modomics	54	56
Saccharomyces_cerevisiae_mito_ArgACG_modomics	55	57
Saccharomyces_cerevisiae_mito_ArgACG_modomics	56	58
Saccharomyces_cerevisiae_mito_ArgACG_modomics	57	59
Saccharomyces_cerevisiae_mito_ArgACG_modomics	58	60
Saccharomyces_cerevisiae_mito_ArgACG_modomics	59	61
Saccharomyces_cerevisiae_mito_ArgACG_modomics	60	62
Saccharomyces_cerevisiae_mito_ArgACG_modomics	61	63
Saccharomyces_cerevisiae_mito_ArgACG_modomics	62	64
Saccharomyces_cerevisiae_mito_ArgACG_modomics	63	65
Saccharomyces_cerevisiae_mito_ArgACG_modomics	64	66
Saccharomyces_cerevisiae_mito_ArgACG_modomics	65	67
Saccharomyces_cerevisiae_mito_ArgACG_modomics	66	68
Saccharomyces_cerevisiae_mito_ArgACG_modomics	67	69
Saccharomyces_cerevisiae_mito_ArgACG_modomics	68	70
Saccharomyces_cerevisiae_mito_ArgACG_modomics	69	71
Saccharomyces_cerevisiae_mito_ArgACG_modomics	70	72
Saccharomyces_cerevisiae_mito_ArgACG_modomics	71	73
Saccharomyces_cerevisiae_mito_ArgACG_modomics	72	74
Saccharomyces_cerevisiae_mito_ArgACG_modomics	73	75
Saccharomyces_cerevisiae_mito_ArgACG_modomics	74	76
Saccharomyces_cerevisiae_mito_ArgNCT_modomics_NCBI	1	1
Saccharomyces_cerevisiae_mito_ArgNCT_modomics_NCBI	2	2
Saccharomyces_cerevisiae_mito_ArgNCT_modomics_NCBI	3	3
Saccharomyces_cerevisiae_mito_ArgNCT_modomics_NCBI	4	4
Saccharomyces_cerevisiae_mito_ArgNCT_modomics_NCBI	5	5
Saccharomyces_cerevisiae_mito_ArgNCT_modomics_NCBI	6	6
Saccharomyces_cerevisiae_mito_ArgNCT_modomics_NCBI	7	7
Saccharomyces_cerevisiae_mito_ArgNCT_modomics_NCBI	8	8
Saccharomyces_cerevisiae_mito_ArgNCT_modomics_NCBI	9	9
Saccharomyces_cerevisiae_mito_ArgNCT_modomics_NCBI	10	10
Saccharomyces_cerevisiae_mito_ArgNCT_modomics_NCBI	11	11
Saccharomyces_cerevisiae_mito_ArgNCT_modomics_NCBI	12	12
Saccharomyces_cerevisiae_mito_ArgNCT_modomics_NCBI	13	13
Saccharomyces_cerevisiae_mito_ArgNCT_modomics_NCBI	14	14
Saccharomyces_cerevisiae_mito_ArgNCT_modomics_NCBI	15	15
Saccharomyces_cerevisiae_mito_ArgNCT_modomics_NCBI	16	16
Saccharomyces_cerevisiae_mito_ArgNCT_modomics_NCBI	17	18
Saccharomyces_cerevisiae_mito_ArgNCT_modomics_NCBI	18	19
Saccharomyces_cerevisiae_mito_ArgNCT_modomics_NCBI	19	20
Saccharomyces_cerevisiae_mito_ArgNCT_modomics_NCBI	20	20a
Saccharomyces_cerevisiae_mito_ArgNCT_modomics_NCBI	21	21
Saccharomyces_cerevisiae_mito_ArgNCT_modomics_NCBI	22	22
Saccharomyces_cerevisiae_mito_ArgNCT_modomics_NCBI	23	23
Saccharomyces_cerevisiae_mito_ArgNCT_modomics_NCBI	24	24
Saccharomyces_cerevisiae_mito_ArgNCT_modomics_NCBI	25	25
Saccharomyces_cerevisiae_mito_ArgNCT_modomics_NCBI	26	26
Saccharomyces_cerevisiae_mito_ArgNCT_modomics_NCBI	27	27
Saccharomyces_cerevisiae_mito_ArgNCT_modomics_NCBI	28	28
Saccharomyces_cerevisiae_mito_ArgNCT_modomics_NCBI	29	29
Saccharomyces_cerevisiae_mito_ArgNCT_modomics_NCBI	30	30
Saccharomyces_cerevisiae_mito_ArgNCT_modomics_NCBI	31	31
Saccharomyces_cerevisiae_mito_ArgNCT_modomics_NCBI	32	32
Saccharomyces_cerevisiae_mito_ArgNCT_modomics_NCBI	33	33
Saccharomyces_cerevisiae_mito_ArgNCT_modomics_NCBI	34	34
Saccharomyces_cerevisiae_mito_ArgNCT_modomics_NCBI	35	35
Saccharomyces_cerevisiae_mito_ArgNCT_modomics_NCBI	36	36
Saccharomyces_cerevisiae_mito_ArgNCT_modomics_NCBI	37	37
Saccharomyces_cerevisiae_mito_ArgNCT_modomics_NCBI	38	38
Saccharomyces_cerevisiae_mito_ArgNCT_modomics_NCBI	39	39
Saccharomyces_cerevisiae_mito_ArgNCT_modomics_NCBI	40	40
Saccharomyces_cerevisiae_mito_ArgNCT_modomics_NCBI	41	41
Saccharomyces_cerevisiae_mito_ArgNCT_modomics_NCBI	42	42
Saccharomyces_cerevisiae_mito_ArgNCT_modomics_NCBI	43	43
Saccharomyces_cerevisiae_mito_ArgNCT_modomics_NCBI	44	44
Saccharomyces_cerevisiae_mito_ArgNCT_modomics_NCBI	45	45
Saccharomyces_cerevisiae_mito_ArgNCT_modomics_NCBI	46	46
Saccharomyces_cerevisiae_mito_ArgNCT_modomics_NCBI	47	47
Saccharomyces_cerevisiae_mito_ArgNCT_modomics_NCBI	48	48
Saccharomyces_cerevisiae_mito_ArgNCT_modomics_NCBI	49	49
Saccharomyces_cerevisiae_mito_ArgNCT_modomics_NCBI	50	50
Saccharomyces_cerevisiae_mito_ArgNCT_modomics_NCBI	51	51
Saccharomyces_cerevisiae_mito_ArgNCT_modomics_NCBI	52	52
Saccharomyces_cerevisiae_mito_ArgNCT_modomics_NCBI	53	53
Saccharomyces_cerevisiae_mito_ArgNCT_modomics_NCBI	54	54
Saccharomyces_cerevisiae_mito_ArgNCT_modomics_NCBI	55	55
Saccharomyces_cerevisiae_mito_ArgNCT_modomics_NCBI	56	56
Saccharomyces_cerevisiae_mito_ArgNCT_modomics_NCBI	57	57
Saccharomyces_cerevisiae_mito_ArgNCT_modomics_NCBI	58	58
Saccharomyces_cerevisiae_mito_ArgNCT_modomics_NCBI	59	59
Saccharomyces_cerevisiae_mito_ArgNCT_modomics_NCBI	60	60
Saccharomyces_cerevisiae_mito_ArgNCT_modomics_NCBI	61	61
Saccharomyces_cerevisiae_mito_ArgNCT_modomics_NCBI	62	62
Saccharomyces_cerevisiae_mito_ArgNCT_modomics_NCBI	63	63
Saccharomyces_cerevisiae_mito_ArgNCT_modomics_NCBI	64	64
Saccharomyces_cerevisiae_mito_ArgNCT_modomics_NCBI	65	65
Saccharomyces_cerevisiae_mito_ArgNCT_modomics_NCBI	66	66
Saccharomyces_cerevisiae_mito_ArgNCT_modomics_NCBI	67	67
Saccharomyces_cerevisiae_mito_ArgNCT_modomics_NCBI	68	68
Saccharomyces_cerevisiae_mito_ArgNCT_modomics_NCBI	69	69
Saccharomyces_cerevisiae_mito_ArgNCT_modomics_NCBI	70	70
Saccharomyces_cerevisiae_mito_ArgNCT_modomics_NCBI	71	71
Saccharomyces_cerevisiae_mito_ArgNCT_modomics_NCBI	72	72
Saccharomyces_cerevisiae_mito_ArgNCT_modomics_NCBI	73	73
Saccharomyces_cerevisiae_mito_ArgNCT_modomics_NCBI	74	74
Saccharomyces_cerevisiae_mito_ArgNCT_modomics_NCBI	75	75
Saccharomyces_cerevisiae_mito_ArgNCT_modomics_NCBI	76	76
Saccharomyces_cerevisiae_mito_AspGTC_tRNA_NCBI	1	1
Saccharomyces_cerevisiae_mito_AspGTC_tRNA_NCBI	2	2
Saccharomyces_cerevisiae_mito_AspGTC_tRNA_NCBI	3	3
Saccharomyces_cerevisiae_mito_AspGTC_tRNA_NCBI	4	4
Saccharomyces_cerevisiae_mito_AspGTC_tRNA_NCBI	5	5
Saccharomyces_cerevisiae_mito_AspGTC_tRNA_NCBI	6	6
Saccharomyces_cerevisiae_mito_AspGTC_tRNA_NCBI	7	7
Saccharomyces_cerevisiae_mito_AspGTC_tRNA_NCBI	8	8
Saccharomyces_cerevisiae_mito_AspGTC_tRNA_NCBI	9	9
Saccharomyces_cerevisiae_mito_AspGTC_tRNA_NCBI	10	10
Saccharomyces_cerevisiae_mito_AspGTC_tRNA_NCBI	11	11
Saccharomyces_cerevisiae_mito_AspGTC_tRNA_NCBI	12	12
Saccharomyces_cerevisiae_mito_AspGTC_tRNA_NCBI	13	13
Saccharomyces_cerevisiae_mito_AspGTC_tRNA_NCBI	14	14
Saccharomyces_cerevisiae_mito_AspGTC_tRNA_NCBI	15	15
Saccharomyces_cerevisiae_mito_AspGTC_tRNA_NCBI	16	16
Saccharomyces_cerevisiae_mito_AspGTC_tRNA_NCBI	17	18
Saccharomyces_cerevisiae_mito_AspGTC_tRNA_NCBI	18	19
Saccharomyces_cerevisiae_mito_AspGTC_tRNA_NCBI	19	20
Saccharomyces_cerevisiae_mito_AspGTC_tRNA_NCBI	20	21
Saccharomyces_cerevisiae_mito_AspGTC_tRNA_NCBI	21	22
Saccharomyces_cerevisiae_mito_AspGTC_tRNA_NCBI	22	23
Saccharomyces_cerevisiae_mito_AspGTC_tRNA_NCBI	23	24
Saccharomyces_cerevisiae_mito_AspGTC_tRNA_NCBI	24	25
Saccharomyces_cerevisiae_mito_AspGTC_tRNA_NCBI	25	26
Saccharomyces_cerevisiae_mito_AspGTC_tRNA_NCBI	26	27
Saccharomyces_cerevisiae_mito_AspGTC_tRNA_NCBI	27	28
Saccharomyces_cerevisiae_mito_AspGTC_tRNA_NCBI	28	29
Saccharomyces_cerevisiae_mito_AspGTC_tRNA_NCBI	29	30
Saccharomyces_cerevisiae_mito_AspGTC_tRNA_NCBI	30	31
Saccharomyces_cerevisiae_mito_AspGTC_tRNA_NCBI	31	32
Saccharomyces_cerevisiae_mito_AspGTC_tRNA_NCBI	32	33
Saccharomyces_cerevisiae_mito_AspGTC_tRNA_NCBI	33	34
Saccharomyces_cerevisiae_mito_AspGTC_tRNA_NCBI	34	35
Saccharomyces_cerevisiae_mito_AspGTC_tRNA_NCBI	35	36
Saccharomyces_cerevisiae_mito_AspGTC_tRNA_NCBI	36	37
Saccharomyces_cerevisiae_mito_AspGTC_tRNA_NCBI	37	38
Saccharomyces_cerevisiae_mito_AspGTC_tRNA_NCBI	38	39
Saccharomyces_cerevisiae_mito_AspGTC_tRNA_NCBI	39	40
Saccharomyces_cerevisiae_mito_AspGTC_tRNA_NCBI	40	41
Saccharomyces_cerevisiae_mito_AspGTC_tRNA_NCBI	41	42
Saccharomyces_cerevisiae_mito_AspGTC_tRNA_NCBI	42	43
Saccharomyces_cerevisiae_mito_AspGTC_tRNA_NCBI	43	44
Saccharomyces_cerevisiae_mito_AspGTC_tRNA_NCBI	44	45
Saccharomyces_cerevisiae_mito_AspGTC_tRNA_NCBI	45	46
Saccharomyces_cerevisiae_mito_AspGTC_tRNA_NCBI	46	47
Saccharomyces_cerevisiae_mito_AspGTC_tRNA_NCBI	47	48
Saccharomyces_cerevisiae_mito_AspGTC_tRNA_NCBI	48	49
Saccharomyces_cerevisiae_mito_AspGTC_tRNA_NCBI	49	50
Saccharomyces_cerevisiae_mito_AspGTC_tRNA_NCBI	50	51
Saccharomyces_cerevisiae_mito_AspGTC_tRNA_NCBI	51	52
Saccharomyces_cerevisiae_mito_AspGTC_tRNA_NCBI	52	53
Saccharomyces_cerevisiae_mito_AspGTC_tRNA_NCBI	53	54
Saccharomyces_cerevisiae_mito_AspGTC_tRNA_NCBI	54	55
Saccharomyces_cerevisiae_mito_AspGTC_tRNA_NCBI	55	56
Saccharomyces_cerevisiae_mito_AspGTC_tRNA_NCBI	56	57
Saccharomyces_cerevisiae_mito_AspGTC_tRNA_NCBI	57	58
Saccharomyces_cerevisiae_mito_AspGTC_tRNA_NCBI	58	59
Saccharomyces_cerevisiae_mito_AspGTC_tRNA_NCBI	59	60
Saccharomyces_cerevisiae_mito_AspGTC_tRNA_NCBI	60	61
Saccharomyces_cerevisiae_mito_AspGTC_tRNA_NCBI	61	62
Saccharomyces_cerevisiae_mito_AspGTC_tRNA_NCBI	62	63
Saccharomyces_cerevisiae_mito_AspGTC_tRNA_NCBI	63	64
Saccharomyces_cerevisiae_mito_AspGTC_tRNA_NCBI	64	65
Saccharomyces_cerevisiae_mito_AspGTC_tRNA_NCBI	65	66
Saccharomyces_cerevisiae_mito_AspGTC_tRNA_NCBI	66	67
Saccharomyces_cerevisiae_mito_AspGTC_tRNA_NCBI	67	68
Saccharomyces_cerevisiae_mito_AspGTC_tRNA_NCBI	68	69
Saccharomyces_cerevisiae_mito_AspGTC_tRNA_NCBI	69	70
Saccharomyces_cerevisiae_mito_AspGTC_tRNA_NCBI	70	71
Saccharomyces_cerevisiae_mito_AspGTC_tRNA_NCBI	71	72
Saccharomyces_cerevisiae_mito_AspGTC_tRNA_NCBI	72	73
Saccharomyces_cerevisiae_mito_AspGTC_tRNA_NCBI	73	74
Saccharomyces_cerevisiae_mito_AspGTC_tRNA_NCBI	74	75
Saccharomyces_cerevisiae_mito_AspGTC_tRNA_NCBI	75	76
Saccharomyces_cerevisiae_mito_AsnGTT_tRNAscan	1	1
Saccharomyces_cerevisiae_mito_AsnGTT_tRNAscan	2	2
Saccharomyces_cerevisiae_mito_AsnGTT_tRNAscan	3	3
Saccharomyces_cerevisiae_mito_AsnGTT_tRNAscan	4	4
Saccharomyces_cerevisiae_mito_AsnGTT_tRNAscan	5	5
Saccharomyces_cerevisiae_mito_AsnGTT_tRNAscan	6	6
Saccharomyces_cerevisiae_mito_AsnGTT_tRNAscan	7	7
Saccharomyces_cerevisiae_mito_AsnGTT_tRNAscan	8	8
Saccharomyces_cerevisiae_mito_AsnGTT_tRNAscan	9	9
Saccharomyces_cerevisiae_mito_AsnGTT_tRNAscan	10	10
Saccharomyces_cerevisiae_mito_AsnGTT_tRNAscan	11	11
Saccharomyces_cerevisiae_mito_AsnGTT_tRNAscan	12	12
Saccharomyces_cerevisiae_mito_AsnGTT_tRNAscan	13	13
Saccharomyces_cerevisiae_mito_AsnGTT_tRNAscan	14	14
Saccharomyces_cerevisiae_mito_AsnGTT_tRNAscan	15	15
Saccharomyces_cerevisiae_mito_AsnGTT_tRNAscan	16	16
Saccharomyces_cerevisiae_mito_AsnGTT_tRNAscan	17	18
Saccharomyces_cerevisiae_mito_AsnGTT_tRNAscan	18	19
Saccharomyces_cerevisiae_mito_AsnGTT_tRNAscan	19	20
Saccharomyces_cerevisiae_mito_AsnGTT_tRNAscan	20	20a
Saccharomyces_cerevisiae_mito_AsnGTT_tRNAscan	21	21
Saccharomyces_cerevisiae_mito_AsnGTT_tRNAscan	22	22
Saccharomyces_cerevisiae_mito_AsnGTT_tRNAscan	23	23
Saccharomyces_cerevisiae_mito_AsnGTT_tRNAscan	24	24
Saccharomyces_cerevisiae_mito_AsnGTT_tRNAscan	25	25
Saccharomyces_cerevisiae_mito_AsnGTT_tRNAscan	26	26
Saccharomyces_cerevisiae_mito_AsnGTT_tRNAscan	27	27
Saccharomyces_cerevisiae_mito_AsnGTT_tRNAscan	28	28
Saccharomyces_cerevisiae_mito_AsnGTT_tRNAscan	29	29
Saccharomyces_cerevisiae_mito_AsnGTT_tRNAscan	30	30
Saccharomyces_cerevisiae_mito_AsnGTT_tRNAscan	31	31
Saccharomyces_cerevisiae_mito_AsnGTT_tRNAscan	32	32
Saccharomyces_cerevisiae_mito_AsnGTT_tRNAscan	33	33
Saccharomyces_cerevisiae_mito_AsnGTT_tRNAscan	34	34
Saccharomyces_cerevisiae_mito_AsnGTT_tRNAscan	35	35
Saccharomyces_cerevisiae_mito_AsnGTT_tRNAscan	36	36
Saccharomyces_cerevisiae_mito_AsnGTT_tRNAscan	37	37
Saccharomyces_cerevisiae_mito_AsnGTT_tRNAscan	38	38
Saccharomyces_cerevisiae_mito_AsnGTT_tRNAscan	39	39
Saccharomyces_cerevisiae_mito_AsnGTT_tRNAscan	40	40
Saccharomyces_cerevisiae_mito_AsnGTT_tRNAscan	41	41
Saccharomyces_cerevisiae_mito_AsnGTT_tRNAscan	42	42
Saccharomyces_cerevisiae_mito_AsnGTT_tRNAscan	43	43
Saccharomyces_cerevisiae_mito_AsnGTT_tRNAscan	44	44
Saccharomyces_cerevisiae_mito_AsnGTT_tRNAscan	45	45
Saccharomyces_cerevisiae_mito_AsnGTT_tRNAscan	46	46
Saccharomyces_cerevisiae_mito_AsnGTT_tRNAscan	47	48
Saccharomyces_cerevisiae_mito_AsnGTT_tRNAscan	48	49
Saccharomyces_cerevisiae_mito_AsnGTT_tRNAscan	49	50
Saccharomyces_cerevisiae_mito_AsnGTT_tRNAscan	50	51
Saccharomyces_cerevisiae_mito_AsnGTT_tRNAscan	51	52
Saccharomyces_cerevisiae_mito_AsnGTT_tRNAscan	52	53
Saccharomyces_cerevisiae_mito_AsnGTT_tRNAscan	53	54
Saccharomyces_cerevisiae_mito_AsnGTT_tRNAscan	54	55
Saccharomyces_cerevisiae_mito_AsnGTT_tRNAscan	55	56
Saccharomyces_cerevisiae_mito_AsnGTT_tRNAscan	56	57
Saccharomyces_cerevisiae_mito_AsnGTT_tRNAscan	57	58
Saccharomyces_cerevisiae_mito_AsnGTT_tRNAscan	58	59
Saccharomyces_cerevisiae_mito_AsnGTT_tRNAscan	59	60
Saccharomyces_cerevisiae_mito_AsnGTT_tRNAscan	60	61
Saccharomyces_cerevisiae_mito_AsnGTT_tRNAscan	61	62
Saccharomyces_cerevisiae_mito_AsnGTT_tRNAscan	62	63
Saccharomyces_cerevisiae_mito_AsnGTT_tRNAscan	63	64
Saccharomyces_cerevisiae_mito_AsnGTT_tRNAscan	64	65
Saccharomyces_cerevisiae_mito_AsnGTT_tRNAscan	65	66
Saccharomyces_cerevisiae_mito_AsnGTT_tRNAscan	66	67
Saccharomyces_cerevisiae_mito_AsnGTT_tRNAscan	67	68
Saccharomyces_cerevisiae_mito_AsnGTT_tRNAscan	68	69
Saccharomyces_cerevisiae_mito_AsnGTT_tRNAscan	69	70
Saccharomyces_cerevisiae_mito_AsnGTT_tRNAscan	70	71
Saccharomyces_cerevisiae_mito_AsnGTT_tRNAscan	71	72
Saccharomyces_cerevisiae_mito_AsnGTT_tRNAscan	72	73
Saccharomyces_cerevisiae_mito_AsnGTT_tRNAscan	73	74
Saccharomyces_cerevisiae_mito_AsnGTT_tRNAscan	74	75
Saccharomyces_cerevisiae_mito_AsnGTT_tRNAscan	75	76
Saccharomyces_cerevisiae_mito_CysGCA_tRNA_NCBI	1	1
Saccharomyces_cerevisiae_mito_CysGCA_tRNA_NCBI	2	2
Saccharomyces_cerevisiae_mito_CysGCA_tRNA_NCBI	3	3
Saccharomyces_cerevisiae_mito_CysGCA_tRNA_NCBI	4	4
Saccharomyces_cerevisiae_mito_CysGCA_tRNA_NCBI	5	5
Saccharomyces_cerevisiae_mito_CysGCA_tRNA_NCBI	6	6
Saccharomyces_cerevisiae_mito_CysGCA_tRNA_NCBI	7	7
Saccharomyces_cerevisiae_mito_CysGCA_tRNA_NCBI	8	8
Saccharomyces_cerevisiae_mito_CysGCA_tRNA_NCBI	9	9
Saccharomyces_cerevisiae_mito_CysGCA_tRNA_NCBI	10	10
Saccharomyces_cerevisiae_mito_CysGCA_tRNA_NCBI	11	11
Saccharomyces_cerevisiae_mito_CysGCA_tRNA_NCBI	12	12
Saccharomyces_cerevisiae_mito_CysGCA_tRNA_NCBI	13	13
Saccharomyces_cerevisiae_mito_CysGCA_tRNA_NCBI	14	14
Saccharomyces_cerevisiae_mito_CysGCA_tRNA_NCBI	15	15
Saccharomyces_cerevisiae_mito_CysGCA_tRNA_NCBI	16	16
Saccharomyces_cerevisiae_mito_CysGCA_tRNA_NCBI	17	18
Saccharomyces_cerevisiae_mito_CysGCA_tRNA_NCBI	18	19
Saccharomyces_cerevisiae_mito_CysGCA_tRNA_NCBI	19	20
Saccharomyces_cerevisiae_mito_CysGCA_tRNA_NCBI	20	21
Saccharomyces_cerevisiae_mito_CysGCA_tRNA_NCBI	21	22
Saccharomyces_cerevisiae_mito_CysGCA_tRNA_NCBI	22	23
Saccharomyces_cerevisiae_mito_CysGCA_tRNA_NCBI	23	24
Saccharomyces_cerevisiae_mito_CysGCA_tRNA_NCBI	24	25
Saccharomyces_cerevisiae_mito_CysGCA_tRNA_NCBI	25	26
Saccharomyces_cerevisiae_mito_CysGCA_tRNA_NCBI	26	27
Saccharomyces_cerevisiae_mito_CysGCA_tRNA_NCBI	27	27i1
Saccharomyces_cerevisiae_mito_CysGCA_tRNA_NCBI	28	28
Saccharomyces_cerevisiae_mito_CysGCA_tRNA_NCBI	29	29
Saccharomyces_cerevisiae_mito_CysGCA_tRNA_NCBI	30	30
Saccharomyces_cerevisiae_mito_CysGCA_tRNA_NCBI	31	31
Saccharomyces_cerevisiae_mito_CysGCA_tRNA_NCBI	32	32
Saccharomyces_cerevisiae_mito_CysGCA_tRNA_NCBI	33	33
Saccharomyces_cerevisiae_mito_CysGCA_tRNA_NCBI	34	34
Saccharomyces_cerevisiae_mito_CysGCA_tRNA_NCBI	35	35
Saccharomyces_cerevisiae_mito_CysGCA_tRNA_NCBI	36	36
Saccharomyces_cerevisiae_mito_CysGCA_tRNA_NCBI	37	37
Saccharomyces_cerevisiae_mito_CysGCA_tRNA_NCBI	38	38
Saccharomyces_cerevisiae_mito_CysGCA_tRNA_NCBI	39	39
Saccharomyces_cerevisiae_mito_CysGCA_tRNA_NCBI	40	40
Saccharomyces_cerevisiae_mito_CysGCA_tRNA_NCBI	41	41
Saccharomyces_cerevisiae_mito_CysGCA_tRNA_NCBI	42	42
Saccharomyces_cerevisiae_mito_CysGCA_tRNA_NCBI	43	43
Saccharomyces_cerevisiae_mito_CysGCA_tRNA_NCBI	44	44
Saccharomyces_cerevisiae_mito_CysGCA_tRNA_NCBI	45	45
Saccharomyces_cerevisiae_mito_CysGCA_tRNA_NCBI	46	46
Saccharomyces_cerevisiae_mito_CysGCA_tRNA_NCBI	47	47
Saccharomyces_cerevisiae_mito_CysGCA_tRNA_NCBI	48	48
Saccharomyces_cerevisiae_mito_CysGCA_tRNA_NCBI	49	49
Saccharomyces_cerevisiae_mito_CysGCA_tRNA_NCBI	50	50
Saccharomyces_cerevisiae_mito_CysGCA_tRNA_NCBI	51	51
Saccharomyces_cerevisiae_mito_CysGCA_tRNA_NCBI	52	52
Saccharomyces_cerevisiae_mito_CysGCA_tRNA_NCBI	53	53
Saccharomyces_cerevisiae_mito_CysGCA_tRNA_NCBI	54	54
Saccharomyces_cerevisiae_mito_CysGCA_tRNA_NCBI	55	55
Saccharomyces_cerevisiae_mito_CysGCA_tRNA_NCBI	56	56
Saccharomyces_cerevisiae_mito_CysGCA_tRNA_NCBI	57	57
Saccharomyces_cerevisiae_mito_CysGCA_tRNA_NCBI	58	58
Saccharomyces_cerevisiae_mito_CysGCA_tRNA_NCBI	59	59
Saccharomyces_cerevisiae_mito_CysGCA_tRNA_NCBI	60	60
Saccharomyces_cerevisiae_mito_CysGCA_tRNA_NCBI	61	61
Saccharomyces_cerevisiae_mito_CysGCA_tRNA_NCBI	62	62
Saccharomyces_cerevisiae_mito_CysGCA_tRNA_NCBI	63	63
Saccharomyces_cerevisiae_mito_CysGCA_tRNA_NCBI	64	64
Saccharomyces_cerevisiae_mito_CysGCA_tRNA_NCBI	65	65
Saccharomyces_cerevisiae_mito_CysGCA_tRNA_NCBI	66	66
Saccharomyces_cerevisiae_mito_CysGCA_tRNA_NCBI	67	67
Saccharomyces_cerevisiae_mito_CysGCA_tRNA_NCBI	68	68
Saccharomyces_cerevisiae_mito_CysGCA_tRNA_NCBI	69	69
Saccharomyces_cerevisiae_mito_CysGCA_tRNA_NCBI	70	70
Saccharomyces_cerevisiae_mito_CysGCA_tRNA_NCBI	71	71
Saccharomyces_cerevisiae_mito_CysGCA_tRNA_NCBI	72	72
Saccharomyces_cerevisiae_mito_CysGCA_tRNA_NCBI	73	73
Saccharomyces_cerevisiae_mito_CysGCA_tRNA_NCBI	74	74
Saccharomyces_cerevisiae_mito_CysGCA_tRNA_NCBI	75	75
Saccharomyces_cerevisiae_mito_CysGCA_tRNA_NCBI	76	76
Saccharomyces_cerevisiae_mito_GlnTTG_tRNA_NCBI	1	1
Saccharomyces_cerevisiae_mito_GlnTTG_tRNA_NCBI	2	2
Saccharomyces_cerevisiae_mito_GlnTTG_tRNA_NCBI	3	3
Saccharomyces_cerevisiae_mito_GlnTTG_tRNA_NCBI	4	4
Saccharomyces_cerevisiae_mito_GlnTTG_tRNA_NCBI	5	5
Saccharomyces_cerevisiae_mito_GlnTTG_tRNA_NCBI	6	6
Saccharomyces_cerevisiae_mito_GlnTTG_tRNA_NCBI	7	7
Saccharomyces_cerevisiae_mito_GlnTTG_tRNA_NCBI	8	8
Saccharomyces_cerevisiae_mito_GlnTTG_tRNA_NCBI	9	9
Saccharomyces_cerevisiae_mito_GlnTTG_tRNA_NCBI	10	10
Saccharomyces_cerevisiae_mito_GlnTTG_tRNA_NCBI	11	11
Saccharomyces_cerevisiae_mito_GlnTTG_tRNA_NCBI	12	12
Saccharomyces_cerevisiae_mito_GlnTTG_tRNA_NCBI	13	13
Saccharomyces_cerevisiae_mito_GlnTTG_tRNA_NCBI	14	14
Saccharomyces_cerevisiae_mito_GlnTTG_tRNA_NCBI	15	15
Saccharomyces_cerevisiae_mito_GlnTTG_tRNA_NCBI	16	16
Saccharomyces_cerevisiae_mito_GlnTTG_tRNA_NCBI	17	17
Saccharomyces_cerevisiae_mito_GlnTTG_tRNA_NCBI	18	18
Saccharomyces_cerevisiae_mito_GlnTTG_tRNA_NCBI	19	19
Saccharomyces_cerevisiae_mito_GlnTTG_tRNA_NCBI	20	20
Saccharomyces_cerevisiae_mito_GlnTTG_tRNA_NCBI	21	21
Saccharomyces_cerevisiae_mito_GlnTTG_tRNA_NCBI	22	22
Saccharomyces_cerevisiae_mito_GlnTTG_tRNA_NCBI	23	23
Saccharomyces_cerevisiae_mito_GlnTTG_tRNA_NCBI	24	24
Saccharomyces_cerevisiae_mito_GlnTTG_tRNA_NCBI	25	25
Saccharomyces_cerevisiae_mito_GlnTTG_tRNA_NCBI	26	26
Saccharomyces_cerevisiae_mito_GlnTTG_tRNA_NCBI	27	27
Saccharomyces_cerevisiae_mito_GlnTTG_tRNA_NCBI	28	28
Saccharomyces_cerevisiae_mito_GlnTTG_tRNA_NCBI	29	29
Saccharomyces_cerevisiae_mito_GlnTTG_tRNA_NCBI	30	30
Saccharomyces_cerevisiae_mito_GlnTTG_tRNA_NCBI	31	31
Saccharomyces_cerevisiae_mito_GlnTTG_tRNA_NCBI	32	32
Saccharomyces_cerevisiae_mito_GlnTTG_tRNA_NCBI	33	33
Saccharomyces_cerevisiae_mito_GlnTTG_tRNA_NCBI	34	34
Saccharomyces_cerevisiae_mito_GlnTTG_tRNA_NCBI	35	35
Saccharomyces_cerevisiae_mito_GlnTTG_tRNA_NCBI	36	36
Saccharomyces_cerevisiae_mito_GlnTTG_tRNA_NCBI	37	37
Saccharomyces_cerevisiae_mito_GlnTTG_tRNA_NCBI	38	38
Saccharomyces_cerevisiae_mito_GlnTTG_tRNA_NCBI	39	39
Saccharomyces_cerevisiae_mito_GlnTTG_tRNA_NCBI	40	40
Saccharomyces_cerevisiae_mito_GlnTTG_tRNA_NCBI	41	41
Saccharomyces_cerevisiae_mito_GlnTTG_tRNA_NCBI	42	42
Saccharomyces_cerevisiae_mito_GlnTTG_tRNA_NCBI	43	43
Saccharomyces_cerevisiae_mito_GlnTTG_tRNA_NCBI	44	44
Saccharomyces_cerevisiae_mito_GlnTTG_tRNA_NCBI	45	45
Saccharomyces_cerevisiae_mito_GlnTTG_tRNA_NCBI	46	46
Saccharomyces_cerevisiae_mito_GlnTTG_tRNA_NCBI	47	47
Saccharomyces_cerevisiae_mito_GlnTTG_tRNA_NCBI	48	48
Saccharomyces_cerevisiae_mito_GlnTTG_tRNA_NCBI	49	49
Saccharomyces_cerevisiae_mito_GlnTTG_tRNA_NCBI	50	50
Saccharomyces_cerevisiae_mito_GlnTTG_tRNA_NCBI	51	51
Saccharomyces_cerevisiae_mito_GlnTTG_tRNA_NCBI	52	52
Saccharomyces_cerevisiae_mito_GlnTTG_tRNA_NCBI	53	53
Saccharomyces_cerevisiae_mito_GlnTTG_tRNA_NCBI	54	54
Saccharomyces_cerevisiae_mito_GlnTTG_tRNA_NCBI	55	55
Saccharomyces_cerevisiae_mito_GlnTTG_tRNA_NCBI	56	56
Saccharomyces_cerevisiae_mito_GlnTTG_tRNA_NCBI	57	57
Saccharomyces_cerevisiae_mito_GlnTTG_tRNA_NCBI	58	58
Saccharomyces_cerevisiae_mito_GlnTTG_tRNA_NCBI	59	59
Saccharomyces_cerevisiae_mito_GlnTTG_tRNA_NCBI	60	60
Saccharomyces_cerevisiae_mito_GlnTTG_tRNA_NCBI	61	61
Saccharomyces_cerevisiae_mito_GlnTTG_tRNA_NCBI	62	62
Saccharomyces_cerevisiae_mito_GlnTTG_tRNA_NCBI	63	63
Saccharomyces_cerevisiae_mito_GlnTTG_tRNA_NCBI	64	64
Saccharomyces_cerevisiae_mito_GlnTTG_tRNA_NCBI	65	65
Saccharomyces_cerevisiae_mito_GlnTTG_tRNA_NCBI	66	66
Saccharomyces_cerevisiae_mito_GlnTTG_tRNA_NCBI	67	67
Saccharomyces_cerevisiae_mito_GlnTTG_tRNA_NCBI	68	68
Saccharomyces_cerevisiae_mito_GlnTTG_tRNA_NCBI	69	69
Saccharomyces_cerevisiae_mito_GlnTTG_tRNA_NCBI	70	70
Saccharomyces_cerevisiae_mito_GlnTTG_tRNA_NCBI	71	71
Saccharomyces_cerevisiae_mito_GlnTTG_tRNA_NCBI	72	72
Saccharomyces_cerevisiae_mito_GlnTTG_tRNA_NCBI	73	73
Saccharomyces_cerevisiae_mito_GlnTTG_tRNA_NCBI	74	74
Saccharomyces_cerevisiae_mito_GlnTTG_tRNA_NCBI	75	75
Saccharomyces_cerevisiae_mito_GlnTTG_tRNA_NCBI	76	76
Saccharomyces_cerevisiae_mito_GluTTC_tRNA_NCBI	1	1
Saccharomyces_cerevisiae_mito_GluTTC_tRNA_NCBI	2	2
Saccharomyces_cerevisiae_mito_GluTTC_tRNA_NCBI	3	3
Saccharomyces_cerevisiae_mito_GluTTC_tRNA_NCBI	4	4
Saccharomyces_cerevisiae_mito_GluTTC_tRNA_NCBI	5	5
Saccharomyces_cerevisiae_mito_GluTTC_tRNA_NCBI	6	6
Saccharomyces_cerevisiae_mito_GluTTC_tRNA_NCBI	7	7
Saccharomyces_cerevisiae_mito_GluTTC_tRNA_NCBI	8	8
Saccharomyces_cerevisiae_mito_GluTTC_tRNA_NCBI	9	9
Saccharomyces_cerevisiae_mito_GluTTC_tRNA_NCBI	10	10
Saccharomyces_cerevisiae_mito_GluTTC_tRNA_NCBI	11	11
Saccharomyces_cerevisiae_mito_GluTTC_tRNA_NCBI	12	12
Saccharomyces_cerevisiae_mito_GluTTC_tRNA_NCBI	13	13
Saccharomyces_cerevisiae_mito_GluTTC_tRNA_NCBI	14	14
Saccharomyces_cerevisiae_mito_GluTTC_tRNA_NCBI	15	15
Saccharomyces_cerevisiae_mito_GluTTC_tRNA_NCBI	16	16
Saccharomyces_cerevisiae_mito_GluTTC_tRNA_NCBI	17	18
Saccharomyces_cerevisiae_mito_GluTTC_tRNA_NCBI	18	19
Saccharomyces_cerevisiae_mito_GluTTC_tRNA_NCBI	19	20
Saccharomyces_cerevisiae_mito_GluTTC_tRNA_NCBI	20	20a
Saccharomyces_cerevisiae_mito_GluTTC_tRNA_NCBI	21	21
Saccharomyces_cerevisiae_mito_GluTTC_tRNA_NCBI	22	22
Saccharomyces_cerevisiae_mito_GluTTC_tRNA_NCBI	23	23
Saccharomyces_cerevisiae_mito_GluTTC_tRNA_NCBI	24	24
Saccharomyces_cerevisiae_mito_GluTTC_tRNA_NCBI	25	25
Saccharomyces_cerevisiae_mito_GluTTC_tRNA_NCBI	26	26
Saccharomyces_cerevisiae_mito_GluTTC_tRNA_NCBI	27	27
Saccharomyces_cerevisiae_mito_GluTTC_tRNA_NCBI	28	28
Saccharomyces_cerevisiae_mito_GluTTC_tRNA_NCBI	29	29
Saccharomyces_cerevisiae_mito_GluTTC_tRNA_NCBI	30	30
Saccharomyces_cerevisiae_mito_GluTTC_tRNA_NCBI	31	31
Saccharomyces_cerevisiae_mito_GluTTC_tRNA_NCBI	32	32
Saccharomyces_cerevisiae_mito_GluTTC_tRNA_NCBI	33	33
Saccharomyces_cerevisiae_mito_GluTTC_tRNA_NCBI	34	34
Saccharomyces_cerevisiae_mito_GluTTC_tRNA_NCBI	35	35
Saccharomyces_cerevisiae_mito_GluTTC_tRNA_NCBI	36	36
Saccharomyces_cerevisiae_mito_GluTTC_tRNA_NCBI	37	37
Saccharomyces_cerevisiae_mito_GluTTC_tRNA_NCBI	38	38
Saccharomyces_cerevisiae_mito_GluTTC_tRNA_NCBI	39	39
Saccharomyces_cerevisiae_mito_GluTTC_tRNA_NCBI	40	40
Saccharomyces_cerevisiae_mito_GluTTC_tRNA_NCBI	41	41
Saccharomyces_cerevisiae_mito_GluTTC_tRNA_NCBI	42	42
Saccharomyces_cerevisiae_mito_GluTTC_tRNA_NCBI	43	43
Saccharomyces_cerevisiae_mito_GluTTC_tRNA_NCBI	44	44
Saccharomyces_cerevisiae_mito_GluTTC_tRNA_NCBI	45	45
Saccharomyces_cerevisiae_mito_GluTTC_tRNA_NCBI	46	46
Saccharomyces_cerevisiae_mito_GluTTC_tRNA_NCBI	47	48
Saccharomyces_cerevisiae_mito_GluTTC_tRNA_NCBI	48	49
Saccharomyces_cerevisiae_mito_GluTTC_tRNA_NCBI	49	50
Saccharomyces_cerevisiae_mito_GluTTC_tRNA_NCBI	50	51
Saccharomyces_cerevisiae_mito_GluTTC_tRNA_NCBI	51	52
Saccharomyces_cerevisiae_mito_GluTTC_tRNA_NCBI	52	53
Saccharomyces_cerevisiae_mito_GluTTC_tRNA_NCBI	53	54
Saccharomyces_cerevisiae_mito_GluTTC_tRNA_NCBI	54	55
Saccharomyces_cerevisiae_mito_GluTTC_tRNA_NCBI	55	56
Saccharomyces_cerevisiae_mito_GluTTC_tRNA_NCBI	56	57
Saccharomyces_cerevisiae_mito_GluTTC_tRNA_NCBI	57	58
Saccharomyces_cerevisiae_mito_GluTTC_tRNA_NCBI	58	59
Saccharomyces_cerevisiae_mito_GluTTC_tRNA_NCBI	59	60
Saccharomyces_cerevisiae_mito_GluTTC_tRNA_NCBI	60	61
Saccharomyces_cerevisiae_mito_GluTTC_tRNA_NCBI	61	62
Saccharomyces_cerevisiae_mito_GluTTC_tRNA_NCBI	62	63
Saccharomyces_cerevisiae_mito_GluTTC_tRNA_NCBI	63	64
Saccharomyces_cerevisiae_mito_GluTTC_tRNA_NCBI	64	65
Saccharomyces_cerevisiae_mito_GluTTC_tRNA_NCBI	65	66
Saccharomyces_cerevisiae_mito_GluTTC_tRNA_NCBI	66	67
Saccharomyces_cerevisiae_mito_GluTTC_tRNA_NCBI	67	68
Saccharomyces_cerevisiae_mito_GluTTC_tRNA_NCBI	68	69
Saccharomyces_cerevisiae_mito_GluTTC_tRNA_NCBI	69	70
Saccharomyces_cerevisiae_mito_GluTTC_tRNA_NCBI	70	71
Saccharomyces_cerevisiae_mito_GluTTC_tRNA_NCBI	71	72
Saccharomyces_cerevisiae_mito_GluTTC_tRNA_NCBI	72	73
Saccharomyces_cerevisiae_mito_GluTTC_tRNA_NCBI	73	74
Saccharomyces_cerevisiae_mito_GluTTC_tRNA_NCBI	74	75
Saccharomyces_cerevisiae_mito_GluTTC_tRNA_NCBI	75	76
Saccharomyces_cerevisiae_mito_GlyTCC_modomics	1	1
Saccharomyces_cerevisiae_mito_GlyTCC_modomics	2	2
Saccharomyces_cerevisiae_mito_GlyTCC_modomics	3	3
Saccharomyces_cerevisiae_mito_GlyTCC_modomics	4	4
Saccharomyces_cerevisiae_mito_GlyTCC_modomics	5	5
Saccharomyces_cerevisiae_mito_GlyTCC_modomics	6	6
Saccharomyces_cerevisiae_mito_GlyTCC_modomics	7	7
Saccharomyces_cerevisiae_mito_GlyTCC_modomics	8	8
Saccharomyces_cerevisiae_mito_GlyTCC_modomics	9	9
Saccharomyces_cerevisiae_mito_GlyTCC_modomics	10	10
Saccharomyces_cerevisiae_mito_GlyTCC_modomics	11	11
Saccharomyces_cerevisiae_mito_GlyTCC_modomics	12	12
Saccharomyces_cerevisiae_mito_GlyTCC_modomics	13	13
Saccharomyces_cerevisiae_mito_GlyTCC_modomics	14	14
Saccharomyces_cerevisiae_mito_GlyTCC_modomics	15	15
Saccharomyces_cerevisiae_mito_GlyTCC_modomics	16	16
Saccharomyces_cerevisiae_mito_GlyTCC_modomics	17	17
Saccharomyces_cerevisiae_mito_GlyTCC_modomics	18	18
Saccharomyces_cerevisiae_mito_GlyTCC_modomics	19	19
Saccharomyces_cerevisiae_mito_GlyTCC_modomics	20	20
Saccharomyces_cerevisiae_mito_GlyTCC_modomics	21	21
Saccharomyces_cerevisiae_mito_GlyTCC_modomics	22	22
Saccharomyces_cerevisiae_mito_GlyTCC_modomics	23	23
Saccharomyces_cerevisiae_mito_GlyTCC_modomics	24	24
Saccharomyces_cerevisiae_mito_GlyTCC_modomics	25	25
Saccharomyces_cerevisiae_mito_GlyTCC_modomics	26	26
Saccharomyces_cerevisiae_mito_GlyTCC_modomics	27	27
Saccharomyces_cerevisiae_mito_GlyTCC_modomics	28	28
Saccharomyces_cerevisiae_mito_GlyTCC_modomics	29	29
Saccharomyces_cerevisiae_mito_GlyTCC_modomics	30	30
Saccharomyces_cerevisiae_mito_GlyTCC_modomics	31	31
Saccharomyces_cerevisiae_mito_GlyTCC_modomics	32	32
Saccharomyces_cerevisiae_mito_GlyTCC_modomics	33	33
Saccharomyces_cerevisiae_mito_GlyTCC_modomics	34	34
Saccharomyces_cerevisiae_mito_GlyTCC_modomics	35	35
Saccharomyces_cerevisiae_mito_GlyTCC_modomics	36	36
Saccharomyces_cerevisiae_mito_GlyTCC_modomics	37	37
Saccharomyces_cerevisiae_mito_GlyTCC_modomics	38	38
Saccharomyces_cerevisiae_mito_GlyTCC_modomics	39	39
Saccharomyces_cerevisiae_mito_GlyTCC_modomics	40	40
Saccharomyces_cerevisiae_mito_GlyTCC_modomics	41	41
Saccharomyces_cerevisiae_mito_GlyTCC_modomics	42	42
Saccharomyces_cerevisiae_mito_GlyTCC_modomics	43	43
Saccharomyces_cerevisiae_mito_GlyTCC_modomics	44	44
Saccharomyces_cerevisiae_mito_GlyTCC_modomics	45	45
Saccharomyces_cerevisiae_mito_GlyTCC_modomics	46	46
Saccharomyces_cerevisiae_mito_GlyTCC_modomics	47	48
Saccharomyces_cerevisiae_mito_GlyTCC_modomics	48	49
Saccharomyces_cerevisiae_mito_GlyTCC_modomics	49	50
Saccharomyces_cerevisiae_mito_GlyTCC_modomics	50	51
Saccharomyces_cerevisiae_mito_GlyTCC_modomics	51	52
Saccharomyces_cerevisiae_mito_GlyTCC_modomics	52	53
Saccharomyces_cerevisiae_mito_GlyTCC_modomics	53	54
Saccharomyces_cerevisiae_mito_GlyTCC_modomics	54	55
Saccharomyces_cerevisiae_mito_GlyTCC_modomics	55	56
Saccharomyces_cerevisiae_mito_GlyTCC_modomics	56	57
Saccharomyces_cerevisiae_mito_GlyTCC_modomics	57	58
Saccharomyces_cerevisiae_mito_GlyTCC_modomics	58	59
Saccharomyces_cerevisiae_mito_GlyTCC_modomics	59	60
Saccharomyces_cerevisiae_mito_GlyTCC_modomics	60	61
Saccharomyces_cerevisiae_mito_GlyTCC_modomics	61	62
Saccharomyces_cerevisiae_mito_GlyTCC_modomics	62	63
Saccharomyces_cerevisiae_mito_GlyTCC_modomics	63	64
Saccharomyces_cerevisiae_mito_GlyTCC_modomics	64	65
Saccharomyces_cerevisiae_mito_GlyTCC_modomics	65	66
Saccharomyces_cerevisiae_mito_GlyTCC_modomics	66	67
Saccharomyces_cerevisiae_mito_GlyTCC_modomics	67	68
Saccharomyces_cerevisiae_mito_GlyTCC_modomics	68	69
Saccharomyces_cerevisiae_mito_GlyTCC_modomics	69	70
Saccharomyces_cerevisiae_mito_GlyTCC_modomics	70	71
Saccharomyces_cerevisiae_mito_GlyTCC_modomics	71	72
Saccharomyces_cerevisiae_mito_GlyTCC_modomics	72	73
Saccharomyces_cerevisiae_mito_GlyTCC_modomics	73	74
Saccharomyces_cerevisiae_mito_GlyTCC_modomics	74	75
Saccharomyces_cerevisiae_mito_GlyTCC_modomics	75	76
Saccharomyces_cerevisiae_mito_HisGTG_modomics	1	1
Saccharomyces_cerevisiae_mito_HisGTG_modomics	2	2
Saccharomyces_cerevisiae_mito_HisGTG_modomics	3	2i1
Saccharomyces_cerevisiae_mito_HisGTG_modomics	4	3
Saccharomyces_cerevisiae_mito_HisGTG_modomics	5	4
Saccharomyces_cerevisiae_mito_HisGTG_modomics	6	5
Saccharomyces_cerevisiae_mito_HisGTG_modomics	7	6
Saccharomyces_cerevisiae_mito_HisGTG_modomics	8	7
Saccharomyces_cerevisiae_mito_HisGTG_modomics	9	8
Saccharomyces_cerevisiae_mito_HisGTG_modomics	10	9
Saccharomyces_cerevisiae_mito_HisGTG_modomics	11	10
Saccharomyces_cerevisiae_mito_HisGTG_modomics	12	11
Saccharomyces_cerevisiae_mito_HisGTG_modomics	13	12
Saccharomyces_cerevisiae_mito_HisGTG_modomics	14	13
Saccharomyces_cerevisiae_mito_HisGTG_modomics	15	14
Saccharomyces_cerevisiae_mito_HisGTG_modomics	16	15
Saccharomyces_cerevisiae_mito_HisGTG_modomics	17	16
Saccharomyces_cerevisiae_mito_HisGTG_modomics	18	18
Saccharomyces_cerevisiae_mito_HisGTG_modomics	19	19
Saccharomyces_cerevisiae_mito_HisGTG_modomics	20	20
Saccharomyces_cerevisiae_mito_HisGTG_modomics	21	21
Saccharomyces_cerevisiae_mito_HisGTG_modomics	22	22
Saccharomyces_cerevisiae_mito_HisGTG_modomics	23	23
Saccharomyces_cerevisiae_mito_HisGTG_modomics	24	24
Saccharomyces_cerevisiae_mito_HisGTG_modomics	25	25
Saccharomyces_cerevisiae_mito_HisGTG_modomics	26	26
Saccharomyces_cerevisiae_mito_HisGTG_modomics	27	27
Saccharomyces_cerevisiae_mito_HisGTG_modomics	28	28
Saccharomyces_cerevisiae_mito_HisGTG_modomics	29	29
Saccharomyces_cerevisiae_mito_HisGTG_modomics	30	30
Saccharomyces_cerevisiae_mito_HisGTG_modomics	31	31
Saccharomyces_cerevisiae_mito_HisGTG_modomics	32	32
Saccharomyces_cerevisiae_mito_HisGTG_modomics	33	33
Saccharomyces_cerevisiae_mito_HisGTG_modomics	34	34
Saccharomyces_cerevisiae_mito_HisGTG_modomics	35	35
Saccharomyces_cerevisiae_mito_HisGTG_modomics	36	36
Saccharomyces_cerevisiae_mito_HisGTG_modomics	37	37
Saccharomyces_cerevisiae_mito_HisGTG_modomics	38	38
Saccharomyces_cerevisiae_mito_HisGTG_modomics	39	39
Saccharomyces_cerevisiae_mito_HisGTG_modomics	40	40
Saccharomyces_cerevisiae_mito_HisGTG_modomics	41	41
Saccharomyces_cerevisiae_mito_HisGTG_modomics	42	41i1
Saccharomyces_cerevisiae_mito_HisGTG_modomics	43	42
Saccharomyces_cerevisiae_mito_HisGTG_modomics	44	43
Saccharomyces_cerevisiae_mito_HisGTG_modomics	45	44
Saccharomyces_cerevisiae_mito_HisGTG_modomics	46	46
Saccharomyces_cerevisiae_mito_HisGTG_modomics	47	48
Saccharomyces_cerevisiae_mito_HisGTG_modomics	48	49
Saccharomyces_cerevisiae_mito_HisGTG_modomics	49	50
Saccharomyces_cerevisiae_mito_HisGTG_modomics	50	51
Saccharomyces_cerevisiae_mito_HisGTG_modomics	51	52
Saccharomyces_cerevisiae_mito_HisGTG_modomics	52	53
Saccharomyces_cerevisiae_mito_HisGTG_modomics	53	54
Saccharomyces_cerevisiae_mito_HisGTG_modomics	54	55
Saccharomyces_cerevisiae_mito_HisGTG_modomics	55	56
Saccharomyces_cerevisiae_mito_HisGTG_modomics	56	57
Saccharomyces_cerevisiae_mito_HisGTG_modomics	57	58
Saccharomyces_cerevisiae_mito_HisGTG_modomics	58	59
Saccharomyces_cerevisiae_mito_HisGTG_modomics	59	60
Saccharomyces_cerevisiae_mito_HisGTG_modomics	60	61
Saccharomyces_cerevisiae_mito_HisGTG_modomics	61	62
Saccharomyces_cerevisiae_mito_HisGTG_modomics	62	63
Saccharomyces_cerevisiae_mito_HisGTG_modomics	63	64
Saccharomyces_cerevisiae_mito_HisGTG_modomics	64	65
Saccharomyces_cerevisiae_mito_HisGTG_modomics	65	66
Saccharomyces_cerevisiae_mito_HisGTG_modomics	66	67
Saccharomyces_cerevisiae_mito_HisGTG_modomics	67	68
Saccharomyces_cerevisiae_mito_HisGTG_modomics	68	69
Saccharomyces_cerevisiae_mito_HisGTG_modomics	69	70
Saccharomyces_cerevisiae_mito_HisGTG_modomics	70	71
Saccharomyces_cerevisiae_mito_HisGTG_modomics	71	72
Saccharomyces_cerevisiae_mito_HisGTG_modomics	72	73
Saccharomyces_cerevisiae_mito_HisGTG_modomics	73	74
Saccharomyces_cerevisiae_mito_HisGTG_modomics	74	75
Saccharomyces_cerevisiae_mito_HisGTG_modomics	75	76
Saccharomyces_cerevisiae_mito_tRNA_IleGAT_modomics	1	1
Saccharomyces_cerevisiae_mito_tRNA_IleGAT_modomics	2	2
Saccharomyces_cerevisiae_mito_tRNA_IleGAT_modomics	3	3
Saccharomyces_cerevisiae_mito_tRNA_IleGAT_modomics	4	4
Saccharomyces_cerevisiae_mito_tRNA_IleGAT_modomics	5	5
Saccharomyces_cerevisiae_mito_tRNA_IleGAT_modomics	6	6
Saccharomyces_cerevisiae_mito_tRNA_IleGAT_modomics	7	7
Saccharomyces_cerevisiae_mito_tRNA_IleGAT_modomics	8	8
Saccharomyces_cerevisiae_mito_tRNA_IleGAT_modomics	9	9
Saccharomyces_cerevisiae_mito_tRNA_IleGAT_modomics	10	10
Saccharomyces_cerevisiae_mito_tRNA_IleGAT_modomics	11	11
Saccharomyces_cerevisiae_mito_tRNA_IleGAT_modomics	12	12
Saccharomyces_cerevisiae_mito_tRNA_IleGAT_modomics	13	13
Saccharomyces_cerevisiae_mito_tRNA_IleGAT_modomics	14	14
Saccharomyces_cerevisiae_mito_tRNA_IleGAT_modomics	15	15
Saccharomyces_cerevisiae_mito_tRNA_IleGAT_modomics	16	16
Saccharomyces_cerevisiae_mito_tRNA_IleGAT_modomics	17	17
Saccharomyces_cerevisiae_mito_tRNA_IleGAT_modomics	18	18
Saccharomyces_cerevisiae_mito_tRNA_IleGAT_modomics	19	19
Saccharomyces_cerevisiae_mito_tRNA_IleGAT_modomics	20	20
Saccharomyces_cerevisiae_mito_tRNA_IleGAT_modomics	21	20a
Saccharomyces_cerevisiae_mito_tRNA_IleGAT_modomics	22	21
Saccharomyces_cerevisiae_mito_tRNA_IleGAT_modomics	23	22
Saccharomyces_cerevisiae_mito_tRNA_IleGAT_modomics	24	23
Saccharomyces_cerevisiae_mito_tRNA_IleGAT_modomics	25	24
Saccharomyces_cerevisiae_mito_tRNA_IleGAT_modomics	26	25
Saccharomyces_cerevisiae_mito_tRNA_IleGAT_modomics	27	26
Saccharomyces_cerevisiae_mito_tRNA_IleGAT_modomics	28	27
Saccharomyces_cerevisiae_mito_tRNA_IleGAT_modomics	29	28
Saccharomyces_cerevisiae_mito_tRNA_IleGAT_modomics	30	29
Saccharomyces_cerevisiae_mito_tRNA_IleGAT_modomics	31	30
Saccharomyces_cerevisiae_mito_tRNA_IleGAT_modomics	32	31
Saccharomyces_cerevisiae_mito_tRNA_IleGAT_modomics	33	32
Saccharomyces_cerevisiae_mito_tRNA_IleGAT_modomics	34	33
Saccharomyces_cerevisiae_mito_tRNA_IleGAT_modomics	35	34
Saccharomyces_cerevisiae_mito_tRNA_IleGAT_modomics	36	35
Saccharomyces_cerevisiae_mito_tRNA_IleGAT_modomics	37	36
Saccharomyces_cerevisiae_mito_tRNA_IleGAT_modomics	38	37
Saccharomyces_cerevisiae_mito_tRNA_IleGAT_modomics	39	38
Saccharomyces_cerevisiae_mito_tRNA_IleGAT_modomics	40	39
Saccharomyces_cerevisiae_mito_tRNA_IleGAT_modomics	41	40
Saccharomyces_cerevisiae_mito_tRNA_IleGAT_modomics	42	41
Saccharomyces_cerevisiae_mito_tRNA_IleGAT_modomics	43	42
Saccharomyces_cerevisiae_mito_tRNA_IleGAT_modomics	44	43
Saccharomyces_cerevisiae_mito_tRNA_IleGAT_modomics	45	44
Saccharomyces_cerevisiae_mito_tRNA_IleGAT_modomics	46	45
Saccharomyces_cerevisiae_mito_tRNA_IleGAT_modomics	47	46
Saccharomyces_cerevisiae_mito_tRNA_IleGAT_modomics	48	48
Saccharomyces_cerevisiae_mito_tRNA_IleGAT_modomics	49	49
Saccharomyces_cerevisiae_mito_tRNA_IleGAT_modomics	50	50
Saccharomyces_cerevisiae_mito_tRNA_IleGAT_modomics	51	51
Saccharomyces_cerevisiae_mito_tRNA_IleGAT_modomics	52	52
Saccharomyces_cerevisiae_mito_tRNA_IleGAT_modomics	53	53
Saccharomyces_cerevisiae_mito_tRNA_IleGAT_modomics	54	54
Saccharomyces_cerevisiae_mito_tRNA_IleGAT_modomics	55	55
Saccharomyces_cerevisiae_mito_tRNA_IleGAT_modomics	56	56
Saccharomyces_cerevisiae_mito_tRNA_IleGAT_modomics	57	57
Saccharomyces_cerevisiae_mito_tRNA_IleGAT_modomics	58	58
Saccharomyces_cerevisiae_mito_tRNA_IleGAT_modomics	59	59
Saccharomyces_cerevisiae_mito_tRNA_IleGAT_modomics	60	60
Saccharomyces_cerevisiae_mito_tRNA_IleGAT_modomics	61	61
Saccharomyces_cerevisiae_mito_tRNA_IleGAT_modomics	62	62
Saccharomyces_cerevisiae_mito_tRNA_IleGAT_modomics	63	63
Saccharomyces_cerevisiae_mito_tRNA_IleGAT_modomics	64	64
Saccharomyces_cerevisiae_mito_tRNA_IleGAT_modomics	65	65
Saccharomyces_cerevisiae_mito_tRNA_IleGAT_modomics	66	66
Saccharomyces_cerevisiae_mito_tRNA_IleGAT_modomics	67	67
Saccharomyces_cerevisiae_mito_tRNA_IleGAT_modomics	68	68
Saccharomyces_cerevisiae_mito_tRNA_IleGAT_modomics	69	69
Saccharomyces_cerevisiae_mito_tRNA_IleGAT_modomics	70	70
Saccharomyces_cerevisiae_mito_tRNA_IleGAT_modomics	71	71
Saccharomyces_cerevisiae_mito_tRNA_IleGAT_modomics	72	72
Saccharomyces_cerevisiae_mito_tRNA_IleGAT_modomics	73	73
Saccharomyces_cerevisiae_mito_tRNA_IleGAT_modomics	74	74
Saccharomyces_cerevisiae_mito_tRNA_IleGAT_modomics	75	75
Saccharomyces_cerevisiae_mito_tRNA_IleGAT_modomics	76	76
Saccharomyces_cerevisiae_mito_LeuTAA_modomics	1	1
Saccharomyces_cerevisiae_mito_LeuTAA_modomics	2	2
Saccharomyces_cerevisiae_mito_LeuTAA_modomics	3	3
Saccharomyces_cerevisiae_mito_LeuTAA_modomics	4	4
Saccharomyces_cerevisiae_mito_LeuTAA_modomics	5	5
Saccharomyces_cerevisiae_mito_LeuTAA_modomics	6	6
Saccharomyces_cerevisiae_mito_LeuTAA_modomics	7	7
Saccharomyces_cerevisiae_mito_LeuTAA_modomics	8	8
Saccharomyces_cerevisiae_mito_LeuTAA_modomics	9	9
Saccharomyces_cerevisiae_mito_LeuTAA_modomics	10	10
Saccharomyces_cerevisiae_mito_LeuTAA_modomics	11	11
Saccharomyces_cerevisiae_mito_LeuTAA_modomics	12	12
Saccharomyces_cerevisiae_mito_LeuTAA_modomics	13	13
Saccharomyces_cerevisiae_mito_LeuTAA_modomics	14	14
Saccharomyces_cerevisiae_mito_LeuTAA_modomics	15	15
Saccharomyces_cerevisiae_mito_LeuTAA_modomics	16	16
Saccharomyces_cerevisiae_mito_LeuTAA_modomics	17	17
Saccharomyces_cerevisiae_mito_LeuTAA_modomics	18	18
Saccharomyces_cerevisiae_mito_LeuTAA_modomics	19	19
Saccharomyces_cerevisiae_mito_LeuTAA_modomics	20	20
Saccharomyces_cerevisiae_mito_LeuTAA_modomics	21	20a
Saccharomyces_cerevisiae_mito_LeuTAA_modomics	22	21
Saccharomyces_cerevisiae_mito_LeuTAA_modomics	23	22
Saccharomyces_cerevisiae_mito_LeuTAA_modomics	24	23
Saccharomyces_cerevisiae_mito_LeuTAA_modomics	25	24
Saccharomyces_cerevisiae_mito_LeuTAA_modomics	26	25
Saccharomyces_cerevisiae_mito_LeuTAA_modomics	27	26
Saccharomyces_cerevisiae_mito_LeuTAA_modomics	28	27
Saccharomyces_cerevisiae_mito_LeuTAA_modomics	29	28
Saccharomyces_cerevisiae_mito_LeuTAA_modomics	30	29
Saccharomyces_cerevisiae_mito_LeuTAA_modomics	31	30
Saccharomyces_cerevisiae_mito_LeuTAA_modomics	32	31
Saccharomyces_cerevisiae_mito_LeuTAA_modomics	33	32
Saccharomyces_cerevisiae_mito_LeuTAA_modomics	34	33
Saccharomyces_cerevisiae_mito_LeuTAA_modomics	35	34
Saccharomyces_cerevisiae_mito_LeuTAA_modomics	36	35
Saccharomyces_cerevisiae_mito_LeuTAA_modomics	37	36
Saccharomyces_cerevisiae_mito_LeuTAA_modomics	38	37
Saccharomyces_cerevisiae_mito_LeuTAA_modomics	39	38
Saccharomyces_cerevisiae_mito_LeuTAA_modomics	40	39
Saccharomyces_cerevisiae_mito_LeuTAA_modomics	41	40
Saccharomyces_cerevisiae_mito_LeuTAA_modomics	42	41
Saccharomyces_cerevisiae_mito_LeuTAA_modomics	43	42
Saccharomyces_cerevisiae_mito_LeuTAA_modomics	44	43
Saccharomyces_cerevisiae_mito_LeuTAA_modomics	45	44
Saccharomyces_cerevisiae_mito_LeuTAA_modomics	46	45
Saccharomyces_cerevisiae_mito_LeuTAA_modomics	47	V11
Saccharomyces_cerevisiae_mito_LeuTAA_modomics	48	V12
Saccharomyces_cerevisiae_mito_LeuTAA_modomics	49	V13
Saccharomyces_cerevisiae_mito_LeuTAA_modomics	50	V14
Saccharomyces_cerevisiae_mito_LeuTAA_modomics	51	V24
Saccharomyces_cerevisiae_mito_LeuTAA_modomics	52	V23
Saccharomyces_cerevisiae_mito_LeuTAA_modomics	53	V22
Saccharomyces_cerevisiae_mito_LeuTAA_modomics	54	V21
Saccharomyces_cerevisiae_mito_LeuTAA_modomics	55	46
Saccharomyces_cerevisiae_mito_LeuTAA_modomics	56	47
Saccharomyces_cerevisiae_mito_LeuTAA_modomics	57	48
Saccharomyces_cerevisiae_mito_LeuTAA_modomics	58	49
Saccharomyces_cerevisiae_mito_LeuTAA_modomics	59	50
Saccharomyces_cerevisiae_mito_LeuTAA_modomics	60	51
Saccharomyces_cerevisiae_mito_LeuTAA_modomics	61	52
Saccharomyces_cerevisiae_mito_LeuTAA_modomics	62	53
Saccharomyces_cerevisiae_mito_LeuTAA_modomics	63	54
Saccharomyces_cerevisiae_mito_LeuTAA_modomics	64	55
Saccharomyces_cerevisiae_mito_LeuTAA_modomics	65	56
Saccharomyces_cerevisiae_mito_LeuTAA_modomics	66	57
Saccharomyces_cerevisiae_mito_LeuTAA_modomics	67	58
Saccharomyces_cerevisiae_mito_LeuTAA_modomics	68	59
Saccharomyces_cerevisiae_mito_LeuTAA_modomics	69	60
Saccharomyces_cerevisiae_mito_LeuTAA_modomics	70	61
Saccharomyces_cerevisiae_mito_LeuTAA_modomics	71	62
Saccharomyces_cerevisiae_mito_LeuTAA_modomics	72	63
Saccharomyces_cerevisiae_mito_LeuTAA_modomics	73	64
Saccharomyces_cerevisiae_mito_LeuTAA_modomics	74	65
Saccharomyces_cerevisiae_mito_LeuTAA_modomics	75	66
Saccharomyces_cerevisiae_mito_LeuTAA_modomics	76	67
Saccharomyces_cerevisiae_mito_LeuTAA_modomics	77	68
Saccharomyces_cerevisiae_mito_LeuTAA_modomics	78	69
Saccharomyces_cerevisiae_mito_LeuTAA_modomics	79	70
Saccharomyces_cerevisiae_mito_LeuTAA_modomics	80	71
Saccharomyces_cerevisiae_mito_LeuTAA_modomics	81	72
Saccharomyces_cerevisiae_mito_LeuTAA_modomics	82	73
Saccharomyces_cerevisiae_mito_LeuTAA_modomics	83	74
Saccharomyces_cerevisiae_mito_LeuTAA_modomics	84	75
Saccharomyces_cerevisiae_mito_LeuTAA_modomics	85	76
Saccharomyces_cerevisiae_mito_LysTTT_modomics	1	1
Saccharomyces_cerevisiae_mito_LysTTT_modomics	2	2
Saccharomyces_cerevisiae_mito_LysTTT_modomics	3	3
Saccharomyces_cerevisiae_mito_LysTTT_modomics	4	4
Saccharomyces_cerevisiae_mito_LysTTT_modomics	5	5
Saccharomyces_cerevisiae_mito_LysTTT_modomics	6	6
Saccharomyces_cerevisiae_mito_LysTTT_modomics	7	7
Saccharomyces_cerevisiae_mito_LysTTT_modomics	8	8
Saccharomyces_cerevisiae_mito_LysTTT_modomics	9	9
Saccharomyces_cerevisiae_mito_LysTTT_modomics	10	10
Saccharomyces_cerevisiae_mito_LysTTT_modomics	11	11
Saccharomyces_cerevisiae_mito_LysTTT_modomics	12	12
Saccharomyces_cerevisiae_mito_LysTTT_modomics	13	13
Saccharomyces_cerevisiae_mito_LysTTT_modomics	14	14
Saccharomyces_cerevisiae_mito_LysTTT_modomics	15	15
Saccharomyces_cerevisiae_mito_LysTTT_modomics	16	16
Saccharomyces_cerevisiae_mito_LysTTT_modomics	17	18
Saccharomyces_cerevisiae_mito_LysTTT_modomics	18	19
Saccharomyces_cerevisiae_mito_LysTTT_modomics	19	20
Saccharomyces_cerevisiae_mito_LysTTT_modomics	20	21
Saccharomyces_cerevisiae_mito_LysTTT_modomics	21	22
Saccharomyces_cerevisiae_mito_LysTTT_modomics	22	23
Saccharomyces_cerevisiae_mito_LysTTT_modomics	23	24
Saccharomyces_cerevisiae_mito_LysTTT_modomics	24	25
Saccharomyces_cerevisiae_mito_LysTTT_modomics	25	26
Saccharomyces_cerevisiae_mito_LysTTT_modomics	26	27
Saccharomyces_cerevisiae_mito_LysTTT_modomics	27	28
Saccharomyces_cerevisiae_mito_LysTTT_modomics	28	29
Saccharomyces_cerevisiae_mito_LysTTT_modomics	29	30
Saccharomyces_cerevisiae_mito_LysTTT_modomics	30	31
Saccharomyces_cerevisiae_mito_LysTTT_modomics	31	32
Saccharomyces_cerevisiae_mito_LysTTT_modomics	32	33
Saccharomyces_cerevisiae_mito_LysTTT_modomics	33	34
Saccharomyces_cerevisiae_mito_LysTTT_modomics	34	35
Saccharomyces_cerevisiae_mito_LysTTT_modomics	35	36
Saccharomyces_cerevisiae_mito_LysTTT_modomics	36	37
Saccharomyces_cerevisiae_mito_LysTTT_modomics	37	38
Saccharomyces_cerevisiae_mito_LysTTT_modomics	38	39
Saccharomyces_cerevisiae_mito_LysTTT_modomics	39	40
Saccharomyces_cerevisiae_mito_LysTTT_modomics	40	41
Saccharomyces_cerevisiae_mito_LysTTT_modomics	41	42
Saccharomyces_cerevisiae_mito_LysTTT_modomics	42	43
Saccharomyces_cerevisiae_mito_LysTTT_modomics	43	44
Saccharomyces_cerevisiae_mito_LysTTT_modomics	44	45
Saccharomyces_cerevisiae_mito_LysTTT_modomics	45	46
Saccharomyces_cerevisiae_mito_LysTTT_modomics	46	48
Saccharomyces_cerevisiae_mito_LysTTT_modomics	47	49
Saccharomyces_cerevisiae_mito_LysTTT_modomics	48	50
Saccharomyces_cerevisiae_mito_LysTTT_modomics	49	50i1
Saccharomyces_cerevisiae_mito_LysTTT_modomics	50	51
Saccharomyces_cerevisiae_mito_LysTTT_modomics	51	52
Saccharomyces_cerevisiae_mito_LysTTT_modomics	52	53
Saccharomyces_cerevisiae_mito_LysTTT_modomics	53	54
Saccharomyces_cerevisiae_mito_LysTTT_modomics	54	55
Saccharomyces_cerevisiae_mito_LysTTT_modomics	55	56
Saccharomyces_cerevisiae_mito_LysTTT_modomics	56	57
Saccharomyces_cerevisiae_mito_LysTTT_modomics	57	58
Saccharomyces_cerevisiae_mito_LysTTT_modomics	58	59
Saccharomyces_cerevisiae_mito_LysTTT_modomics	59	60
Saccharomyces_cerevisiae_mito_LysTTT_modomics	60	61
Saccharomyces_cerevisiae_mito_LysTTT_modomics	61	62
Saccharomyces_cerevisiae_mito_LysTTT_modomics	62	63
Saccharomyces_cerevisiae_mito_LysTTT_modomics	63	64
Saccharomyces_cerevisiae_mito_LysTTT_modomics	64	65
Saccharomyces_cerevisiae_mito_LysTTT_modomics	65	66
Saccharomyces_cerevisiae_mito_LysTTT_modomics	66	67
Saccharomyces_cerevisiae_mito_LysTTT_modomics	67	68
Saccharomyces_cerevisiae_mito_LysTTT_modomics	68	69
Saccharomyces_cerevisiae_mito_LysTTT_modomics	69	70
Saccharomyces_cerevisiae_mito_LysTTT_modomics	70	71
Saccharomyces_cerevisiae_mito_LysTTT_modomics	71	72
Saccharomyces_cerevisiae_mito_LysTTT_modomics	72	73
Saccharomyces_cerevisiae_mito_LysTTT_modomics	73	74
Saccharomyces_cerevisiae_mito_LysTTT_modomics	74	75
Saccharomyces_cerevisiae_mito_LysTTT_modomics	75	76
Saccharomyces_cerevisiae_mito_imetCAT_modomics	1	1
Saccharomyces_cerevisiae_mito_imetCAT_modomics	2	2
Saccharomyces_cerevisiae_mito_imetCAT_modomics	3	3
Saccharomyces_cerevisiae_mito_imetCAT_modomics	4	4
Saccharomyces_cerevisiae_mito_imetCAT_modomics	5	5
Saccharomyces_cerevisiae_mito_imetCAT_modomics	6	6
Saccharomyces_cerevisiae_mito_imetCAT_modomics	7	7
Saccharomyces_cerevisiae_mito_imetCAT_modomics	8	8
Saccharomyces_cerevisiae_mito_imetCAT_modomics	9	9
Saccharomyces_cerevisiae_mito_imetCAT_modomics	10	10
Saccharomyces_cerevisiae_mito_imetCAT_modomics	11	11
Saccharomyces_cerevisiae_mito_imetCAT_modomics	12	12
Saccharomyces_cerevisiae_mito_imetCAT_modomics	13	13
Saccharomyces_cerevisiae_mito_imetCAT_modomics	14	14
Saccharomyces_cerevisiae_mito_imetCAT_modomics	15	15
Saccharomyces_cerevisiae_mito_imetCAT_modomics	16	16
Saccharomyces_cerevisiae_mito_imetCAT_modomics	17	17
Saccharomyces_cerevisiae_mito_imetCAT_modomics	18	18
Saccharomyces_cerevisiae_mito_imetCAT_modomics	19	19
Saccharomyces_cerevisiae_mito_imetCAT_modomics	20	20
Saccharomyces_cerevisiae_mito_imetCAT_modomics	21	20a
Saccharomyces_cerevisiae_mito_imetCAT_modomics	22	21
Saccharomyces_cerevisiae_mito_imetCAT_modomics	23	22
Saccharomyces_cerevisiae_mito_imetCAT_modomics	24	23
Saccharomyces_cerevisiae_mito_imetCAT_modomics	25	24
Saccharomyces_cerevisiae_mito_imetCAT_modomics	26	25
Saccharomyces_cerevisiae_mito_imetCAT_modomics	27	26
Saccharomyces_cerevisiae_mito_imetCAT_modomics	28	27
Saccharomyces_cerevisiae_mito_imetCAT_modomics	29	28
Saccharomyces_cerevisiae_mito_imetCAT_modomics	30	29
Saccharomyces_cerevisiae_mito_imetCAT_modomics	31	30
Saccharomyces_cerevisiae_mito_imetCAT_modomics	32	31
Saccharomyces_cerevisiae_mito_imetCAT_modomics	33	32
Saccharomyces_cerevisiae_mito_imetCAT_modomics	34	33
Saccharomyces_cerevisiae_mito_imetCAT_modomics	35	34
Saccharomyces_cerevisiae_mito_imetCAT_modomics	36	35
Saccharomyces_cerevisiae_mito_imetCAT_modomics	37	36
Saccharomyces_cerevisiae_mito_imetCAT_modomics	38	37
Saccharomyces_cerevisiae_mito_imetCAT_modomics	39	38
Saccharomyces_cerevisiae_mito_imetCAT_modomics	40	39
Saccharomyces_cerevisiae_mito_imetCAT_modomics	41	40
Saccharomyces_cerevisiae_mito_imetCAT_modomics	42	41
Saccharomyces_cerevisiae_mito_imetCAT_modomics	43	42
Saccharomyces_cerevisiae_mito_imetCAT_modomics	44	43
Saccharomyces_cerevisiae_mito_imetCAT_modomics	45	44
Saccharomyces_cerevisiae_mito_imetCAT_modomics	46	45
Saccharomyces_cerevisiae_mito_imetCAT_modomics	47	46
Saccharomyces_cerevisiae_mito_imetCAT_modomics	48	48
Saccharomyces_cerevisiae_mito_imetCAT_modomics	49	49
Saccharomyces_cerevisiae_mito_imetCAT_modomics	50	50
Saccharomyces_cerevisiae_mito_imetCAT_modomics	51	51
Saccharomyces_cerevisiae_mito_imetCAT_modomics	52	52
Saccharomyces_cerevisiae_mito_imetCAT_modomics	53	53
Saccharomyces_cerevisiae_mito_imetCAT_modomics	54	54
Saccharomyces_cerevisiae_mito_imetCAT_modomics	55	55
Saccharomyces_cerevisiae_mito_imetCAT_modomics	56	56
Saccharomyces_cerevisiae_mito_imetCAT_modomics	57	57
Saccharomyces_cerevisiae_mito_imetCAT_modomics	58	58
Saccharomyces_cerevisiae_mito_imetCAT_modomics	59	59
Saccharomyces_cerevisiae_mito_imetCAT_modomics	60	60
Saccharomyces_cerevisiae_mito_imetCAT_modomics	61	61
Saccharomyces_cerevisiae_mito_imetCAT_modomics	62	62
Saccharomyces_cerevisiae_mito_imetCAT_modomics	63	63
Saccharomyces_cerevisiae_mito_imetCAT_modomics	64	64
Saccharomyces_cerevisiae_mito_imetCAT_modomics	65	65
Saccharomyces_cerevisiae_mito_imetCAT_modomics	66	66
Saccharomyces_cerevisiae_mito_imetCAT_modomics	67	67
Saccharomyces_cerevisiae_mito_imetCAT_modomics	68	68
Saccharomyces_cerevisiae_mito_imetCAT_modomics	69	69
Saccharomyces_cerevisiae_mito_imetCAT_modomics	70	70
Saccharomyces_cerevisiae_mito_imetCAT_modomics	71	71
Saccharomyces_cerevisiae_mito_imetCAT_modomics	72	72
Saccharomyces_cerevisiae_mito_imetCAT_modomics	73	73
Saccharomyces_cerevisiae_mito_imetCAT_modomics	74	74
Saccharomyces_cerevisiae_mito_imetCAT_modomics	75	75
Saccharomyces_cerevisiae_mito_imetCAT_modomics	76	76
Saccharomyces_cerevisiae_mito_MetCAT_modomics	1	1
Saccharomyces_cerevisiae_mito_MetCAT_modomics	2	2
Saccharomyces_cerevisiae_mito_MetCAT_modomics	3	3
Saccharomyces_cerevisiae_mito_MetCAT_modomics	4	4
Saccharomyces_cerevisiae_mito_MetCAT_modomics	5	5
Saccharomyces_cerevisiae_mito_MetCAT_modomics	6	6
Saccharomyces_cerevisiae_mito_MetCAT_modomics	7	7
Saccharomyces_cerevisiae_mito_MetCAT_modomics	8	8
Saccharomyces_cerevisiae_mito_MetCAT_modomics	9	9
Saccharomyces_cerevisiae_mito_MetCAT_modomics	10	10
Saccharomyces_cerevisiae_mito_MetCAT_modomics	11	11
Saccharomyces_cerevisiae_mito_MetCAT_modomics	12	12
Saccharomyces_cerevisiae_mito_MetCAT_modomics	13	13
Saccharomyces_cerevisiae_mito_MetCAT_modomics	14	14
Saccharomyces_cerevisiae_mito_MetCAT_modomics	15	15
Saccharomyces_cerevisiae_mito_MetCAT_modomics	16	16
Saccharomyces_cerevisiae_mito_MetCAT_modomics	17	17
Saccharomyces_cerevisiae_mito_MetCAT_modomics	18	18
Saccharomyces_cerevisiae_mito_MetCAT_modomics	19	19
Saccharomyces_cerevisiae_mito_MetCAT_modomics	20	20
Saccharomyces_cerevisiae_mito_MetCAT_modomics	21	20a
Saccharomyces_cerevisiae_mito_MetCAT_modomics	22	21
Saccharomyces_cerevisiae_mito_MetCAT_modomics	23	22
Saccharomyces_cerevisiae_mito_MetCAT_modomics	24	23
Saccharomyces_cerevisiae_mito_MetCAT_modomics	25	24
Saccharomyces_cerevisiae_mito_MetCAT_modomics	26	25
Saccharomyces_cerevisiae_mito_MetCAT_modomics	27	26
Saccharomyces_cerevisiae_mito_MetCAT_modomics	28	27
Saccharomyces_cerevisiae_mito_MetCAT_modomics	29	28
Saccharomyces_cerevisiae_mito_MetCAT_modomics	30	29
Saccharomyces_cerevisiae_mito_MetCAT_modomics	31	30
Saccharomyces_cerevisiae_mito_MetCAT_modomics	32	31
Saccharomyces_cerevisiae_mito_MetCAT_modomics	33	32
Saccharomyces_cerevisiae_mito_MetCAT_modomics	34	33
Saccharomyces_cerevisiae_mito_MetCAT_modomics	35	34
Saccharomyces_cerevisiae_mito_MetCAT_modomics	36	35
Saccharomyces_cerevisiae_mito_MetCAT_modomics	37	36
Saccharomyces_cerevisiae_mito_MetCAT_modomics	38	37
Saccharomyces_cerevisiae_mito_MetCAT_modomics	39	38
Saccharomyces_cerevisiae_mito_MetCAT_modomics	40	39
Saccharomyces_cerevisiae_mito_MetCAT_modomics	41	40
Saccharomyces_cerevisiae_mito_MetCAT_modomics	42	41
Saccharomyces_cerevisiae_mito_MetCAT_modomics	43	42
Saccharomyces_cerevisiae_mito_MetCAT_modomics	44	43
Saccharomyces_cerevisiae_mito_MetCAT_modomics	45	44
Saccharomyces_cerevisiae_mito_MetCAT_modomics	46	45
Saccharomyces_cerevisiae_mito_MetCAT_modomics	47	46
Saccharomyces_cerevisiae_mito_MetCAT_modomics	48	48
Saccharomyces_cerevisiae_mito_MetCAT_modomics	49	49
Saccharomyces_cerevisiae_mito_MetCAT_modomics	50	49i1
Saccharomyces_cerevisiae_mito_MetCAT_modomics	51	50
Saccharomyces_cerevisiae_mito_MetCAT_modomics	52	51
Saccharomyces_cerevisiae_mito_MetCAT_modomics	53	52
Saccharomyces_cerevisiae_mito_MetCAT_modomics	54	53
Saccharomyces_cerevisiae_mito_MetCAT_modomics	55	54
Saccharomyces_cerevisiae_mito_MetCAT_modomics	56	55
Saccharomyces_cerevisiae_mito_MetCAT_modomics	57	56
Saccharomyces_cerevisiae_mito_MetCAT_modomics	58	57
Saccharomyces_cerevisiae_mito_MetCAT_modomics	59	58
Saccharomyces_cerevisiae_mito_MetCAT_modomics	60	59
Saccharomyces_cerevisiae_mito_MetCAT_modomics	61	60
Saccharomyces_cerevisiae_mito_MetCAT_modomics	62	61
Saccharomyces_cerevisiae_mito_MetCAT_modomics	63	62
Saccharomyces_cerevisiae_mito_MetCAT_modomics	64	63
Saccharomyces_cerevisiae_mito_MetCAT_modomics	65	64
Saccharomyces_cerevisiae_mito_MetCAT_modomics	66	65
Saccharomyces_cerevisiae_mito_MetCAT_modomics	67	66
Saccharomyces_cerevisiae_mito_MetCAT_modomics	68	67
Saccharomyces_cerevisiae_mito_MetCAT_modomics	69	68
Saccharomyces_cerevisiae_mito_MetCAT_modomics	70	69
Saccharomyces_cerevisiae_mito_MetCAT_modomics	71	70
Saccharomyces_cerevisiae_mito_MetCAT_modomics	72	71
Saccharomyces_cerevisiae_mito_MetCAT_modomics	73	72
Saccharomyces_cerevisiae_mito_MetCAT_modomics	74	73
Saccharomyces_cerevisiae_mito_MetCAT_modomics	75	74
Saccharomyces_cerevisiae_mito_MetCAT_modomics	76	75
Saccharomyces_cerevisiae_mito_MetCAT_modomics	77	76
Saccharomyces_cerevisiae_mito_PheGAA_modomics	1	1
Saccharomyces_cerevisiae_mito_PheGAA_modomics	2	2
Saccharomyces_cerevisiae_mito_PheGAA_modomics	3	3
Saccharomyces_cerevisiae_mito_PheGAA_modomics	4	4
Saccharomyces_cerevisiae_mito_PheGAA_modomics	5	5
Saccharomyces_cerevisiae_mito_PheGAA_modomics	6	6
Saccharomyces_cerevisiae_mito_PheGAA_modomics	7	7
Saccharomyces_cerevisiae_mito_PheGAA_modomics	8	8
Saccharomyces_cerevisiae_mito_PheGAA_modomics	9	9
Saccharomyces_cerevisiae_mito_PheGAA_modomics	10	10
Saccharomyces_cerevisiae_mito_PheGAA_modomics	11	11
Saccharomyces_cerevisiae_mito_PheGAA_modomics	12	12
Saccharomyces_cerevisiae_mito_PheGAA_modomics	13	13
Saccharomyces_cerevisiae_mito_PheGAA_modomics	14	14
Saccharomyces_cerevisiae_mito_PheGAA_modomics	15	15
Saccharomyces_cerevisiae_mito_PheGAA_modomics	16	16
Saccharomyces_cerevisiae_mito_PheGAA_modomics	17	18
Saccharomyces_cerevisiae_mito_PheGAA_modomics	18	19
Saccharomyces_cerevisiae_mito_PheGAA_modomics	19	20
Saccharomyces_cerevisiae_mito_PheGAA_modomics	20	21
Saccharomyces_cerevisiae_mito_PheGAA_modomics	21	22
Saccharomyces_cerevisiae_mito_PheGAA_modomics	22	23
Saccharomyces_cerevisiae_mito_PheGAA_modomics	23	24
Saccharomyces_cerevisiae_mito_PheGAA_modomics	24	25
Saccharomyces_cerevisiae_mito_PheGAA_modomics	25	26
Saccharomyces_cerevisiae_mito_PheGAA_modomics	26	27
Saccharomyces_cerevisiae_mito_PheGAA_modomics	27	28
Saccharomyces_cerevisiae_mito_PheGAA_modomics	28	29
Saccharomyces_cerevisiae_mito_PheGAA_modomics	29	30
Saccharomyces_cerevisiae_mito_PheGAA_modomics	30	31
Saccharomyces_cerevisiae_mito_PheGAA_modomics	31	32
Saccharomyces_cerevisiae_mito_PheGAA_modomics	32	33
Saccharomyces_cerevisiae_mito_PheGAA_modomics	33	34
Saccharomyces_cerevisiae_mito_PheGAA_modomics	34	35
Saccharomyces_cerevisiae_mito_PheGAA_modomics	35	36
Saccharomyces_cerevisiae_mito_PheGAA_modomics	36	37
Saccharomyces_cerevisiae_mito_PheGAA_modomics	37	38
Saccharomyces_cerevisiae_mito_PheGAA_modomics	38	39
Saccharomyces_cerevisiae_mito_PheGAA_modomics	39	40
Saccharomyces_cerevisiae_mito_PheGAA_modomics	40	41
Saccharomyces_cerevisiae_mito_PheGAA_modomics	41	42
Saccharomyces_cerevisiae_mito_PheGAA_modomics	42	43
Saccharomyces_cerevisiae_mito_PheGAA_modomics	43	44
Saccharomyces_cerevisiae_mito_PheGAA_modomics	44	45
Saccharomyces_cerevisiae_mito_PheGAA_modomics	45	46
Saccharomyces_cerevisiae_mito_PheGAA_modomics	46	48
Saccharomyces_cerevisiae_mito_PheGAA_modomics	47	49
Saccharomyces_cerevisiae_mito_PheGAA_modomics	48	50
Saccharomyces_cerevisiae_mito_PheGAA_modomics	49	51
Saccharomyces_cerevisiae_mito_PheGAA_modomics	50	51i1
Saccharomyces_cerevisiae_mito_PheGAA_modomics	51	52
Saccharomyces_cerevisiae_mito_PheGAA_modomics	52	53
Saccharomyces_cerevisiae_mito_PheGAA_modomics	53	54
Saccharomyces_cerevisiae_mito_PheGAA_modomics	54	55
Saccharomyces_cerevisiae_mito_PheGAA_modomics	55	56
Saccharomyces_cerevisiae_mito_PheGAA_modomics	56	57
Saccharomyces_cerevisiae_mito_PheGAA_modomics	57	58
Saccharomyces_cerevisiae_mito_PheGAA_modomics	58	59
Saccharomyces_cerevisiae_mito_PheGAA_modomics	59	60
Saccharomyces_cerevisiae_mito_PheGAA_modomics	60	61
Saccharomyces_cerevisiae_mito_PheGAA_modomics	61	62
Saccharomyces_cerevisiae_mito_PheGAA_modomics	62	63
Saccharomyces_cerevisiae_mito_PheGAA_modomics	63	64
Saccharomyces_cerevisiae_mito_PheGAA_modomics	64	65
Saccharomyces_cerevisiae_mito_PheGAA_modomics	65	66
Saccharomyces_cerevisiae_mito_PheGAA_modomics	66	67
Saccharomyces_cerevisiae_mito_PheGAA_modomics	67	68
Saccharomyces_cerevisiae_mito_PheGAA_modomics	68	69
Saccharomyces_cerevisiae_mito_PheGAA_modomics	69	70
Saccharomyces_cerevisiae_mito_PheGAA_modomics	70	71
Saccharomyces_cerevisiae_mito_PheGAA_modomics	71	72
Saccharomyces_cerevisiae_mito_PheGAA_modomics	72	73
Saccharomyces_cerevisiae_mito_PheGAA_modomics	73	74
Saccharomyces_cerevisiae_mito_PheGAA_modomics	74	75
Saccharomyces_cerevisiae_mito_PheGAA_modomics	75	76
Saccharomyces_cerevisiae_mito_ProTGG_tRNA_NCBI_modomics	1	1
Saccharomyces_cerevisiae_mito_ProTGG_tRNA_NCBI_modomics	2	2
Saccharomyces_cerevisiae_mito_ProTGG_tRNA_NCBI_modomics	3	3
Saccharomyces_cerevisiae_mito_ProTGG_tRNA_NCBI_modomics	4	4
Saccharomyces_cerevisiae_mito_ProTGG_tRNA_NCBI_modomics	5	5
Saccharomyces_cerevisiae_mito_ProTGG_tRNA_NCBI_modomics	6	6
Saccharomyces_cerevisiae_mito_ProTGG_tRNA_NCBI_modomics	7	7
Saccharomyces_cerevisiae_mito_ProTGG_tRNA_NCBI_modomics	8	8
Saccharomyces_cerevisiae_mito_ProTGG_tRNA_NCBI_modomics	9	9
Saccharomyces_cerevisiae_mito_ProTGG_tRNA_NCBI_modomics	10	10
Saccharomyces_cerevisiae_mito_ProTGG_tRNA_NCBI_modomics	11	11
Saccharomyces_cerevisiae_mito_ProTGG_tRNA_NCBI_modomics	12	12
Saccharomyces_cerevisiae_mito_ProTGG_tRNA_NCBI_modomics	13	13
Saccharomyces_cerevisiae_mito_ProTGG_tRNA_NCBI_modomics	14	14
Saccharomyces_cerevisiae_mito_ProTGG_tRNA_NCBI_modomics	15	15
Saccharomyces_cerevisiae_mito_ProTGG_tRNA_NCBI_modomics	16	16
Saccharomyces_cerevisiae_mito_ProTGG_tRNA_NCBI_modomics	17	18
Saccharomyces_cerevisiae_mito_ProTGG_tRNA_NCBI_modomics	18	19
Saccharomyces_cerevisiae_mito_ProTGG_tRNA_NCBI_modomics	19	20
Saccharomyces_cerevisiae_mito_ProTGG_tRNA_NCBI_modomics	20	21
Saccharomyces_cerevisiae_mito_ProTGG_tRNA_NCBI_modomics	21	22
Saccharomyces_cerevisiae_mito_ProTGG_tRNA_NCBI_modomics	22	23
Saccharomyces_cerevisiae_mito_ProTGG_tRNA_NCBI_modomics	23	24
Saccharomyces_cerevisiae_mito_ProTGG_tRNA_NCBI_modomics	24	25
Saccharomyces_cerevisiae_mito_ProTGG_tRNA_NCBI_modomics	25	26
Saccharomyces_cerevisiae_mito_ProTGG_tRNA_NCBI_modomics	26	27
Saccharomyces_cerevisiae_mito_ProTGG_tRNA_NCBI_modomics	27	28
Saccharomyces_cerevisiae_mito_ProTGG_tRNA_NCBI_modomics	28	29
Saccharomyces_cerevisiae_mito_ProTGG_tRNA_NCBI_modomics	29	30
Saccharomyces_cerevisiae_mito_ProTGG_tRNA_NCBI_modomics	30	31
Saccharomyces_cerevisiae_mito_ProTGG_tRNA_NCBI_modomics	31	32
Saccharomyces_cerevisiae_mito_ProTGG_tRNA_NCBI_modomics	32	33
Saccharomyces_cerevisiae_mito_ProTGG_tRNA_NCBI_modomics	33	34
Saccharomyces_cerevisiae_mito_ProTGG_tRNA_NCBI_modomics	34	35
Saccharomyces_cerevisiae_mito_ProTGG_tRNA_NCBI_modomics	35	36
Saccharomyces_cerevisiae_mito_ProTGG_tRNA_NCBI_modomics	36	37
Saccharomyces_cerevisiae_mito_ProTGG_tRNA_NCBI_modomics	37	38
Saccharomyces_cerevisiae_mito_ProTGG_tRNA_NCBI_modomics	38	39
Saccharomyces_cerevisiae_mito_ProTGG_tRNA_NCBI_modomics	39	40
Saccharomyces_cerevisiae_mito_ProTGG_tRNA_NCBI_modomics	40	41
Saccharomyces_cerevisiae_mito_ProTGG_tRNA_NCBI_modomics	41	42
Saccharomyces_cerevisiae_mito_ProTGG_tRNA_NCBI_modomics	42	43
Saccharomyces_cerevisiae_mito_ProTGG_tRNA_NCBI_modomics	43	44
Saccharomyces_cerevisiae_mito_ProTGG_tRNA_NCBI_modomics	44	45
Saccharomyces_cerevisiae_mito_ProTGG_tRNA_NCBI_modomics	45	46
Saccharomyces_cerevisiae_mito_ProTGG_tRNA_NCBI_modomics	46	47
Saccharomyces_cerevisiae_mito_ProTGG_tRNA_NCBI_modomics	47	48
Saccharomyces_cerevisiae_mito_ProTGG_tRNA_NCBI_modomics	48	49
Saccharomyces_cerevisiae_mito_ProTGG_tRNA_NCBI_modomics	49	50
Saccharomyces_cerevisiae_mito_ProTGG_tRNA_NCBI_modomics	50	51
Saccharomyces_cerevisiae_mito_ProTGG_tRNA_NCBI_modomics	51	52
Saccharomyces_cerevisiae_mito_ProTGG_tRNA_NCBI_modomics	52	53
Saccharomyces_cerevisiae_mito_ProTGG_tRNA_NCBI_modomics	53	54
Saccharomyces_cerevisiae_mito_ProTGG_tRNA_NCBI_modomics	54	55
Saccharomyces_cerevisiae_mito_ProTGG_tRNA_NCBI_modomics	55	56
Saccharomyces_cerevisiae_mito_ProTGG_tRNA_NCBI_modomics	56	57
Saccharomyces_cerevisiae_mito_ProTGG_tRNA_NCBI_modomics	57	58
Saccharomyces_cerevisiae_mito_ProTGG_tRNA_NCBI_modomics	58	59
Saccharomyces_cerevisiae_mito_ProTGG_tRNA_NCBI_modomics	59	60
Saccharomyces_cerevisiae_mito_ProTGG_tRNA_NCBI_modomics	60	61
Saccharomyces_cerevisiae_mito_ProTGG_tRNA_NCBI_modomics	61	62
Saccharomyces_cerevisiae_mito_ProTGG_tRNA_NCBI_modomics	62	63
Saccharomyces_cerevisiae_mito_ProTGG_tRNA_NCBI_modomics	63	64
Saccharomyces_cerevisiae_mito_ProTGG_tRNA_NCBI_modomics	64	65
Saccharomyces_cerevisiae_mito_ProTGG_tRNA_NCBI_modomics	65	66
Saccharomyces_cerevisiae_mito_ProTGG_tRNA_NCBI_modomics	66	67
Saccharomyces_cerevisiae_mito_ProTGG_tRNA_NCBI_modomics	67	68
Saccharomyces_cerevisiae_mito_ProTGG_tRNA_NCBI_modomics	68	69
Saccharomyces_cerevisiae_mito_ProTGG_tRNA_NCBI_modomics	69	70
Saccharomyces_cerevisiae_mito_ProTGG_tRNA_NCBI_modomics	70	71
Saccharomyces_cerevisiae_mito_ProTGG_tRNA_NCBI_modomics	71	72
Saccharomyces_cerevisiae_mito_ProTGG_tRNA_NCBI_modomics	72	73
Saccharomyces_cerevisiae_mito_ProTGG_tRNA_NCBI_modomics	73	74
Saccharomyces_cerevisiae_mito_ProTGG_tRNA_NCBI_modomics	74	75
Saccharomyces_cerevisiae_mito_ProTGG_tRNA_NCBI_modomics	75	76
Saccharomyces_cerevisiae_mito_SerGCT_modomics	1	1
Saccharomyces_cerevisiae_mito_SerGCT_modomics	2	2
Saccharomyces_cerevisiae_mito_SerGCT_modomics	3	3
Saccharomyces_cerevisiae_mito_SerGCT_modomics	4	4
Saccharomyces_cerevisiae_mito_SerGCT_modomics	5	5
Saccharomyces_cerevisiae_mito_SerGCT_modomics	6	6
Saccharomyces_cerevisiae_mito_SerGCT_modomics	7	7
Saccharomyces_cerevisiae_mito_SerGCT_modomics	8	8
Saccharomyces_cerevisiae_mito_SerGCT_modomics	9	9
Saccharomyces_cerevisiae_mito_SerGCT_modomics	10	10
Saccharomyces_cerevisiae_mito_SerGCT_modomics	11	11
Saccharomyces_cerevisiae_mito_SerGCT_modomics	12	12
Saccharomyces_cerevisiae_mito_SerGCT_modomics	13	13
Saccharomyces_cerevisiae_mito_SerGCT_modomics	14	16
Saccharomyces_cerevisiae_mito_SerGCT_modomics	15	17
Saccharomyces_cerevisiae_mito_SerGCT_modomics	16	18
Saccharomyces_cerevisiae_mito_SerGCT_modomics	17	19
Saccharomyces_cerevisiae_mito_SerGCT_modomics	18	20
Saccharomyces_cerevisiae_mito_SerGCT_modomics	19	21
Saccharomyces_cerevisiae_mito_SerGCT_modomics	20	22
Saccharomyces_cerevisiae_mito_SerGCT_modomics	21	23
Saccharomyces_cerevisiae_mito_SerGCT_modomics	22	24
Saccharomyces_cerevisiae_mito_SerGCT_modomics	23	25
Saccharomyces_cerevisiae_mito_SerGCT_modomics	24	26
Saccharomyces_cerevisiae_mito_SerGCT_modomics	25	26i1
Saccharomyces_cerevisiae_mito_SerGCT_modomics	26	27
Saccharomyces_cerevisiae_mito_SerGCT_modomics	27	28
Saccharomyces_cerevisiae_mito_SerGCT_modomics	28	29
Saccharomyces_cerevisiae_mito_SerGCT_modomics	29	30
Saccharomyces_cerevisiae_mito_SerGCT_modomics	30	31
Saccharomyces_cerevisiae_mito_SerGCT_modomics	31	32
Saccharomyces_cerevisiae_mito_SerGCT_modomics	32	33
Saccharomyces_cerevisiae_mito_SerGCT_modomics	33	34
Saccharomyces_cerevisiae_mito_SerGCT_modomics	34	35
Saccharomyces_cerevisiae_mito_SerGCT_modomics	35	36
Saccharomyces_cerevisiae_mito_SerGCT_modomics	36	37
Saccharomyces_cerevisiae_mito_SerGCT_modomics	37	38
Saccharomyces_cerevisiae_mito_SerGCT_modomics	38	39
Saccharomyces_cerevisiae_mito_SerGCT_modomics	39	40
Saccharomyces_cerevisiae_mito_SerGCT_modomics	40	41
Saccharomyces_cerevisiae_mito_SerGCT_modomics	41	42
Saccharomyces_cerevisiae_mito_SerGCT_modomics	42	43
Saccharomyces_cerevisiae_mito_SerGCT_modomics	43	44
Saccharomyces_cerevisiae_mito_SerGCT_modomics	44	45
Saccharomyces_cerevisiae_mito_SerGCT_modomics	45	V11
Saccharomyces_cerevisiae_mito_SerGCT_modomics	46	V12
Saccharomyces_cerevisiae_mito_SerGCT_modomics	47	V13
Saccharomyces_cerevisiae_mito_SerGCT_modomics	48	V14
Saccharomyces_cerevisiae_mito_SerGCT_modomics	49	V1
Saccharomyces_cerevisiae_mito_SerGCT_modomics	50	V2
Saccharomyces_cerevisiae_mito_SerGCT_modomics	51	V3
Saccharomyces_cerevisiae_mito_SerGCT_modomics	52	V24
Saccharomyces_cerevisiae_mito_SerGCT_modomics	53	V23
Saccharomyces_cerevisiae_mito_SerGCT_modomics	54	V22
Saccharomyces_cerevisiae_mito_SerGCT_modomics	55	V21
Saccharomyces_cerevisiae_mito_SerGCT_modomics	56	46
Saccharomyces_cerevisiae_mito_SerGCT_modomics	57	47
Saccharomyces_cerevisiae_mito_SerGCT_modomics	58	48
Saccharomyces_cerevisiae_mito_SerGCT_modomics	59	49
Saccharomyces_cerevisiae_mito_SerGCT_modomics	60	50
Saccharomyces_cerevisiae_mito_SerGCT_modomics	61	51
Saccharomyces_cerevisiae_mito_SerGCT_modomics	62	52
Saccharomyces_cerevisiae_mito_SerGCT_modomics	63	53
Saccharomyces_cerevisiae_mito_SerGCT_modomics	64	54
Saccharomyces_cerevisiae_mito_SerGCT_modomics	65	55
Saccharomyces_cerevisiae_mito_SerGCT_modomics	66	56
Saccharomyces_cerevisiae_mito_SerGCT_modomics	67	57
Saccharomyces_cerevisiae_mito_SerGCT_modomics	68	58
Saccharomyces_cerevisiae_mito_SerGCT_modomics	69	59
Saccharomyces_cerevisiae_mito_SerGCT_modomics	70	60
Saccharomyces_cerevisiae_mito_SerGCT_modomics	71	61
Saccharomyces_cerevisiae_mito_SerGCT_modomics	72	62
Saccharomyces_cerevisiae_mito_SerGCT_modomics	73	63
Saccharomyces_cerevisiae_mito_SerGCT_modomics	74	64
Saccharomyces_cerevisiae_mito_SerGCT_modomics	75	65
Saccharomyces_cerevisiae_mito_SerGCT_modomics	76	66
Saccharomyces_cerevisiae_mito_SerGCT_modomics	77	67
Saccharomyces_cerevisiae_mito_SerGCT_modomics	78	68
Saccharomyces_cerevisiae_mito_SerGCT_modomics	79	69
Saccharomyces_cerevisiae_mito_SerGCT_modomics	80	70
Saccharomyces_cerevisiae_mito_SerGCT_modomics	81	71
Saccharomyces_cerevisiae_mito_SerGCT_modomics	82	72
Saccharomyces_cerevisiae_mito_SerGCT_modomics	83	73
Saccharomyces_cerevisiae_mito_SerGCT_modomics	84	74
Saccharomyces_cerevisiae_mito_SerGCT_modomics	85	75
Saccharomyces_cerevisiae_mito_SerGCT_modomics	86	76
Saccharomyces_cerevisiae_mito_SerTGA_modomics	1	1
Saccharomyces_cerevisiae_mito_SerTGA_modomics	2	2
Saccharomyces_cerevisiae_mito_SerTGA_modomics	3	3
Saccharomyces_cerevisiae_mito_SerTGA_modomics	4	4
Saccharomyces_cerevisiae_mito_SerTGA_modomics	5	5
Saccharomyces_cerevisiae_mito_SerTGA_modomics	6	6
Saccharomyces_cerevisiae_mito_SerTGA_modomics	7	7
Saccharomyces_cerevisiae_mito_SerTGA_modomics	8	8
Saccharomyces_cerevisiae_mito_SerTGA_modomics	9	9
Saccharomyces_cerevisiae_mito_SerTGA_modomics	10	10
Saccharomyces_cerevisiae_mito_SerTGA_modomics	11	11
Saccharomyces_cerevisiae_mito_SerTGA_modomics	12	12
Saccharomyces_cerevisiae_mito_SerTGA_modomics	13	13
Saccharomyces_cerevisiae_mito_SerTGA_modomics	14	14
Saccharomyces_cerevisiae_mito_SerTGA_modomics	15	15
Saccharomyces_cerevisiae_mito_SerTGA_modomics	16	16
Saccharomyces_cerevisiae_mito_SerTGA_modomics	17	18
Saccharomyces_cerevisiae_mito_SerTGA_modomics	18	19
Saccharomyces_cerevisiae_mito_SerTGA_modomics	19	20
Saccharomyces_cerevisiae_mito_SerTGA_modomics	20	20a
Saccharomyces_cerevisiae_mito_SerTGA_modomics	21	20b
Saccharomyces_cerevisiae_mito_SerTGA_modomics	22	21
Saccharomyces_cerevisiae_mito_SerTGA_modomics	23	22
Saccharomyces_cerevisiae_mito_SerTGA_modomics	24	23
Saccharomyces_cerevisiae_mito_SerTGA_modomics	25	24
Saccharomyces_cerevisiae_mito_SerTGA_modomics	26	25
Saccharomyces_cerevisiae_mito_SerTGA_modomics	27	26
Saccharomyces_cerevisiae_mito_SerTGA_modomics	28	27
Saccharomyces_cerevisiae_mito_SerTGA_modomics	29	28
Saccharomyces_cerevisiae_mito_SerTGA_modomics	30	29
Saccharomyces_cerevisiae_mito_SerTGA_modomics	31	30
Saccharomyces_cerevisiae_mito_SerTGA_modomics	32	31
Saccharomyces_cerevisiae_mito_SerTGA_modomics	33	32
Saccharomyces_cerevisiae_mito_SerTGA_modomics	34	33
Saccharomyces_cerevisiae_mito_SerTGA_modomics	35	34
Saccharomyces_cerevisiae_mito_SerTGA_modomics	36	35
Saccharomyces_cerevisiae_mito_SerTGA_modomics	37	36
Saccharomyces_cerevisiae_mito_SerTGA_modomics	38	37
Saccharomyces_cerevisiae_mito_SerTGA_modomics	39	38
Saccharomyces_cerevisiae_mito_SerTGA_modomics	40	39
Saccharomyces_cerevisiae_mito_SerTGA_modomics	41	40
Saccharomyces_cerevisiae_mito_SerTGA_modomics	42	41
Saccharomyces_cerevisiae_mito_SerTGA_modomics	43	42
Saccharomyces_cerevisiae_mito_SerTGA_modomics	44	43
Saccharomyces_cerevisiae_mito_SerTGA_modomics	45	44
Saccharomyces_cerevisiae_mito_SerTGA_modomics	46	45
Saccharomyces_cerevisiae_mito_SerTGA_modomics	47	V11
Saccharomyces_cerevisiae_mito_SerTGA_modomics	48	V12
Saccharomyces_cerevisiae_mito_SerTGA_modomics	49	V13
Saccharomyces_cerevisiae_mito_SerTGA_modomics	50	V14
Saccharomyces_cerevisiae_mito_SerTGA_modomics	51	V15
Saccharomyces_cerevisiae_mito_SerTGA_modomics	52	V16
Saccharomyces_cerevisiae_mito_SerTGA_modomics	53	V26
Saccharomyces_cerevisiae_mito_SerTGA_modomics	54	V25
Saccharomyces_cerevisiae_mito_SerTGA_modomics	55	V25i1
Saccharomyces_cerevisiae_mito_SerTGA_modomics	56	V25i2
Saccharomyces_cerevisiae_mito_SerTGA_modomics	57	V24
Saccharomyces_cerevisiae_mito_SerTGA_modomics	58	V23
Saccharomyces_cerevisiae_mito_SerTGA_modomics	59	V22
Saccharomyces_cerevisiae_mito_SerTGA_modomics	60	V21
Saccharomyces_cerevisiae_mito_SerTGA_modomics	61	46
Saccharomyces_cerevisiae_mito_SerTGA_modomics	62	48
Saccharomyces_cerevisiae_mito_SerTGA_modomics	63	49
Saccharomyces_cerevisiae_mito_SerTGA_modomics	64	50
Saccharomyces_cerevisiae_mito_SerTGA_modomics	65	51
Saccharomyces_cerevisiae_mito_SerTGA_modomics	66	52
Saccharomyces_cerevisiae_mito_SerTGA_modomics	67	53
Saccharomyces_cerevisiae_mito_SerTGA_modomics	68	54
Saccharomyces_cerevisiae_mito_SerTGA_modomics	69	55
Saccharomyces_cerevisiae_mito_SerTGA_modomics	70	56
Saccharomyces_cerevisiae_mito_SerTGA_modomics	71	57
Saccharomyces_cerevisiae_mito_SerTGA_modomics	72	58
Saccharomyces_cerevisiae_mito_SerTGA_modomics	73	59
Saccharomyces_cerevisiae_mito_SerTGA_modomics	74	60
Saccharomyces_cerevisiae_mito_SerTGA_modomics	75	61
Saccharomyces_cerevisiae_mito_SerTGA_modomics	76	62
Saccharomyces_cerevisiae_mito_SerTGA_modomics	77	63
Saccharomyces_cerevisiae_mito_SerTGA_modomics	78	64
Saccharomyces_cerevisiae_mito_SerTGA_modomics	79	65
Saccharomyces_cerevisiae_mito_SerTGA_modomics	80	66
Saccharomyces_cerevisiae_mito_SerTGA_modomics	81	67
Saccharomyces_cerevisiae_mito_SerTGA_modomics	82	68
Saccharomyces_cerevisiae_mito_SerTGA_modomics	83	69
Saccharomyces_cerevisiae_mito_SerTGA_modomics	84	70
Saccharomyces_cerevisiae_mito_SerTGA_modomics	85	71
Saccharomyces_cerevisiae_mito_SerTGA_modomics	86	72
Saccharomyces_cerevisiae_mito_SerTGA_modomics	87	73
Saccharomyces_cerevisiae_mito_SerTGA_modomics	88	74
Saccharomyces_cerevisiae_mito_SerTGA_modomics	89	75
Saccharomyces_cerevisiae_mito_SerTGA_modomics	90	76
Saccharomyces_cerevisiae_mito_ThrTAG_modomics	1	1
Saccharomyces_cerevisiae_mito_ThrTAG_modomics	2	2
Saccharomyces_cerevisiae_mito_ThrTAG_modomics	3	3
Saccharomyces_cerevisiae_mito_ThrTAG_modomics	4	4
Saccharomyces_cerevisiae_mito_ThrTAG_modomics	5	5
Saccharomyces_cerevisiae_mito_ThrTAG_modomics	6	6
Saccharomyces_cerevisiae_mito_ThrTAG_modomics	7	7
Saccharomyces_cerevisiae_mito_ThrTAG_modomics	8	8
Saccharomyces_cerevisiae_mito_ThrTAG_modomics	9	9
Saccharomyces_cerevisiae_mito_ThrTAG_modomics	10	10
Saccharomyces_cerevisiae_mito_ThrTAG_modomics	11	11
Saccharomyces_cerevisiae_mito_ThrTAG_modomics	12	12
Saccharomyces_cerevisiae_mito_ThrTAG_modomics	13	13
Saccharomyces_cerevisiae_mito_ThrTAG_modomics	14	14
Saccharomyces_cerevisiae_mito_ThrTAG_modomics	15	15
Saccharomyces_cerevisiae_mito_ThrTAG_modomics	16	16
Saccharomyces_cerevisiae_mito_ThrTAG_modomics	17	18
Saccharomyces_cerevisiae_mito_ThrTAG_modomics	18	19
Saccharomyces_cerevisiae_mito_ThrTAG_modomics	19	20
Saccharomyces_cerevisiae_mito_ThrTAG_modomics	20	21
Saccharomyces_cerevisiae_mito_ThrTAG_modomics	21	22
Saccharomyces_cerevisiae_mito_ThrTAG_modomics	22	23
Saccharomyces_cerevisiae_mito_ThrTAG_modomics	23	24
Saccharomyces_cerevisiae_mito_ThrTAG_modomics	24	25
Saccharomyces_cerevisiae_mito_ThrTAG_modomics	25	26
Saccharomyces_cerevisiae_mito_ThrTAG_modomics	26	27
Saccharomyces_cerevisiae_mito_ThrTAG_modomics	27	28
Saccharomyces_cerevisiae_mito_ThrTAG_modomics	28	29
Saccharomyces_cerevisiae_mito_ThrTAG_modomics	29	30
Saccharomyces_cerevisiae_mito_ThrTAG_modomics	30	31
Saccharomyces_cerevisiae_mito_ThrTAG_modomics	31	32
Saccharomyces_cerevisiae_mito_ThrTAG_modomics	32	33
Saccharomyces_cerevisiae_mito_ThrTAG_modomics	33	34
Saccharomyces_cerevisiae_mito_ThrTAG_modomics	34	35
Saccharomyces_cerevisiae_mito_ThrTAG_modomics	35	36
Saccharomyces_cerevisiae_mito_ThrTAG_modomics	36	37
Saccharomyces_cerevisiae_mito_ThrTAG_modomics	37	37i1
Saccharomyces_cerevisiae_mito_ThrTAG_modomics	38	38
Saccharomyces_cerevisiae_mito_ThrTAG_modomics	39	39
Saccharomyces_cerevisiae_mito_ThrTAG_modomics	40	40
Saccharomyces_cerevisiae_mito_ThrTAG_modomics	41	41
Saccharomyces_cerevisiae_mito_ThrTAG_modomics	42	42
Saccharomyces_cerevisiae_mito_ThrTAG_modomics	43	43
Saccharomyces_cerevisiae_mito_ThrTAG_modomics	44	44
Saccharomyces_cerevisiae_mito_ThrTAG_modomics	45	45
Saccharomyces_cerevisiae_mito_ThrTAG_modomics	46	46
Saccharomyces_cerevisiae_mito_ThrTAG_modomics	47	48
Saccharomyces_cerevisiae_mito_ThrTAG_modomics	48	49
Saccharomyces_cerevisiae_mito_ThrTAG_modomics	49	50
Saccharomyces_cerevisiae_mito_ThrTAG_modomics	50	51
Saccharomyces_cerevisiae_mito_ThrTAG_modomics	51	52
Saccharomyces_cerevisiae_mito_ThrTAG_modomics	52	53
Saccharomyces_cerevisiae_mito_ThrTAG_modomics	53	54
Saccharomyces_cerevisiae_mito_ThrTAG_modomics	54	55
Saccharomyces_cerevisiae_mito_ThrTAG_modomics	55	56
Saccharomyces_cerevisiae_mito_ThrTAG_modomics	56	57
Saccharomyces_cerevisiae_mito_ThrTAG_modomics	57	58
Saccharomyces_cerevisiae_mito_ThrTAG_modomics	58	59
Saccharomyces_cerevisiae_mito_ThrTAG_modomics	59	60
Saccharomyces_cerevisiae_mito_ThrTAG_modomics	60	61
Saccharomyces_cerevisiae_mito_ThrTAG_modomics	61	62
Saccharomyces_cerevisiae_mito_ThrTAG_modomics	62	63
Saccharomyces_cerevisiae_mito_ThrTAG_modomics	63	64
Saccharomyces_cerevisiae_mito_ThrTAG_modomics	64	65
Saccharomyces_cerevisiae_mito_ThrTAG_modomics	65	66
Saccharomyces_cerevisiae_mito_ThrTAG_modomics	66	67
Saccharomyces_cerevisiae_mito_ThrTAG_modomics	67	68
Saccharomyces_cerevisiae_mito_ThrTAG_modomics	68	69
Saccharomyces_cerevisiae_mito_ThrTAG_modomics	69	70
Saccharomyces_cerevisiae_mito_ThrTAG_modomics	70	71
Saccharomyces_cerevisiae_mito_ThrTAG_modomics	71	72
Saccharomyces_cerevisiae_mito_ThrTAG_modomics	72	73
Saccharomyces_cerevisiae_mito_ThrTAG_modomics	73	74
Saccharomyces_cerevisiae_mito_ThrTAG_modomics	74	75
Saccharomyces_cerevisiae_mito_ThrTAG_modomics	75	76
Saccharomyces_cerevisiae_mito_ThrTGT_tRNAscan	1	1
Saccharomyces_cerevisiae_mito_ThrTGT_tRNAscan	2	2
Saccharomyces_cerevisiae_mito_ThrTGT_tRNAscan	3	3
Saccharomyces_cerevisiae_mito_ThrTGT_tRNAscan	4	4
Saccharomyces_cerevisiae_mito_ThrTGT_tRNAscan	5	5
Saccharomyces_cerevisiae_mito_ThrTGT_tRNAscan	6	6
Saccharomyces_cerevisiae_mito_ThrTGT_tRNAscan	7	7
Saccharomyces_cerevisiae_mito_ThrTGT_tRNAscan	8	8
Saccharomyces_cerevisiae_mito_ThrTGT_tRNAscan	9	9
Saccharomyces_cerevisiae_mito_ThrTGT_tRNAscan	10	10
Saccharomyces_cerevisiae_mito_ThrTGT_tRNAscan	11	11
Saccharomyces_cerevisiae_mito_ThrTGT_tRNAscan	12	12
Saccharomyces_cerevisiae_mito_ThrTGT_tRNAscan	13	13
Saccharomyces_cerevisiae_mito_ThrTGT_tRNAscan	14	14
Saccharomyces_cerevisiae_mito_ThrTGT_tRNAscan	15	15
Saccharomyces_cerevisiae_mito_ThrTGT_tRNAscan	16	16
Saccharomyces_cerevisiae_mito_ThrTGT_tRNAscan	17	17
Saccharomyces_cerevisiae_mito_ThrTGT_tRNAscan	18	18
Saccharomyces_cerevisiae_mito_ThrTGT_tRNAscan	19	19
Saccharomyces_cerevisiae_mito_ThrTGT_tRNAscan	20	20
Saccharomyces_cerevisiae_mito_ThrTGT_tRNAscan	21	21
Saccharomyces_cerevisiae_mito_ThrTGT_tRNAscan	22	22
Saccharomyces_cerevisiae_mito_ThrTGT_tRNAscan	23	23
Saccharomyces_cerevisiae_mito_ThrTGT_tRNAscan	24	24
Saccharomyces_cerevisiae_mito_ThrTGT_tRNAscan	25	25
Saccharomyces_cerevisiae_mito_ThrTGT_tRNAscan	26	26
Saccharomyces_cerevisiae_mito_ThrTGT_tRNAscan	27	27
Saccharomyces_cerevisiae_mito_ThrTGT_tRNAscan	28	28
Saccharomyces_cerevisiae_mito_ThrTGT_tRNAscan	29	29
Saccharomyces_cerevisiae_mito_ThrTGT_tRNAscan	30	30
Saccharomyces_cerevisiae_mito_ThrTGT_tRNAscan	31	31
Saccharomyces_cerevisiae_mito_ThrTGT_tRNAscan	32	32
Saccharomyces_cerevisiae_mito_ThrTGT_tRNAscan	33	33
Saccharomyces_cerevisiae_mito_ThrTGT_tRNAscan	34	34
Saccharomyces_cerevisiae_mito_ThrTGT_tRNAscan	35	35
Saccharomyces_cerevisiae_mito_ThrTGT_tRNAscan	36	36
Saccharomyces_cerevisiae_mito_ThrTGT_tRNAscan	37	37
Saccharomyces_cerevisiae_mito_ThrTGT_tRNAscan	38	38
Saccharomyces_cerevisiae_mito_ThrTGT_tRNAscan	39	39
Saccharomyces_cerevisiae_mito_ThrTGT_tRNAscan	40	40
Saccharomyces_cerevisiae_mito_ThrTGT_tRNAscan	41	41
Saccharomyces_cerevisiae_mito_ThrTGT_tRNAscan	42	42
Saccharomyces_cerevisiae_mito_ThrTGT_tRNAscan	43	43
Saccharomyces_cerevisiae_mito_ThrTGT_tRNAscan	44	44
Saccharomyces_cerevisiae_mito_ThrTGT_tRNAscan	45	45
Saccharomyces_cerevisiae_mito_ThrTGT_tRNAscan	46	46
Saccharomyces_cerevisiae_mito_ThrTGT_tRNAscan	47	47
Saccharomyces_cerevisiae_mito_ThrTGT_tRNAscan	48	48
Saccharomyces_cerevisiae_mito_ThrTGT_tRNAscan	49	49
Saccharomyces_cerevisiae_mito_ThrTGT_tRNAscan	50	50
Saccharomyces_cerevisiae_mito_ThrTGT_tRNAscan	51	51
Saccharomyces_cerevisiae_mito_ThrTGT_tRNAscan	52	52
Saccharomyces_cerevisiae_mito_ThrTGT_tRNAscan	53	53
Saccharomyces_cerevisiae_mito_ThrTGT_tRNAscan	54	54
Saccharomyces_cerevisiae_mito_ThrTGT_tRNAscan	55	55
Saccharomyces_cerevisiae_mito_ThrTGT_tRNAscan	56	56
Saccharomyces_cerevisiae_mito_ThrTGT_tRNAscan	57	57
Saccharomyces_cerevisiae_mito_ThrTGT_tRNAscan	58	58
Saccharomyces_cerevisiae_mito_ThrTGT_tRNAscan	59	59
Saccharomyces_cerevisiae_mito_ThrTGT_tRNAscan	60	60
Saccharomyces_cerevisiae_mito_ThrTGT_tRNAscan	61	61
Saccharomyces_cerevisiae_mito_ThrTGT_tRNAscan	62	62
Saccharomyces_cerevisiae_mito_ThrTGT_tRNAscan	63	63
Saccharomyces_cerevisiae_mito_ThrTGT_tRNAscan	64	64
Saccharomyces_cerevisiae_mito_ThrTGT_tRNAscan	65	65
Saccharomyces_cerevisiae_mito_ThrTGT_tRNAscan	66	66
Saccharomyces_cerevisiae_mito_ThrTGT_tRNAscan	67	67
Saccharomyces_cerevisiae_mito_ThrTGT_tRNAscan	68	68
Saccharomyces_cerevisiae_mito_ThrTGT_tRNAscan	69	69
Saccharomyces_cerevisiae_mito_ThrTGT_tRNAscan	70	70
Saccharomyces_cerevisiae_mito_ThrTGT_tRNAscan	71	71
Saccharomyces_cerevisiae_mito_ThrTGT_tRNAscan	72	72
Saccharomyces_cerevisiae_mito_ThrTGT_tRNAscan	73	73
Saccharomyces_cerevisiae_mito_ThrTGT_tRNAscan	74	74
Saccharomyces_cerevisiae_mito_ThrTGT_tRNAscan	75	75
Saccharomyces_cerevisiae_mito_ThrTGT_tRNAscan	76	76
Saccharomyces_cerevisiae_mito_TrpTCA_modomics	1	1
Saccharomyces_cerevisiae_mito_TrpTCA_modomics	2	2
Saccharomyces_cerevisiae_mito_TrpTCA_modomics	3	3
Saccharomyces_cerevisiae_mito_TrpTCA_modomics	4	4
Saccharomyces_cerevisiae_mito_TrpTCA_modomics	5	5
Saccharomyces_cerevisiae_mito_TrpTCA_modomics	6	6
Saccharomyces_cerevisiae_mito_TrpTCA_modomics	7	7
Saccharomyces_cerevisiae_mito_TrpTCA_modomics	8	8
Saccharomyces_cerevisiae_mito_TrpTCA_modomics	9	9
Saccharomyces_cerevisiae_mito_TrpTCA_modomics	10	10
Saccharomyces_cerevisiae_mito_TrpTCA_modomics	11	11
Saccharomyces_cerevisiae_mito_TrpTCA_modomics	12	12
Saccharomyces_cerevisiae_mito_TrpTCA_modomics	13	13
Saccharomyces_cerevisiae_mito_TrpTCA_modomics	14	14
Saccharomyces_cerevisiae_mito_TrpTCA_modomics	15	15
Saccharomyces_cerevisiae_mito_TrpTCA_modomics	16	16
Saccharomyces_cerevisiae_mito_TrpTCA_modomics	17	18
Saccharomyces_cerevisiae_mito_TrpTCA_modomics	18	19
Saccharomyces_cerevisiae_mito_TrpTCA_modomics	19	20
Saccharomyces_cerevisiae_mito_TrpTCA_modomics	20	21
Saccharomyces_cerevisiae_mito_TrpTCA_modomics	21	22
Saccharomyces_cerevisiae_mito_TrpTCA_modomics	22	23
Saccharomyces_cerevisiae_mito_TrpTCA_modomics	23	24
Saccharomyces_cerevisiae_mito_TrpTCA_modomics	24	25
Saccharomyces_cerevisiae_mito_TrpTCA_modomics	25	26
Saccharomyces_cerevisiae_mito_TrpTCA_modomics	26	27
Saccharomyces_cerevisiae_mito_TrpTCA_modomics	27	28
Saccharomyces_cerevisiae_mito_TrpTCA_modomics	28	29
Saccharomyces_cerevisiae_mito_TrpTCA_modomics	29	30
Saccharomyces_cerevisiae_mito_TrpTCA_modomics	30	31
Saccharomyces_cerevisiae_mito_TrpTCA_modomics	31	32
Saccharomyces_cerevisiae_mito_TrpTCA_modomics	32	33
Saccharomyces_cerevisiae_mito_TrpTCA_modomics	33	34
Saccharomyces_cerevisiae_mito_TrpTCA_modomics	34	35
Saccharomyces_cerevisiae_mito_TrpTCA_modomics	35	36
Saccharomyces_cerevisiae_mito_TrpTCA_modomics	36	37
Saccharomyces_cerevisiae_mito_TrpTCA_modomics	37	38
Saccharomyces_cerevisiae_mito_TrpTCA_modomics	38	39
Saccharomyces_cerevisiae_mito_TrpTCA_modomics	39	40
Saccharomyces_cerevisiae_mito_TrpTCA_modomics	40	41
Saccharomyces_cerevisiae_mito_TrpTCA_modomics	41	42
Saccharomyces_cerevisiae_mito_TrpTCA_modomics	42	43
Saccharomyces_cerevisiae_mito_TrpTCA_modomics	43	44
Saccharomyces_cerevisiae_mito_TrpTCA_modomics	44	46
Saccharomyces_cerevisiae_mito_TrpTCA_modomics	45	47
Saccharomyces_cerevisiae_mito_TrpTCA_modomics	46	48
Saccharomyces_cerevisiae_mito_TrpTCA_modomics	47	49
Saccharomyces_cerevisiae_mito_TrpTCA_modomics	48	50
Saccharomyces_cerevisiae_mito_TrpTCA_modomics	49	51
Saccharomyces_cerevisiae_mito_TrpTCA_modomics	50	52
Saccharomyces_cerevisiae_mito_TrpTCA_modomics	51	53
Saccharomyces_cerevisiae_mito_TrpTCA_modomics	52	54
Saccharomyces_cerevisiae_mito_TrpTCA_modomics	53	55
Saccharomyces_cerevisiae_mito_TrpTCA_modomics	54	56
Saccharomyces_cerevisiae_mito_TrpTCA_modomics	55	57
Saccharomyces_cerevisiae_mito_TrpTCA_modomics	56	58
Saccharomyces_cerevisiae_mito_TrpTCA_modomics	57	59
Saccharomyces_cerevisiae_mito_TrpTCA_modomics	58	60
Saccharomyces_cerevisiae_mito_TrpTCA_modomics	59	61
Saccharomyces_cerevisiae_mito_TrpTCA_modomics	60	62
Saccharomyces_cerevisiae_mito_TrpTCA_modomics	61	63
Saccharomyces_cerevisiae_mito_TrpTCA_modomics	62	64
Saccharomyces_cerevisiae_mito_TrpTCA_modomics	63	65
Saccharomyces_cerevisiae_mito_TrpTCA_modomics	64	66
Saccharomyces_cerevisiae_mito_TrpTCA_modomics	65	67
Saccharomyces_cerevisiae_mito_TrpTCA_modomics	66	68
Saccharomyces_cerevisiae_mito_TrpTCA_modomics	67	69
Saccharomyces_cerevisiae_mito_TrpTCA_modomics	68	70
Saccharomyces_cerevisiae_mito_TrpTCA_modomics	69	71
Saccharomyces_cerevisiae_mito_TrpTCA_modomics	70	72
Saccharomyces_cerevisiae_mito_TrpTCA_modomics	71	73
Saccharomyces_cerevisiae_mito_TrpTCA_modomics	72	74
Saccharomyces_cerevisiae_mito_TrpTCA_modomics	73	75
Saccharomyces_cerevisiae_mito_TrpTCA_modomics	74	76
Saccharomyces_cerevisiae_mito_TyrGTA_modomics	1	1
Saccharomyces_cerevisiae_mito_TyrGTA_modomics	2	2
Saccharomyces_cerevisiae_mito_TyrGTA_modomics	3	3
Saccharomyces_cerevisiae_mito_TyrGTA_modomics	4	4
Saccharomyces_cerevisiae_mito_TyrGTA_modomics	5	5
Saccharomyces_cerevisiae_mito_TyrGTA_modomics	6	6
Saccharomyces_cerevisiae_mito_TyrGTA_modomics	7	7
Saccharomyces_cerevisiae_mito_TyrGTA_modomics	8	8
Saccharomyces_cerevisiae_mito_TyrGTA_modomics	9	9
Saccharomyces_cerevisiae_mito_TyrGTA_modomics	10	10
Saccharomyces_cerevisiae_mito_TyrGTA_modomics	11	11
Saccharomyces_cerevisiae_mito_TyrGTA_modomics	12	12
Saccharomyces_cerevisiae_mito_TyrGTA_modomics	13	13
Saccharomyces_cerevisiae_mito_TyrGTA_modomics	14	14
Saccharomyces_cerevisiae_mito_TyrGTA_modomics	15	14i1
Saccharomyces_cerevisiae_mito_TyrGTA_modomics	16	15
Saccharomyces_cerevisiae_mito_TyrGTA_modomics	17	16
Saccharomyces_cerevisiae_mito_TyrGTA_modomics	18	17
Saccharomyces_cerevisiae_mito_TyrGTA_modomics	19	18
Saccharomyces_cerevisiae_mito_TyrGTA_modomics	20	19
Saccharomyces_cerevisiae_mito_TyrGTA_modomics	21	20
Saccharomyces_cerevisiae_mito_TyrGTA_modomics	22	20ai1
Saccharomyces_cerevisiae_mito_TyrGTA_modomics	23	20b
Saccharomyces_cerevisiae_mito_TyrGTA_modomics	24	21
Saccharomyces_cerevisiae_mito_TyrGTA_modomics	25	22
Saccharomyces_cerevisiae_mito_TyrGTA_modomics	26	23
Saccharomyces_cerevisiae_mito_TyrGTA_modomics	27	24
Saccharomyces_cerevisiae_mito_TyrGTA_modomics	28	25
Saccharomyces_cerevisiae_mito_TyrGTA_modomics	29	26
Saccharomyces_cerevisiae_mito_TyrGTA_modomics	30	27
Saccharomyces_cerevisiae_mito_TyrGTA_modomics	31	28
Saccharomyces_cerevisiae_mito_TyrGTA_modomics	32	29
Saccharomyces_cerevisiae_mito_TyrGTA_modomics	33	30
Saccharomyces_cerevisiae_mito_TyrGTA_modomics	34	31
Saccharomyces_cerevisiae_mito_TyrGTA_modomics	35	32
Saccharomyces_cerevisiae_mito_TyrGTA_modomics	36	33
Saccharomyces_cerevisiae_mito_TyrGTA_modomics	37	34
Saccharomyces_cerevisiae_mito_TyrGTA_modomics	38	35
Saccharomyces_cerevisiae_mito_TyrGTA_modomics	39	36
Saccharomyces_cerevisiae_mito_TyrGTA_modomics	40	37
Saccharomyces_cerevisiae_mito_TyrGTA_modomics	41	38
Saccharomyces_cerevisiae_mito_TyrGTA_modomics	42	39
Saccharomyces_cerevisiae_mito_TyrGTA_modomics	43	40
Saccharomyces_cerevisiae_mito_TyrGTA_modomics	44	41
Saccharomyces_cerevisiae_mito_TyrGTA_modomics	45	42
Saccharomyces_cerevisiae_mito_TyrGTA_modomics	46	43
Saccharomyces_cerevisiae_mito_TyrGTA_modomics	47	44
Saccharomyces_cerevisiae_mito_TyrGTA_modomics	48	V11
Saccharomyces_cerevisiae_mito_TyrGTA_modomics	49	V12
Saccharomyces_cerevisiae_mito_TyrGTA_modomics	50	V13
Saccharomyces_cerevisiae_mito_TyrGTA_modomics	51	V14
Saccharomyces_cerevisiae_mito_TyrGTA_modomics	52	V15
Saccharomyces_cerevisiae_mito_TyrGTA_modomics	53	V25
Saccharomyces_cerevisiae_mito_TyrGTA_modomics	54	V24
Saccharomyces_cerevisiae_mito_TyrGTA_modomics	55	V23
Saccharomyces_cerevisiae_mito_TyrGTA_modomics	56	V22
Saccharomyces_cerevisiae_mito_TyrGTA_modomics	57	V21
Saccharomyces_cerevisiae_mito_TyrGTA_modomics	58	46
Saccharomyces_cerevisiae_mito_TyrGTA_modomics	59	47
Saccharomyces_cerevisiae_mito_TyrGTA_modomics	60	48
Saccharomyces_cerevisiae_mito_TyrGTA_modomics	61	49
Saccharomyces_cerevisiae_mito_TyrGTA_modomics	62	50
Saccharomyces_cerevisiae_mito_TyrGTA_modomics	63	51
Saccharomyces_cerevisiae_mito_TyrGTA_modomics	64	52
Saccharomyces_cerevisiae_mito_TyrGTA_modomics	65	53
Saccharomyces_cerevisiae_mito_TyrGTA_modomics	66	54
Saccharomyces_cerevisiae_mito_TyrGTA_modomics	67	55
Saccharomyces_cerevisiae_mito_TyrGTA_modomics	68	56
Saccharomyces_cerevisiae_mito_TyrGTA_modomics	69	57
Saccharomyces_cerevisiae_mito_TyrGTA_modomics	70	58
Saccharomyces_cerevisiae_mito_TyrGTA_modomics	71	59
Saccharomyces_cerevisiae_mito_TyrGTA_modomics	72	60
Saccharomyces_cerevisiae_mito_TyrGTA_modomics	73	61
Saccharomyces_cerevisiae_mito_TyrGTA_modomics	74	62
Saccharomyces_cerevisiae_mito_TyrGTA_modomics	75	63
Saccharomyces_cerevisiae_mito_TyrGTA_modomics	76	64
Saccharomyces_cerevisiae_mito_TyrGTA_modomics	77	65
Saccharomyces_cerevisiae_mito_TyrGTA_modomics	78	66
Saccharomyces_cerevisiae_mito_TyrGTA_modomics	79	67
Saccharomyces_cerevisiae_mito_TyrGTA_modomics	80	68
Saccharomyces_cerevisiae_mito_TyrGTA_modomics	81	69
Saccharomyces_cerevisiae_mito_TyrGTA_modomics	82	70
Saccharomyces_cerevisiae_mito_TyrGTA_modomics	83	71
Saccharomyces_cerevisiae_mito_TyrGTA_modomics	84	72
Saccharomyces_cerevisiae_mito_TyrGTA_modomics	85	73
Saccharomyces_cerevisiae_mito_TyrGTA_modomics	86	74
Saccharomyces_cerevisiae_mito_TyrGTA_modomics	87	75
Saccharomyces_cerevisiae_mito_TyrGTA_modomics	88	76
Saccharomyces_cerevisiae_mito_ValTAC_tRNAscan	1	1
Saccharomyces_cerevisiae_mito_ValTAC_tRNAscan	2	2
Saccharomyces_cerevisiae_mito_ValTAC_tRNAscan	3	3
Saccharomyces_cerevisiae_mito_ValTAC_tRNAscan	4	4
Saccharomyces_cerevisiae_mito_ValTAC_tRNAscan	5	5
Saccharomyces_cerevisiae_mito_ValTAC_tRNAscan	6	6
Saccharomyces_cerevisiae_mito_ValTAC_tRNAscan	7	7
Saccharomyces_cerevisiae_mito_ValTAC_tRNAscan	8	8
Saccharomyces_cerevisiae_mito_ValTAC_tRNAscan	9	9
Saccharomyces_cerevisiae_mito_ValTAC_tRNAscan	10	10
Saccharomyces_cerevisiae_mito_ValTAC_tRNAscan	11	11
Saccharomyces_cerevisiae_mito_ValTAC_tRNAscan	12	12
Saccharomyces_cerevisiae_mito_ValTAC_tRNAscan	13	13
Saccharomyces_cerevisiae_mito_ValTAC_tRNAscan	14	14
Saccharomyces_cerevisiae_mito_ValTAC_tRNAscan	15	15
Saccharomyces_cerevisiae_mito_ValTAC_tRNAscan	16	16
Saccharomyces_cerevisiae_mito_ValTAC_tRNAscan	17	17
Saccharomyces_cerevisiae_mito_ValTAC_tRNAscan	18	18
Saccharomyces_cerevisiae_mito_ValTAC_tRNAscan	19	19
Saccharomyces_cerevisiae_mito_ValTAC_tRNAscan	20	20
Saccharomyces_cerevisiae_mito_ValTAC_tRNAscan	21	21
Saccharomyces_cerevisiae_mito_ValTAC_tRNAscan	22	22
Saccharomyces_cerevisiae_mito_ValTAC_tRNAscan	23	23
Saccharomyces_cerevisiae_mito_ValTAC_tRNAscan	24	24
Saccharomyces_cerevisiae_mito_ValTAC_tRNAscan	25	25
Saccharomyces_cerevisiae_mito_ValTAC_tRNAscan	26	26
Saccharomyces_cerevisiae_mito_ValTAC_tRNAscan	27	27
Saccharomyces_cerevisiae_mito_ValTAC_tRNAscan	28	28
Saccharomyces_cerevisiae_mito_ValTAC_tRNAscan	29	29
Saccharomyces_cerevisiae_mito_ValTAC_tRNAscan	30	30
Saccharomyces_cerevisiae_mito_ValTAC_tRNAscan	31	31
Saccharomyces_cerevisiae_mito_ValTAC_tRNAscan	32	32
Saccharomyces_cerevisiae_mito_ValTAC_tRNAscan	33	33
Saccharomyces_cerevisiae_mito_ValTAC_tRNAscan	34	34
Saccharomyces_cerevisiae_mito_ValTAC_tRNAscan	35	35
Saccharomyces_cerevisiae_mito_ValTAC_tRNAscan	36	36
Saccharomyces_cerevisiae_mito_ValTAC_tRNAscan	37	37
Saccharomyces_cerevisiae_mito_ValTAC_tRNAscan	38	38
Saccharomyces_cerevisiae_mito_ValTAC_tRNAscan	39	39
Saccharomyces_cerevisiae_mito_ValTAC_tRNAscan	40	40
Saccharomyces_cerevisiae_mito_ValTAC_tRNAscan	41	41
Saccharomyces_cerevisiae_mito_ValTAC_tRNAscan	42	42
Saccharomyces_cerevisiae_mito_ValTAC_tRNAscan	43	43
Saccharomyces_cerevisiae_mito_ValTAC_tRNAscan	44	44
Saccharomyces_cerevisiae_mito_ValTAC_tRNAscan	45	45
Saccharomyces_cerevisiae_mito_ValTAC_tRNAscan	46	46
Saccharomyces_cerevisiae_mito_ValTAC_tRNAscan	47	47
Saccharomyces_cerevisiae_mito_ValTAC_tRNAscan	48	48
Saccharomyces_cerevisiae_mito_ValTAC_tRNAscan	49	49
Saccharomyces_cerevisiae_mito_ValTAC_tRNAscan	50	50
Saccharomyces_cerevisiae_mito_ValTAC_tRNAscan	51	51
Saccharomyces_cerevisiae_mito_ValTAC_tRNAscan	52	52
Saccharomyces_cerevisiae_mito_ValTAC_tRNAscan	53	53
Saccharomyces_cerevisiae_mito_ValTAC_tRNAscan	54	54
Saccharomyces_cerevisiae_mito_ValTAC_tRNAscan	55	55
Saccharomyces_cerevisiae_mito_ValTAC_tRNAscan	56	56
Saccharomyces_cerevisiae_mito_ValTAC_tRNAscan	57	57
Saccharomyces_cerevisiae_mito_ValTAC_tRNAscan	58	58
Saccharomyces_cerevisiae_mito_ValTAC_tRNAscan	59	59
Saccharomyces_cerevisiae_mito_ValTAC_tRNAscan	60	60
Saccharomyces_cerevisiae_mito_ValTAC_tRNAscan	61	61
Saccharomyces_cerevisiae_mito_ValTAC_tRNAscan	62	62
Saccharomyces_cerevisiae_mito_ValTAC_tRNAscan	63	63
Saccharomyces_cerevisiae_mito_ValTAC_tRNAscan	64	64
Saccharomyces_cerevisiae_mito_ValTAC_tRNAscan	65	65
Saccharomyces_cerevisiae_mito_ValTAC_tRNAscan	66	66
Saccharomyces_cerevisiae_mito_ValTAC_tRNAscan	67	67
Saccharomyces_cerevisiae_mito_ValTAC_tRNAscan	68	68
Saccharomyces_cerevisiae_mito_ValTAC_tRNAscan	69	69
Saccharomyces_cerevisiae_mito_ValTAC_tRNAscan	70	70
Saccharomyces_cerevisiae_mito_ValTAC_tRNAscan	71	71
Saccharomyces_cerevisiae_mito_ValTAC_tRNAscan	72	72
Saccharomyces_cerevisiae_mito_ValTAC_tRNAscan	73	73
Saccharomyces_cerevisiae_mito_ValTAC_tRNAscan	74	74
Saccharomyces_cerevisiae_mito_ValTAC_tRNAscan	75	75
Saccharomyces_cerevisiae_mito_ValTAC_tRNAscan	76	76
